{"type": "FeatureCollection", "features": [{"type": "Feature", "geometry": {"type": "Point", "coordinates": [8.37533, 4.21426]}, "properties": {"id": "cer-3008310-0", "class": 1, "date": "2024-09-15", "source": "cerulean-reviewed", "verified": true}}, {"type": "Feature", "geometry": {"type": "Point", "coordinates": [8.35728, 4.21218]}, "properties": {"id": "cer-3008310-1", "class": 1, "date": "2024-09-15", "source": "cerulean-reviewed", "verified": true}}, {"type": "Feature", "geometry": {"type": "Point", "coordinates": [8.17142, 4.12296]}, "properties": {"id": "cer-3012110-0", "class": 1, "date": "2024-09-03", "source": "cerulean-reviewed", "verified": true}}, {"type": "Feature", "geometry": {"type": "Point", "coordinates": [8.18359, 4.12302]}, "properties": {"id": "cer-3012110-1", "class": 1, "date": "2024-09-03", "source": "cerulean-reviewed", "verified": true}}, {"type": "Feature", "geometry": {"type": "Point", "coordinates": [8.35713, 4.22044]}, "properties": {"id": "cer-3012112-0", "class": 1, "date": "2024-09-03", "source": "cerulean-reviewed", "verified": true}}, {"type": "Feature", "geometry": {"type": "Point", "coordinates": [8.35599, 4.21925]}, "properties": {"id": "cer-3012112-1", "class": 1, "date": "2024-09-03", "source": "cerulean-reviewed", "verified": true}}, {"type": "Feature", "geometry": {"type": "Point", "coordinates": [6.33425, 3.9897]}, "properties": {"id": "cer-3013301-0", "class": 1, "date": "2024-09-01", "source": "cerulean-reviewed", "verified": true}}, {"type": "Feature", "geometry": {"type": "Point", "coordinates": [6.38505, 4.0492]}, "properties": {"id": "cer-3013301-1", "class": 1, "date": "2024-09-01", "source": "cerulean-reviewed", "verified": true}}, {"type": "Feature", "geometry": {"type": "Point", "coordinates": [5.0554, 5.73655]}, "properties": {"id": "cer-3013545-0", "class": 1, "date": "2024-09-01", "source": "cerulean-reviewed", "verified": true}}, {"type": "Feature", "geometry": {"type": "Point", "coordinates": [5.04508, 5.7282]}, "properties": {"id": "cer-3013545-1", "class": 1, "date": "2024-09-01", "source": "cerulean-reviewed", "verified": true}}, {"type": "Feature", "geometry": {"type": "Point", "coordinates": [8.18378, 4.11095]}, "properties": {"id": "cer-3018899-0", "class": 1, "date": "2024-08-27", "source": "cerulean-reviewed", "verified": true}}, {"type": "Feature", "geometry": {"type": "Point", "coordinates": [8.24278, 4.19501]}, "properties": {"id": "cer-3018903-0", "class": 1, "date": "2024-08-27", "source": "cerulean-reviewed", "verified": true}}, {"type": "Feature", "geometry": {"type": "Point", "coordinates": [8.23349, 4.20521]}, "properties": {"id": "cer-3018903-1", "class": 1, "date": "2024-08-27", "source": "cerulean-reviewed", "verified": true}}, {"type": "Feature", "geometry": {"type": "Point", "coordinates": [7.38659, 4.24381]}, "properties": {"id": "cer-3030532-0", "class": 1, "date": "2024-08-10", "source": "cerulean-reviewed", "verified": true}}, {"type": "Feature", "geometry": {"type": "Point", "coordinates": [7.39404, 4.2393]}, "properties": {"id": "cer-3030532-1", "class": 1, "date": "2024-08-10", "source": "cerulean-reviewed", "verified": true}}, {"type": "Feature", "geometry": {"type": "Point", "coordinates": [8.22702, 4.19503]}, "properties": {"id": "cer-3030534-0", "class": 1, "date": "2024-08-10", "source": "cerulean-reviewed", "verified": true}}, {"type": "Feature", "geometry": {"type": "Point", "coordinates": [8.23256, 4.19226]}, "properties": {"id": "cer-3030534-1", "class": 1, "date": "2024-08-10", "source": "cerulean-reviewed", "verified": true}}, {"type": "Feature", "geometry": {"type": "Point", "coordinates": [5.83543, 4.32]}, "properties": {"id": "cer-3040183-0", "class": 1, "date": "2024-08-15", "source": "cerulean-reviewed", "verified": true}}, {"type": "Feature", "geometry": {"type": "Point", "coordinates": [5.90726, 4.2852]}, "properties": {"id": "cer-3040183-1", "class": 1, "date": "2024-08-15", "source": "cerulean-reviewed", "verified": true}}, {"type": "Feature", "geometry": {"type": "Point", "coordinates": [8.35814, 4.21973]}, "properties": {"id": "cer-3050330-0", "class": 1, "date": "2024-07-22", "source": "cerulean-reviewed", "verified": true}}, {"type": "Feature", "geometry": {"type": "Point", "coordinates": [8.36043, 4.21661]}, "properties": {"id": "cer-3050330-1", "class": 1, "date": "2024-07-22", "source": "cerulean-reviewed", "verified": true}}, {"type": "Feature", "geometry": {"type": "Point", "coordinates": [8.35127, 4.21286]}, "properties": {"id": "cer-3052581-0", "class": 1, "date": "2024-07-17", "source": "cerulean-reviewed", "verified": true}}, {"type": "Feature", "geometry": {"type": "Point", "coordinates": [7.77454, 3.99799]}, "properties": {"id": "cer-3061732-0", "class": 1, "date": "2024-01-07", "source": "cerulean-reviewed", "verified": true}}, {"type": "Feature", "geometry": {"type": "Point", "coordinates": [8.25036, 4.19641]}, "properties": {"id": "cer-3061734-0", "class": 1, "date": "2024-01-07", "source": "cerulean-reviewed", "verified": true}}, {"type": "Feature", "geometry": {"type": "Point", "coordinates": [8.24205, 4.18782]}, "properties": {"id": "cer-3061734-1", "class": 1, "date": "2024-01-07", "source": "cerulean-reviewed", "verified": true}}, {"type": "Feature", "geometry": {"type": "Point", "coordinates": [5.30154, 4.77041]}, "properties": {"id": "cer-3064627-0", "class": 1, "date": "2023-12-24", "source": "cerulean-reviewed", "verified": true}}, {"type": "Feature", "geometry": {"type": "Point", "coordinates": [7.92011, 4.47727]}, "properties": {"id": "cer-3071751-0", "class": 1, "date": "2023-11-20", "source": "cerulean-reviewed", "verified": true}}, {"type": "Feature", "geometry": {"type": "Point", "coordinates": [7.90603, 4.47231]}, "properties": {"id": "cer-3071751-1", "class": 1, "date": "2023-11-20", "source": "cerulean-reviewed", "verified": true}}, {"type": "Feature", "geometry": {"type": "Point", "coordinates": [5.35237, 4.84391]}, "properties": {"id": "cer-3080423-0", "class": 1, "date": "2023-10-08", "source": "cerulean-reviewed", "verified": true}}, {"type": "Feature", "geometry": {"type": "Point", "coordinates": [5.36302, 4.85879]}, "properties": {"id": "cer-3080423-1", "class": 1, "date": "2023-10-08", "source": "cerulean-reviewed", "verified": true}}, {"type": "Feature", "geometry": {"type": "Point", "coordinates": [7.85105, 4.43808]}, "properties": {"id": "cer-3087653-0", "class": 1, "date": "2024-06-28", "source": "cerulean-reviewed", "verified": true}}, {"type": "Feature", "geometry": {"type": "Point", "coordinates": [5.87008, 3.96223]}, "properties": {"id": "cer-3089223-0", "class": 1, "date": "2024-01-05", "source": "cerulean-reviewed", "verified": true}}, {"type": "Feature", "geometry": {"type": "Point", "coordinates": [5.86068, 3.96983]}, "properties": {"id": "cer-3089223-1", "class": 1, "date": "2024-01-05", "source": "cerulean-reviewed", "verified": true}}, {"type": "Feature", "geometry": {"type": "Point", "coordinates": [8.20473, 4.13292]}, "properties": {"id": "cer-3109028-0", "class": 1, "date": "2023-07-11", "source": "cerulean-reviewed", "verified": true}}, {"type": "Feature", "geometry": {"type": "Point", "coordinates": [8.18734, 4.11795]}, "properties": {"id": "cer-3109028-1", "class": 1, "date": "2023-07-11", "source": "cerulean-reviewed", "verified": true}}, {"type": "Feature", "geometry": {"type": "Point", "coordinates": [8.19712, 4.08377]}, "properties": {"id": "cer-3115926-0", "class": 1, "date": "2023-06-29", "source": "cerulean-reviewed", "verified": true}}, {"type": "Feature", "geometry": {"type": "Point", "coordinates": [8.18722, 4.09544]}, "properties": {"id": "cer-3115926-1", "class": 1, "date": "2023-06-29", "source": "cerulean-reviewed", "verified": true}}, {"type": "Feature", "geometry": {"type": "Point", "coordinates": [5.32562, 4.8]}, "properties": {"id": "cer-3120950-0", "class": 1, "date": "2023-10-13", "source": "cerulean-reviewed", "verified": true}}, {"type": "Feature", "geometry": {"type": "Point", "coordinates": [5.33738, 4.80009]}, "properties": {"id": "cer-3120950-1", "class": 1, "date": "2023-10-13", "source": "cerulean-reviewed", "verified": true}}, {"type": "Feature", "geometry": {"type": "Point", "coordinates": [7.86787, 4.42503]}, "properties": {"id": "cer-3123299-0", "class": 1, "date": "2023-11-08", "source": "cerulean-reviewed", "verified": true}}, {"type": "Feature", "geometry": {"type": "Point", "coordinates": [7.87645, 4.43053]}, "properties": {"id": "cer-3123299-1", "class": 1, "date": "2023-11-08", "source": "cerulean-reviewed", "verified": true}}, {"type": "Feature", "geometry": {"type": "Point", "coordinates": [8.16902, 4.15043]}, "properties": {"id": "cer-3128685-0", "class": 1, "date": "2023-08-04", "source": "cerulean-reviewed", "verified": true}}, {"type": "Feature", "geometry": {"type": "Point", "coordinates": [8.16308, 4.15301]}, "properties": {"id": "cer-3128685-1", "class": 1, "date": "2023-08-04", "source": "cerulean-reviewed", "verified": true}}, {"type": "Feature", "geometry": {"type": "Point", "coordinates": [6.46646, 3.99453]}, "properties": {"id": "cer-3130962-0", "class": 1, "date": "2023-12-07", "source": "cerulean-reviewed", "verified": true}}, {"type": "Feature", "geometry": {"type": "Point", "coordinates": [6.48553, 3.97513]}, "properties": {"id": "cer-3130962-1", "class": 1, "date": "2023-12-07", "source": "cerulean-reviewed", "verified": true}}, {"type": "Feature", "geometry": {"type": "Point", "coordinates": [7.93591, 4.44912]}, "properties": {"id": "cer-3136422-0", "class": 1, "date": "2023-11-25", "source": "cerulean-reviewed", "verified": true}}, {"type": "Feature", "geometry": {"type": "Point", "coordinates": [7.91369, 4.41646]}, "properties": {"id": "cer-3136422-1", "class": 1, "date": "2023-11-25", "source": "cerulean-reviewed", "verified": true}}, {"type": "Feature", "geometry": {"type": "Point", "coordinates": [8.35127, 4.20531]}, "properties": {"id": "cer-3145598-0", "class": 1, "date": "2023-07-16", "source": "cerulean-reviewed", "verified": true}}, {"type": "Feature", "geometry": {"type": "Point", "coordinates": [8.3407, 4.19592]}, "properties": {"id": "cer-3145598-1", "class": 1, "date": "2023-07-16", "source": "cerulean-reviewed", "verified": true}}, {"type": "Feature", "geometry": {"type": "Point", "coordinates": [8.36025, 4.23077]}, "properties": {"id": "cer-3147537-0", "class": 1, "date": "2023-06-05", "source": "cerulean-reviewed", "verified": true}}, {"type": "Feature", "geometry": {"type": "Point", "coordinates": [8.20267, 4.13189]}, "properties": {"id": "cer-3147539-0", "class": 1, "date": "2023-06-05", "source": "cerulean-reviewed", "verified": true}}, {"type": "Feature", "geometry": {"type": "Point", "coordinates": [8.22884, 4.14428]}, "properties": {"id": "cer-3147539-1", "class": 1, "date": "2023-06-05", "source": "cerulean-reviewed", "verified": true}}, {"type": "Feature", "geometry": {"type": "Point", "coordinates": [5.9206, 3.87165]}, "properties": {"id": "cer-3156377-0", "class": 1, "date": "2024-01-17", "source": "cerulean-reviewed", "verified": true}}, {"type": "Feature", "geometry": {"type": "Point", "coordinates": [7.86787, 4.42332]}, "properties": {"id": "cer-3158334-0", "class": 1, "date": "2023-10-20", "source": "cerulean-reviewed", "verified": true}}, {"type": "Feature", "geometry": {"type": "Point", "coordinates": [7.86231, 4.41757]}, "properties": {"id": "cer-3158334-1", "class": 1, "date": "2023-10-20", "source": "cerulean-reviewed", "verified": true}}, {"type": "Feature", "geometry": {"type": "Point", "coordinates": [8.34515, 4.22184]}, "properties": {"id": "cer-3162747-0", "class": 1, "date": "2023-12-26", "source": "cerulean-reviewed", "verified": true}}, {"type": "Feature", "geometry": {"type": "Point", "coordinates": [8.3461, 4.2267]}, "properties": {"id": "cer-3162747-1", "class": 1, "date": "2023-12-26", "source": "cerulean-reviewed", "verified": true}}, {"type": "Feature", "geometry": {"type": "Point", "coordinates": [8.20885, 4.12228]}, "properties": {"id": "cer-3162750-0", "class": 1, "date": "2023-12-26", "source": "cerulean-reviewed", "verified": true}}, {"type": "Feature", "geometry": {"type": "Point", "coordinates": [8.32625, 4.12702]}, "properties": {"id": "cer-3162750-1", "class": 1, "date": "2023-12-26", "source": "cerulean-reviewed", "verified": true}}, {"type": "Feature", "geometry": {"type": "Point", "coordinates": [4.80686, 5.68577]}, "properties": {"id": "cer-3176457-0", "class": 1, "date": "2024-01-17", "source": "cerulean-reviewed", "verified": true}}, {"type": "Feature", "geometry": {"type": "Point", "coordinates": [4.78424, 5.66745]}, "properties": {"id": "cer-3176457-1", "class": 1, "date": "2024-01-17", "source": "cerulean-reviewed", "verified": true}}, {"type": "Feature", "geometry": {"type": "Point", "coordinates": [5.00937, 4.2932]}, "properties": {"id": "cer-3176463-0", "class": 1, "date": "2024-01-17", "source": "cerulean-reviewed", "verified": true}}, {"type": "Feature", "geometry": {"type": "Point", "coordinates": [5.01198, 4.27545]}, "properties": {"id": "cer-3176463-1", "class": 1, "date": "2024-01-17", "source": "cerulean-reviewed", "verified": true}}, {"type": "Feature", "geometry": {"type": "Point", "coordinates": [8.12433, 4.0563]}, "properties": {"id": "cer-3192338-0", "class": 1, "date": "2023-12-14", "source": "cerulean-reviewed", "verified": true}}, {"type": "Feature", "geometry": {"type": "Point", "coordinates": [8.10701, 4.01351]}, "properties": {"id": "cer-3192338-1", "class": 1, "date": "2023-12-14", "source": "cerulean-reviewed", "verified": true}}, {"type": "Feature", "geometry": {"type": "Point", "coordinates": [5.21576, 5.35961]}, "properties": {"id": "cer-3219314-0", "class": 1, "date": "2024-07-10", "source": "cerulean-reviewed", "verified": true}}, {"type": "Feature", "geometry": {"type": "Point", "coordinates": [5.21619, 5.36162]}, "properties": {"id": "cer-3219314-1", "class": 1, "date": "2024-07-10", "source": "cerulean-reviewed", "verified": true}}, {"type": "Feature", "geometry": {"type": "Point", "coordinates": [7.87411, 4.44088]}, "properties": {"id": "cer-3235344-0", "class": 1, "date": "2023-08-04", "source": "cerulean-reviewed", "verified": true}}, {"type": "Feature", "geometry": {"type": "Point", "coordinates": [7.92315, 4.44529]}, "properties": {"id": "cer-3235347-0", "class": 1, "date": "2023-08-04", "source": "cerulean-reviewed", "verified": true}}, {"type": "Feature", "geometry": {"type": "Point", "coordinates": [7.84831, 4.42135]}, "properties": {"id": "cer-3235347-1", "class": 1, "date": "2023-08-04", "source": "cerulean-reviewed", "verified": true}}, {"type": "Feature", "geometry": {"type": "Point", "coordinates": [7.8772, 4.47041]}, "properties": {"id": "cer-3236664-0", "class": 1, "date": "2023-10-15", "source": "cerulean-reviewed", "verified": true}}, {"type": "Feature", "geometry": {"type": "Point", "coordinates": [7.93881, 4.4919]}, "properties": {"id": "cer-3236664-1", "class": 1, "date": "2023-10-15", "source": "cerulean-reviewed", "verified": true}}, {"type": "Feature", "geometry": {"type": "Point", "coordinates": [6.42457, 3.94509]}, "properties": {"id": "cer-3246595-0", "class": 1, "date": "2023-11-13", "source": "cerulean-reviewed", "verified": true}}, {"type": "Feature", "geometry": {"type": "Point", "coordinates": [6.42491, 3.9705]}, "properties": {"id": "cer-3247212-0", "class": 1, "date": "2023-11-25", "source": "cerulean-reviewed", "verified": true}}, {"type": "Feature", "geometry": {"type": "Point", "coordinates": [5.94529, 4.31863]}, "properties": {"id": "cer-3265181-0", "class": 1, "date": "2024-06-21", "source": "cerulean-reviewed", "verified": true}}, {"type": "Feature", "geometry": {"type": "Point", "coordinates": [5.95214, 4.30624]}, "properties": {"id": "cer-3265181-1", "class": 1, "date": "2024-06-21", "source": "cerulean-reviewed", "verified": true}}, {"type": "Feature", "geometry": {"type": "Point", "coordinates": [5.86939, 3.91691]}, "properties": {"id": "cer-3265186-0", "class": 1, "date": "2024-06-21", "source": "cerulean-reviewed", "verified": true}}, {"type": "Feature", "geometry": {"type": "Point", "coordinates": [5.87577, 3.89684]}, "properties": {"id": "cer-3265186-1", "class": 1, "date": "2024-06-21", "source": "cerulean-reviewed", "verified": true}}, {"type": "Feature", "geometry": {"type": "Point", "coordinates": [8.19028, 4.11504]}, "properties": {"id": "cer-3266459-0", "class": 1, "date": "2023-06-10", "source": "cerulean-reviewed", "verified": true}}, {"type": "Feature", "geometry": {"type": "Point", "coordinates": [8.19352, 4.12048]}, "properties": {"id": "cer-3266459-1", "class": 1, "date": "2023-06-10", "source": "cerulean-reviewed", "verified": true}}, {"type": "Feature", "geometry": {"type": "Point", "coordinates": [5.34619, 4.88099]}, "properties": {"id": "cer-3274186-0", "class": 1, "date": "2024-06-21", "source": "cerulean-reviewed", "verified": true}}, {"type": "Feature", "geometry": {"type": "Point", "coordinates": [5.33811, 4.88275]}, "properties": {"id": "cer-3274186-1", "class": 1, "date": "2024-06-21", "source": "cerulean-reviewed", "verified": true}}, {"type": "Feature", "geometry": {"type": "Point", "coordinates": [5.80313, 4.35911]}, "properties": {"id": "cer-3274190-0", "class": 1, "date": "2024-06-21", "source": "cerulean-reviewed", "verified": true}}, {"type": "Feature", "geometry": {"type": "Point", "coordinates": [5.81779, 4.35734]}, "properties": {"id": "cer-3274190-1", "class": 1, "date": "2024-06-21", "source": "cerulean-reviewed", "verified": true}}, {"type": "Feature", "geometry": {"type": "Point", "coordinates": [8.20129, 4.11816]}, "properties": {"id": "cer-3285482-0", "class": 1, "date": "2024-01-12", "source": "cerulean-reviewed", "verified": true}}, {"type": "Feature", "geometry": {"type": "Point", "coordinates": [8.20369, 4.12825]}, "properties": {"id": "cer-3285482-1", "class": 1, "date": "2024-01-12", "source": "cerulean-reviewed", "verified": true}}, {"type": "Feature", "geometry": {"type": "Point", "coordinates": [5.21879, 5.36883]}, "properties": {"id": "cer-3292614-0", "class": 1, "date": "2024-07-22", "source": "cerulean-reviewed", "verified": true}}, {"type": "Feature", "geometry": {"type": "Point", "coordinates": [5.21122, 5.35032]}, "properties": {"id": "cer-3292614-1", "class": 1, "date": "2024-07-22", "source": "cerulean-reviewed", "verified": true}}, {"type": "Feature", "geometry": {"type": "Point", "coordinates": [5.2329, 5.24903]}, "properties": {"id": "cer-3339238-0", "class": 1, "date": "2024-06-16", "source": "cerulean-reviewed", "verified": true}}, {"type": "Feature", "geometry": {"type": "Point", "coordinates": [5.24539, 5.24494]}, "properties": {"id": "cer-3339238-1", "class": 1, "date": "2024-06-16", "source": "cerulean-reviewed", "verified": true}}, {"type": "Feature", "geometry": {"type": "Point", "coordinates": [6.16328, 4.02815]}, "properties": {"id": "cer-3339555-0", "class": 1, "date": "2024-06-16", "source": "cerulean-reviewed", "verified": true}}, {"type": "Feature", "geometry": {"type": "Point", "coordinates": [8.38738, 4.32415]}, "properties": {"id": "cer-3342647-0", "class": 1, "date": "2024-06-11", "source": "cerulean-reviewed", "verified": true}}, {"type": "Feature", "geometry": {"type": "Point", "coordinates": [5.2216, 5.34657]}, "properties": {"id": "cer-3343490-0", "class": 1, "date": "2024-06-09", "source": "cerulean-reviewed", "verified": true}}, {"type": "Feature", "geometry": {"type": "Point", "coordinates": [5.21481, 5.33563]}, "properties": {"id": "cer-3343490-1", "class": 1, "date": "2024-06-09", "source": "cerulean-reviewed", "verified": true}}, {"type": "Feature", "geometry": {"type": "Point", "coordinates": [4.80446, 5.3112]}, "properties": {"id": "cer-3352967-0", "class": 1, "date": "2024-05-28", "source": "cerulean-reviewed", "verified": true}}, {"type": "Feature", "geometry": {"type": "Point", "coordinates": [4.79836, 5.32703]}, "properties": {"id": "cer-3352967-1", "class": 1, "date": "2024-05-28", "source": "cerulean-reviewed", "verified": true}}, {"type": "Feature", "geometry": {"type": "Point", "coordinates": [5.00427, 5.15636]}, "properties": {"id": "cer-3352968-0", "class": 1, "date": "2024-05-28", "source": "cerulean-reviewed", "verified": true}}, {"type": "Feature", "geometry": {"type": "Point", "coordinates": [5.0531, 5.17209]}, "properties": {"id": "cer-3352968-1", "class": 1, "date": "2024-05-28", "source": "cerulean-reviewed", "verified": true}}, {"type": "Feature", "geometry": {"type": "Point", "coordinates": [5.144, 5.3191]}, "properties": {"id": "cer-3354724-0", "class": 1, "date": "2024-05-23", "source": "cerulean-reviewed", "verified": true}}, {"type": "Feature", "geometry": {"type": "Point", "coordinates": [5.13681, 5.31213]}, "properties": {"id": "cer-3354724-1", "class": 1, "date": "2024-05-23", "source": "cerulean-reviewed", "verified": true}}, {"type": "Feature", "geometry": {"type": "Point", "coordinates": [5.30222, 5.13914]}, "properties": {"id": "cer-3354726-0", "class": 1, "date": "2024-05-23", "source": "cerulean-reviewed", "verified": true}}, {"type": "Feature", "geometry": {"type": "Point", "coordinates": [5.28837, 5.14052]}, "properties": {"id": "cer-3354726-1", "class": 1, "date": "2024-05-23", "source": "cerulean-reviewed", "verified": true}}, {"type": "Feature", "geometry": {"type": "Point", "coordinates": [5.36954, 4.81782]}, "properties": {"id": "cer-3355103-0", "class": 1, "date": "2024-05-23", "source": "cerulean-reviewed", "verified": true}}, {"type": "Feature", "geometry": {"type": "Point", "coordinates": [5.37208, 4.81928]}, "properties": {"id": "cer-3355103-1", "class": 1, "date": "2024-05-23", "source": "cerulean-reviewed", "verified": true}}, {"type": "Feature", "geometry": {"type": "Point", "coordinates": [6.51072, 3.98901]}, "properties": {"id": "cer-3355108-0", "class": 1, "date": "2024-05-23", "source": "cerulean-reviewed", "verified": true}}, {"type": "Feature", "geometry": {"type": "Point", "coordinates": [6.52552, 4.00356]}, "properties": {"id": "cer-3355108-1", "class": 1, "date": "2024-05-23", "source": "cerulean-reviewed", "verified": true}}, {"type": "Feature", "geometry": {"type": "Point", "coordinates": [8.34652, 4.22287]}, "properties": {"id": "cer-3358331-0", "class": 1, "date": "2024-05-18", "source": "cerulean-reviewed", "verified": true}}, {"type": "Feature", "geometry": {"type": "Point", "coordinates": [8.18616, 4.09135]}, "properties": {"id": "cer-3358333-0", "class": 1, "date": "2024-05-18", "source": "cerulean-reviewed", "verified": true}}, {"type": "Feature", "geometry": {"type": "Point", "coordinates": [5.85569, 4.33786]}, "properties": {"id": "cer-3367596-0", "class": 1, "date": "2024-05-04", "source": "cerulean-reviewed", "verified": true}}, {"type": "Feature", "geometry": {"type": "Point", "coordinates": [5.85971, 4.33977]}, "properties": {"id": "cer-3367596-1", "class": 1, "date": "2024-05-04", "source": "cerulean-reviewed", "verified": true}}, {"type": "Feature", "geometry": {"type": "Point", "coordinates": [6.33391, 4.05562]}, "properties": {"id": "cer-3367598-0", "class": 1, "date": "2024-05-04", "source": "cerulean-reviewed", "verified": true}}, {"type": "Feature", "geometry": {"type": "Point", "coordinates": [6.41139, 4.05461]}, "properties": {"id": "cer-3367598-1", "class": 1, "date": "2024-05-04", "source": "cerulean-reviewed", "verified": true}}, {"type": "Feature", "geometry": {"type": "Point", "coordinates": [6.43656, 3.9382]}, "properties": {"id": "cer-3367603-0", "class": 1, "date": "2024-05-04", "source": "cerulean-reviewed", "verified": true}}, {"type": "Feature", "geometry": {"type": "Point", "coordinates": [6.53749, 3.99086]}, "properties": {"id": "cer-3367603-1", "class": 1, "date": "2024-05-04", "source": "cerulean-reviewed", "verified": true}}, {"type": "Feature", "geometry": {"type": "Point", "coordinates": [5.82991, 4.32959]}, "properties": {"id": "cer-3371263-0", "class": 1, "date": "2024-04-29", "source": "cerulean-reviewed", "verified": true}}, {"type": "Feature", "geometry": {"type": "Point", "coordinates": [8.20438, 4.10717]}, "properties": {"id": "cer-3372117-0", "class": 1, "date": "2024-04-29", "source": "cerulean-reviewed", "verified": true}}, {"type": "Feature", "geometry": {"type": "Point", "coordinates": [8.23849, 4.11144]}, "properties": {"id": "cer-3372117-1", "class": 1, "date": "2024-04-29", "source": "cerulean-reviewed", "verified": true}}, {"type": "Feature", "geometry": {"type": "Point", "coordinates": [8.14871, 4.29045]}, "properties": {"id": "cer-3372127-0", "class": 1, "date": "2024-04-29", "source": "cerulean-reviewed", "verified": true}}, {"type": "Feature", "geometry": {"type": "Point", "coordinates": [7.84899, 4.42744]}, "properties": {"id": "cer-3374450-0", "class": 1, "date": "2024-04-24", "source": "cerulean-reviewed", "verified": true}}, {"type": "Feature", "geometry": {"type": "Point", "coordinates": [7.8424, 4.415]}, "properties": {"id": "cer-3374450-1", "class": 1, "date": "2024-04-24", "source": "cerulean-reviewed", "verified": true}}, {"type": "Feature", "geometry": {"type": "Point", "coordinates": [7.99319, 4.36358]}, "properties": {"id": "cer-3374452-0", "class": 1, "date": "2024-04-24", "source": "cerulean-reviewed", "verified": true}}, {"type": "Feature", "geometry": {"type": "Point", "coordinates": [5.83992, 4.33857]}, "properties": {"id": "cer-3378648-0", "class": 1, "date": "2024-04-17", "source": "cerulean-reviewed", "verified": true}}, {"type": "Feature", "geometry": {"type": "Point", "coordinates": [5.84098, 4.3374]}, "properties": {"id": "cer-3378648-1", "class": 1, "date": "2024-04-17", "source": "cerulean-reviewed", "verified": true}}, {"type": "Feature", "geometry": {"type": "Point", "coordinates": [5.75026, 4.38109]}, "properties": {"id": "cer-3387435-0", "class": 1, "date": "2024-04-05", "source": "cerulean-reviewed", "verified": true}}, {"type": "Feature", "geometry": {"type": "Point", "coordinates": [5.72681, 4.45519]}, "properties": {"id": "cer-3387435-1", "class": 1, "date": "2024-04-05", "source": "cerulean-reviewed", "verified": true}}, {"type": "Feature", "geometry": {"type": "Point", "coordinates": [8.34549, 4.22733]}, "properties": {"id": "cer-3392266-0", "class": 1, "date": "2024-03-31", "source": "cerulean-reviewed", "verified": true}}, {"type": "Feature", "geometry": {"type": "Point", "coordinates": [8.17211, 4.24381]}, "properties": {"id": "cer-3392268-0", "class": 1, "date": "2024-03-31", "source": "cerulean-reviewed", "verified": true}}, {"type": "Feature", "geometry": {"type": "Point", "coordinates": [8.18226, 4.24936]}, "properties": {"id": "cer-3392268-1", "class": 1, "date": "2024-03-31", "source": "cerulean-reviewed", "verified": true}}, {"type": "Feature", "geometry": {"type": "Point", "coordinates": [8.34412, 4.22871]}, "properties": {"id": "cer-3398503-0", "class": 1, "date": "2024-03-19", "source": "cerulean-reviewed", "verified": true}}, {"type": "Feature", "geometry": {"type": "Point", "coordinates": [8.20401, 4.12671]}, "properties": {"id": "cer-3398505-0", "class": 1, "date": "2024-03-19", "source": "cerulean-reviewed", "verified": true}}, {"type": "Feature", "geometry": {"type": "Point", "coordinates": [8.188, 4.10644]}, "properties": {"id": "cer-3398505-1", "class": 1, "date": "2024-03-19", "source": "cerulean-reviewed", "verified": true}}, {"type": "Feature", "geometry": {"type": "Point", "coordinates": [5.32937, 4.87962]}, "properties": {"id": "cer-3402699-0", "class": 1, "date": "2024-03-12", "source": "cerulean-reviewed", "verified": true}}, {"type": "Feature", "geometry": {"type": "Point", "coordinates": [5.3308, 4.88218]}, "properties": {"id": "cer-3402699-1", "class": 1, "date": "2024-03-12", "source": "cerulean-reviewed", "verified": true}}, {"type": "Feature", "geometry": {"type": "Point", "coordinates": [5.82957, 4.32066]}, "properties": {"id": "cer-3406205-0", "class": 1, "date": "2024-03-05", "source": "cerulean-reviewed", "verified": true}}, {"type": "Feature", "geometry": {"type": "Point", "coordinates": [6.38649, 3.9465]}, "properties": {"id": "cer-3417791-0", "class": 1, "date": "2024-02-05", "source": "cerulean-reviewed", "verified": true}}, {"type": "Feature", "geometry": {"type": "Point", "coordinates": [6.38665, 3.94772]}, "properties": {"id": "cer-3417791-1", "class": 1, "date": "2024-02-05", "source": "cerulean-reviewed", "verified": true}}, {"type": "Feature", "geometry": {"type": "Point", "coordinates": [5.8378, 4.31174]}, "properties": {"id": "cer-3417811-0", "class": 1, "date": "2024-02-05", "source": "cerulean-reviewed", "verified": true}}, {"type": "Feature", "geometry": {"type": "Point", "coordinates": [5.82238, 4.32285]}, "properties": {"id": "cer-3417811-1", "class": 1, "date": "2024-02-05", "source": "cerulean-reviewed", "verified": true}}, {"type": "Feature", "geometry": {"type": "Point", "coordinates": [6.28172, 4.08617]}, "properties": {"id": "cer-3423897-0", "class": 1, "date": "2024-02-22", "source": "cerulean-reviewed", "verified": true}}, {"type": "Feature", "geometry": {"type": "Point", "coordinates": [6.2835, 4.07566]}, "properties": {"id": "cer-3423897-1", "class": 1, "date": "2024-02-22", "source": "cerulean-reviewed", "verified": true}}, {"type": "Feature", "geometry": {"type": "Point", "coordinates": [5.81446, 4.33714]}, "properties": {"id": "cer-3423898-0", "class": 1, "date": "2024-02-22", "source": "cerulean-reviewed", "verified": true}}, {"type": "Feature", "geometry": {"type": "Point", "coordinates": [5.79945, 4.34096]}, "properties": {"id": "cer-3423898-1", "class": 1, "date": "2024-02-22", "source": "cerulean-reviewed", "verified": true}}, {"type": "Feature", "geometry": {"type": "Point", "coordinates": [6.41836, 3.97253]}, "properties": {"id": "cer-3425983-0", "class": 1, "date": "2024-05-11", "source": "cerulean-reviewed", "verified": true}}, {"type": "Feature", "geometry": {"type": "Point", "coordinates": [6.42016, 3.97304]}, "properties": {"id": "cer-3425983-1", "class": 1, "date": "2024-05-11", "source": "cerulean-reviewed", "verified": true}}, {"type": "Feature", "geometry": {"type": "Point", "coordinates": [5.1467, 5.43234]}, "properties": {"id": "cer-3426202-0", "class": 1, "date": "2024-02-17", "source": "cerulean-reviewed", "verified": true}}, {"type": "Feature", "geometry": {"type": "Point", "coordinates": [7.97433, 4.21357]}, "properties": {"id": "cer-3428444-0", "class": 1, "date": "2024-06-11", "source": "cerulean-reviewed", "verified": true}}, {"type": "Feature", "geometry": {"type": "Point", "coordinates": [8.00076, 4.22688]}, "properties": {"id": "cer-3428444-1", "class": 1, "date": "2024-06-11", "source": "cerulean-reviewed", "verified": true}}, {"type": "Feature", "geometry": {"type": "Point", "coordinates": [6.30235, 3.919]}, "properties": {"id": "cer-3431260-0", "class": 1, "date": "2024-01-29", "source": "cerulean-reviewed", "verified": true}}, {"type": "Feature", "geometry": {"type": "Point", "coordinates": [6.27072, 3.89663]}, "properties": {"id": "cer-3431260-1", "class": 1, "date": "2024-01-29", "source": "cerulean-reviewed", "verified": true}}, {"type": "Feature", "geometry": {"type": "Point", "coordinates": [6.45, 3.96091]}, "properties": {"id": "cer-3431280-0", "class": 1, "date": "2024-01-24", "source": "cerulean-reviewed", "verified": true}}, {"type": "Feature", "geometry": {"type": "Point", "coordinates": [6.45115, 3.95908]}, "properties": {"id": "cer-3431280-1", "class": 1, "date": "2024-01-24", "source": "cerulean-reviewed", "verified": true}}, {"type": "Feature", "geometry": {"type": "Point", "coordinates": [5.36127, 4.76904]}, "properties": {"id": "cer-3433138-0", "class": 1, "date": "2024-04-22", "source": "cerulean-reviewed", "verified": true}}, {"type": "Feature", "geometry": {"type": "Point", "coordinates": [7.68248, 4.32375]}, "properties": {"id": "cer-3439253-0", "class": 1, "date": "2024-01-24", "source": "cerulean-reviewed", "verified": true}}, {"type": "Feature", "geometry": {"type": "Point", "coordinates": [7.69313, 4.33679]}, "properties": {"id": "cer-3439253-1", "class": 1, "date": "2024-01-24", "source": "cerulean-reviewed", "verified": true}}, {"type": "Feature", "geometry": {"type": "Point", "coordinates": [7.7896, 4.39757]}, "properties": {"id": "cer-3441675-0", "class": 1, "date": "2024-04-05", "source": "cerulean-reviewed", "verified": true}}, {"type": "Feature", "geometry": {"type": "Point", "coordinates": [7.80857, 4.39009]}, "properties": {"id": "cer-3441675-1", "class": 1, "date": "2024-04-05", "source": "cerulean-reviewed", "verified": true}}, {"type": "Feature", "geometry": {"type": "Point", "coordinates": [5.15185, 5.35818]}, "properties": {"id": "cer-3447278-0", "class": 1, "date": "2024-03-29", "source": "cerulean-reviewed", "verified": true}}, {"type": "Feature", "geometry": {"type": "Point", "coordinates": [5.17554, 5.3884]}, "properties": {"id": "cer-3447280-0", "class": 1, "date": "2024-03-29", "source": "cerulean-reviewed", "verified": true}}, {"type": "Feature", "geometry": {"type": "Point", "coordinates": [5.17788, 5.38699]}, "properties": {"id": "cer-3447280-1", "class": 1, "date": "2024-03-29", "source": "cerulean-reviewed", "verified": true}}, {"type": "Feature", "geometry": {"type": "Point", "coordinates": [5.83506, 4.32547]}, "properties": {"id": "cer-3447707-0", "class": 1, "date": "2024-03-29", "source": "cerulean-reviewed", "verified": true}}, {"type": "Feature", "geometry": {"type": "Point", "coordinates": [5.87965, 4.3127]}, "properties": {"id": "cer-3447707-1", "class": 1, "date": "2024-03-29", "source": "cerulean-reviewed", "verified": true}}, {"type": "Feature", "geometry": {"type": "Point", "coordinates": [7.837, 4.40583]}, "properties": {"id": "cer-3448148-0", "class": 1, "date": "2024-01-19", "source": "cerulean-reviewed", "verified": true}}, {"type": "Feature", "geometry": {"type": "Point", "coordinates": [6.52313, 3.97053]}, "properties": {"id": "cer-3448433-0", "class": 1, "date": "2024-02-17", "source": "cerulean-reviewed", "verified": true}}, {"type": "Feature", "geometry": {"type": "Point", "coordinates": [6.4963, 3.96406]}, "properties": {"id": "cer-3448433-1", "class": 1, "date": "2024-02-17", "source": "cerulean-reviewed", "verified": true}}, {"type": "Feature", "geometry": {"type": "Point", "coordinates": [6.41084, 3.95127]}, "properties": {"id": "cer-3448438-0", "class": 1, "date": "2024-02-17", "source": "cerulean-reviewed", "verified": true}}, {"type": "Feature", "geometry": {"type": "Point", "coordinates": [7.84593, 4.42781]}, "properties": {"id": "cer-3449833-0", "class": 1, "date": "2024-03-24", "source": "cerulean-reviewed", "verified": true}}, {"type": "Feature", "geometry": {"type": "Point", "coordinates": [8.19477, 4.12022]}, "properties": {"id": "cer-3450831-0", "class": 1, "date": "2024-03-24", "source": "cerulean-reviewed", "verified": true}}, {"type": "Feature", "geometry": {"type": "Point", "coordinates": [7.77174, 4.14831]}, "properties": {"id": "cer-3450838-0", "class": 1, "date": "2024-03-24", "source": "cerulean-reviewed", "verified": true}}, {"type": "Feature", "geometry": {"type": "Point", "coordinates": [7.78446, 4.12238]}, "properties": {"id": "cer-3450838-1", "class": 1, "date": "2024-03-24", "source": "cerulean-reviewed", "verified": true}}, {"type": "Feature", "geometry": {"type": "Point", "coordinates": [6.33122, 4.20124]}, "properties": {"id": "cer-3451166-0", "class": 1, "date": "2024-03-24", "source": "cerulean-reviewed", "verified": true}}, {"type": "Feature", "geometry": {"type": "Point", "coordinates": [6.32178, 4.20186]}, "properties": {"id": "cer-3451166-1", "class": 1, "date": "2024-03-24", "source": "cerulean-reviewed", "verified": true}}, {"type": "Feature", "geometry": {"type": "Point", "coordinates": [5.7726, 4.3818]}, "properties": {"id": "cer-3451187-0", "class": 1, "date": "2024-03-24", "source": "cerulean-reviewed", "verified": true}}, {"type": "Feature", "geometry": {"type": "Point", "coordinates": [5.78114, 4.36574]}, "properties": {"id": "cer-3451187-1", "class": 1, "date": "2024-03-24", "source": "cerulean-reviewed", "verified": true}}, {"type": "Feature", "geometry": {"type": "Point", "coordinates": [7.80195, 4.34469]}, "properties": {"id": "cer-3456878-0", "class": 1, "date": "2024-03-12", "source": "cerulean-reviewed", "verified": true}}, {"type": "Feature", "geometry": {"type": "Point", "coordinates": [7.80475, 4.35151]}, "properties": {"id": "cer-3456878-1", "class": 1, "date": "2024-03-12", "source": "cerulean-reviewed", "verified": true}}, {"type": "Feature", "geometry": {"type": "Point", "coordinates": [8.37261, 4.22665]}, "properties": {"id": "cer-3457064-0", "class": 1, "date": "2024-02-24", "source": "cerulean-reviewed", "verified": true}}, {"type": "Feature", "geometry": {"type": "Point", "coordinates": [8.3841, 4.20778]}, "properties": {"id": "cer-3457064-1", "class": 1, "date": "2024-02-24", "source": "cerulean-reviewed", "verified": true}}, {"type": "Feature", "geometry": {"type": "Point", "coordinates": [8.16965, 4.18814]}, "properties": {"id": "cer-3457074-0", "class": 1, "date": "2024-02-24", "source": "cerulean-reviewed", "verified": true}}, {"type": "Feature", "geometry": {"type": "Point", "coordinates": [8.19744, 4.21761]}, "properties": {"id": "cer-3457074-1", "class": 1, "date": "2024-02-24", "source": "cerulean-reviewed", "verified": true}}, {"type": "Feature", "geometry": {"type": "Point", "coordinates": [7.79274, 4.01825]}, "properties": {"id": "cer-3458970-0", "class": 1, "date": "2024-03-07", "source": "cerulean-reviewed", "verified": true}}, {"type": "Feature", "geometry": {"type": "Point", "coordinates": [8.18957, 4.07141]}, "properties": {"id": "cer-3458980-0", "class": 1, "date": "2024-03-07", "source": "cerulean-reviewed", "verified": true}}, {"type": "Feature", "geometry": {"type": "Point", "coordinates": [8.17601, 4.087]}, "properties": {"id": "cer-3458980-1", "class": 1, "date": "2024-03-07", "source": "cerulean-reviewed", "verified": true}}, {"type": "Feature", "geometry": {"type": "Point", "coordinates": [7.83251, 4.27878]}, "properties": {"id": "cer-3461722-0", "class": 1, "date": "2024-02-12", "source": "cerulean-reviewed", "verified": true}}, {"type": "Feature", "geometry": {"type": "Point", "coordinates": [7.85119, 4.29733]}, "properties": {"id": "cer-3461722-1", "class": 1, "date": "2024-02-12", "source": "cerulean-reviewed", "verified": true}}, {"type": "Feature", "geometry": {"type": "Point", "coordinates": [5.79804, 4.3784]}, "properties": {"id": "cer-3469671-0", "class": 1, "date": "2024-01-29", "source": "cerulean-reviewed", "verified": true}}, {"type": "Feature", "geometry": {"type": "Point", "coordinates": [5.80238, 4.37932]}, "properties": {"id": "cer-3469671-1", "class": 1, "date": "2024-01-29", "source": "cerulean-reviewed", "verified": true}}, {"type": "Feature", "geometry": {"type": "Point", "coordinates": [8.32695, 4.22047]}, "properties": {"id": "cer-3470165-0", "class": 1, "date": "2024-01-19", "source": "cerulean-reviewed", "verified": true}}, {"type": "Feature", "geometry": {"type": "Point", "coordinates": [8.18516, 4.08829]}, "properties": {"id": "cer-3470170-0", "class": 1, "date": "2024-01-19", "source": "cerulean-reviewed", "verified": true}}, {"type": "Feature", "geometry": {"type": "Point", "coordinates": [8.18092, 4.09702]}, "properties": {"id": "cer-3470170-1", "class": 1, "date": "2024-01-19", "source": "cerulean-reviewed", "verified": true}}, {"type": "Feature", "geometry": {"type": "Point", "coordinates": [7.62446, 3.97219]}, "properties": {"id": "cer-3472760-0", "class": 1, "date": "2024-01-31", "source": "cerulean-reviewed", "verified": true}}, {"type": "Feature", "geometry": {"type": "Point", "coordinates": [7.62785, 3.98172]}, "properties": {"id": "cer-3472760-1", "class": 1, "date": "2024-01-31", "source": "cerulean-reviewed", "verified": true}}, {"type": "Feature", "geometry": {"type": "Point", "coordinates": [8.3499, 4.21561]}, "properties": {"id": "cer-3472764-0", "class": 1, "date": "2024-01-31", "source": "cerulean-reviewed", "verified": true}}, {"type": "Feature", "geometry": {"type": "Point", "coordinates": [8.35388, 4.21214]}, "properties": {"id": "cer-3472764-1", "class": 1, "date": "2024-01-31", "source": "cerulean-reviewed", "verified": true}}, {"type": "Feature", "geometry": {"type": "Point", "coordinates": [7.79205, 4.00555]}, "properties": {"id": "cer-3476059-0", "class": 1, "date": "2024-05-06", "source": "cerulean-reviewed", "verified": true}}, {"type": "Feature", "geometry": {"type": "Point", "coordinates": [8.33691, 4.147]}, "properties": {"id": "cer-3476062-0", "class": 1, "date": "2024-05-06", "source": "cerulean-reviewed", "verified": true}}, {"type": "Feature", "geometry": {"type": "Point", "coordinates": [8.36537, 4.22113]}, "properties": {"id": "cer-3476067-0", "class": 1, "date": "2024-05-06", "source": "cerulean-reviewed", "verified": true}}, {"type": "Feature", "geometry": {"type": "Point", "coordinates": [8.25716, 4.19509]}, "properties": {"id": "cer-3476067-1", "class": 1, "date": "2024-05-06", "source": "cerulean-reviewed", "verified": true}}, {"type": "Feature", "geometry": {"type": "Point", "coordinates": [7.79068, 3.98838]}, "properties": {"id": "cer-3479812-0", "class": 1, "date": "2024-04-24", "source": "cerulean-reviewed", "verified": true}}, {"type": "Feature", "geometry": {"type": "Point", "coordinates": [7.52598, 4.01962]}, "properties": {"id": "cer-3479813-0", "class": 1, "date": "2024-04-24", "source": "cerulean-reviewed", "verified": true}}, {"type": "Feature", "geometry": {"type": "Point", "coordinates": [7.52493, 4.01648]}, "properties": {"id": "cer-3479813-1", "class": 1, "date": "2024-04-24", "source": "cerulean-reviewed", "verified": true}}, {"type": "Feature", "geometry": {"type": "Point", "coordinates": [8.34269, 4.21835]}, "properties": {"id": "cer-3479822-0", "class": 1, "date": "2024-04-24", "source": "cerulean-reviewed", "verified": true}}, {"type": "Feature", "geometry": {"type": "Point", "coordinates": [8.35796, 4.21982]}, "properties": {"id": "cer-3479822-1", "class": 1, "date": "2024-04-24", "source": "cerulean-reviewed", "verified": true}}, {"type": "Feature", "geometry": {"type": "Point", "coordinates": [8.18376, 4.09822]}, "properties": {"id": "cer-3501884-0", "class": 1, "date": "2024-09-20", "source": "cerulean-reviewed", "verified": true}}, {"type": "Feature", "geometry": {"type": "Point", "coordinates": [8.1831, 4.09932]}, "properties": {"id": "cer-3501884-1", "class": 1, "date": "2024-09-20", "source": "cerulean-reviewed", "verified": true}}, {"type": "Feature", "geometry": {"type": "Point", "coordinates": [5.8073, 4.35368]}, "properties": {"id": "cer-3508943-0", "class": 1, "date": "2024-09-25", "source": "cerulean-reviewed", "verified": true}}, {"type": "Feature", "geometry": {"type": "Point", "coordinates": [5.79397, 4.35693]}, "properties": {"id": "cer-3508943-1", "class": 1, "date": "2024-09-25", "source": "cerulean-reviewed", "verified": true}}, {"type": "Feature", "geometry": {"type": "Point", "coordinates": [5.31738, 4.81922]}, "properties": {"id": "cer-3508945-0", "class": 1, "date": "2024-09-25", "source": "cerulean-reviewed", "verified": true}}, {"type": "Feature", "geometry": {"type": "Point", "coordinates": [5.31991, 4.81858]}, "properties": {"id": "cer-3508945-1", "class": 1, "date": "2024-09-25", "source": "cerulean-reviewed", "verified": true}}, {"type": "Feature", "geometry": {"type": "Point", "coordinates": [5.84436, 4.32069]}, "properties": {"id": "cer-3515789-0", "class": 1, "date": "2024-10-02", "source": "cerulean-reviewed", "verified": true}}, {"type": "Feature", "geometry": {"type": "Point", "coordinates": [5.79735, 4.34553]}, "properties": {"id": "cer-3515789-1", "class": 1, "date": "2024-10-02", "source": "cerulean-reviewed", "verified": true}}, {"type": "Feature", "geometry": {"type": "Point", "coordinates": [6.44757, 3.93685]}, "properties": {"id": "cer-3515790-0", "class": 1, "date": "2024-10-02", "source": "cerulean-reviewed", "verified": true}}, {"type": "Feature", "geometry": {"type": "Point", "coordinates": [6.463, 3.94024]}, "properties": {"id": "cer-3515790-1", "class": 1, "date": "2024-10-02", "source": "cerulean-reviewed", "verified": true}}, {"type": "Feature", "geometry": {"type": "Point", "coordinates": [5.95353, 4.32344]}, "properties": {"id": "cer-3515791-0", "class": 1, "date": "2024-10-02", "source": "cerulean-reviewed", "verified": true}}, {"type": "Feature", "geometry": {"type": "Point", "coordinates": [5.94864, 4.32406]}, "properties": {"id": "cer-3515791-1", "class": 1, "date": "2024-10-02", "source": "cerulean-reviewed", "verified": true}}, {"type": "Feature", "geometry": {"type": "Point", "coordinates": [5.21713, 5.33077]}, "properties": {"id": "cer-3515792-0", "class": 1, "date": "2024-10-02", "source": "cerulean-reviewed", "verified": true}}, {"type": "Feature", "geometry": {"type": "Point", "coordinates": [8.41518, 4.36295]}, "properties": {"id": "cer-3516414-0", "class": 1, "date": "2024-10-02", "source": "cerulean-reviewed", "verified": true}}, {"type": "Feature", "geometry": {"type": "Point", "coordinates": [8.37387, 4.31987]}, "properties": {"id": "cer-3516414-1", "class": 1, "date": "2024-10-02", "source": "cerulean-reviewed", "verified": true}}, {"type": "Feature", "geometry": {"type": "Point", "coordinates": [8.33513, 4.21046]}, "properties": {"id": "cer-3523947-0", "class": 1, "date": "2024-10-09", "source": "cerulean-reviewed", "verified": true}}, {"type": "Feature", "geometry": {"type": "Point", "coordinates": [8.32332, 4.20636]}, "properties": {"id": "cer-3523947-1", "class": 1, "date": "2024-10-09", "source": "cerulean-reviewed", "verified": true}}, {"type": "Feature", "geometry": {"type": "Point", "coordinates": [5.34001, 4.88717]}, "properties": {"id": "cer-3528814-0", "class": 1, "date": "2024-10-14", "source": "cerulean-reviewed", "verified": true}}, {"type": "Feature", "geometry": {"type": "Point", "coordinates": [5.33742, 4.92173]}, "properties": {"id": "cer-3528814-1", "class": 1, "date": "2024-10-14", "source": "cerulean-reviewed", "verified": true}}, {"type": "Feature", "geometry": {"type": "Point", "coordinates": [6.57114, 3.94026]}, "properties": {"id": "cer-3528815-0", "class": 1, "date": "2024-10-14", "source": "cerulean-reviewed", "verified": true}}, {"type": "Feature", "geometry": {"type": "Point", "coordinates": [6.46308, 3.93224]}, "properties": {"id": "cer-3528815-1", "class": 1, "date": "2024-10-14", "source": "cerulean-reviewed", "verified": true}}, {"type": "Feature", "geometry": {"type": "Point", "coordinates": [8.39047, 4.24656]}, "properties": {"id": "cer-3529412-0", "class": 1, "date": "2024-10-14", "source": "cerulean-reviewed", "verified": true}}, {"type": "Feature", "geometry": {"type": "Point", "coordinates": [8.36077, 4.25341]}, "properties": {"id": "cer-3529412-1", "class": 1, "date": "2024-10-14", "source": "cerulean-reviewed", "verified": true}}, {"type": "Feature", "geometry": {"type": "Point", "coordinates": [7.78035, 3.96569]}, "properties": {"id": "cer-3529421-0", "class": 1, "date": "2024-10-14", "source": "cerulean-reviewed", "verified": true}}, {"type": "Feature", "geometry": {"type": "Point", "coordinates": [6.50731, 3.8833]}, "properties": {"id": "cer-3534933-0", "class": 1, "date": "2024-10-19", "source": "cerulean-reviewed", "verified": true}}, {"type": "Feature", "geometry": {"type": "Point", "coordinates": [6.53977, 3.85975]}, "properties": {"id": "cer-3534933-1", "class": 1, "date": "2024-10-19", "source": "cerulean-reviewed", "verified": true}}, {"type": "Feature", "geometry": {"type": "Point", "coordinates": [8.27511, 4.19403]}, "properties": {"id": "cer-3541125-0", "class": 1, "date": "2024-10-26", "source": "cerulean-reviewed", "verified": true}}, {"type": "Feature", "geometry": {"type": "Point", "coordinates": [8.193, 4.07828]}, "properties": {"id": "cer-3541135-0", "class": 1, "date": "2024-10-26", "source": "cerulean-reviewed", "verified": true}}, {"type": "Feature", "geometry": {"type": "Point", "coordinates": [7.83978, 4.40723]}, "properties": {"id": "cer-3541152-0", "class": 1, "date": "2024-10-26", "source": "cerulean-reviewed", "verified": true}}, {"type": "Feature", "geometry": {"type": "Point", "coordinates": [5.32045, 4.87893]}, "properties": {"id": "cer-3546683-0", "class": 1, "date": "2024-10-31", "source": "cerulean-reviewed", "verified": true}}, {"type": "Feature", "geometry": {"type": "Point", "coordinates": [5.31311, 4.87095]}, "properties": {"id": "cer-3546683-1", "class": 1, "date": "2024-10-31", "source": "cerulean-reviewed", "verified": true}}, {"type": "Feature", "geometry": {"type": "Point", "coordinates": [8.43026, 4.59329]}, "properties": {"id": "cer-3553679-0", "class": 1, "date": "2024-11-07", "source": "cerulean-reviewed", "verified": true}}, {"type": "Feature", "geometry": {"type": "Point", "coordinates": [7.81466, 4.40787]}, "properties": {"id": "cer-3553681-0", "class": 1, "date": "2024-11-07", "source": "cerulean-reviewed", "verified": true}}, {"type": "Feature", "geometry": {"type": "Point", "coordinates": [7.8234, 4.42069]}, "properties": {"id": "cer-3553681-1", "class": 1, "date": "2024-11-07", "source": "cerulean-reviewed", "verified": true}}, {"type": "Feature", "geometry": {"type": "Point", "coordinates": [8.42749, 4.27397]}, "properties": {"id": "cer-3553695-0", "class": 1, "date": "2024-11-07", "source": "cerulean-reviewed", "verified": true}}, {"type": "Feature", "geometry": {"type": "Point", "coordinates": [6.48603, 3.93891]}, "properties": {"id": "cer-3559033-0", "class": 1, "date": "2024-11-12", "source": "cerulean-reviewed", "verified": true}}, {"type": "Feature", "geometry": {"type": "Point", "coordinates": [6.49072, 3.93417]}, "properties": {"id": "cer-3559033-1", "class": 1, "date": "2024-11-12", "source": "cerulean-reviewed", "verified": true}}, {"type": "Feature", "geometry": {"type": "Point", "coordinates": [5.34379, 4.79791]}, "properties": {"id": "cer-3565367-0", "class": 1, "date": "2024-11-19", "source": "cerulean-reviewed", "verified": true}}, {"type": "Feature", "geometry": {"type": "Point", "coordinates": [5.35382, 4.81241]}, "properties": {"id": "cer-3565367-1", "class": 1, "date": "2024-11-19", "source": "cerulean-reviewed", "verified": true}}, {"type": "Feature", "geometry": {"type": "Point", "coordinates": [5.82854, 4.32547]}, "properties": {"id": "cer-3565368-0", "class": 1, "date": "2024-11-19", "source": "cerulean-reviewed", "verified": true}}, {"type": "Feature", "geometry": {"type": "Point", "coordinates": [6.46883, 4.05493]}, "properties": {"id": "cer-3565369-0", "class": 1, "date": "2024-11-19", "source": "cerulean-reviewed", "verified": true}}, {"type": "Feature", "geometry": {"type": "Point", "coordinates": [6.45412, 4.04559]}, "properties": {"id": "cer-3565369-1", "class": 1, "date": "2024-11-19", "source": "cerulean-reviewed", "verified": true}}, {"type": "Feature", "geometry": {"type": "Point", "coordinates": [5.08387, 5.4653]}, "properties": {"id": "cer-3565451-0", "class": 1, "date": "2024-11-19", "source": "cerulean-reviewed", "verified": true}}, {"type": "Feature", "geometry": {"type": "Point", "coordinates": [7.50017, 4.03708]}, "properties": {"id": "cer-3565915-0", "class": 1, "date": "2024-11-19", "source": "cerulean-reviewed", "verified": true}}, {"type": "Feature", "geometry": {"type": "Point", "coordinates": [7.49805, 4.03392]}, "properties": {"id": "cer-3565915-1", "class": 1, "date": "2024-11-19", "source": "cerulean-reviewed", "verified": true}}, {"type": "Feature", "geometry": {"type": "Point", "coordinates": [6.46992, 3.95885]}, "properties": {"id": "cer-3572076-0", "class": 1, "date": "2024-11-24", "source": "cerulean-reviewed", "verified": true}}, {"type": "Feature", "geometry": {"type": "Point", "coordinates": [6.49178, 3.9628]}, "properties": {"id": "cer-3572076-1", "class": 1, "date": "2024-11-24", "source": "cerulean-reviewed", "verified": true}}, {"type": "Feature", "geometry": {"type": "Point", "coordinates": [5.03855, 5.42204]}, "properties": {"id": "cer-3572091-0", "class": 1, "date": "2024-11-24", "source": "cerulean-reviewed", "verified": true}}, {"type": "Feature", "geometry": {"type": "Point", "coordinates": [5.03583, 5.42017]}, "properties": {"id": "cer-3572091-1", "class": 1, "date": "2024-11-24", "source": "cerulean-reviewed", "verified": true}}, {"type": "Feature", "geometry": {"type": "Point", "coordinates": [5.37123, 4.81779]}, "properties": {"id": "cer-3572095-0", "class": 1, "date": "2024-11-24", "source": "cerulean-reviewed", "verified": true}}, {"type": "Feature", "geometry": {"type": "Point", "coordinates": [5.34818, 4.79392]}, "properties": {"id": "cer-3572095-1", "class": 1, "date": "2024-11-24", "source": "cerulean-reviewed", "verified": true}}, {"type": "Feature", "geometry": {"type": "Point", "coordinates": [8.17449, 4.09341]}, "properties": {"id": "cer-3573879-0", "class": 1, "date": "2024-11-26", "source": "cerulean-reviewed", "verified": true}}, {"type": "Feature", "geometry": {"type": "Point", "coordinates": [8.33001, 4.33854]}, "properties": {"id": "cer-3578743-0", "class": 1, "date": "2024-12-01", "source": "cerulean-reviewed", "verified": true}}, {"type": "Feature", "geometry": {"type": "Point", "coordinates": [8.32838, 4.33337]}, "properties": {"id": "cer-3578743-1", "class": 1, "date": "2024-12-01", "source": "cerulean-reviewed", "verified": true}}, {"type": "Feature", "geometry": {"type": "Point", "coordinates": [8.21328, 4.28807]}, "properties": {"id": "cer-3578745-0", "class": 1, "date": "2024-12-01", "source": "cerulean-reviewed", "verified": true}}, {"type": "Feature", "geometry": {"type": "Point", "coordinates": [6.4589, 3.93445]}, "properties": {"id": "cer-3586295-0", "class": 1, "date": "2024-12-06", "source": "cerulean-reviewed", "verified": true}}, {"type": "Feature", "geometry": {"type": "Point", "coordinates": [6.41724, 3.94243]}, "properties": {"id": "cer-3586295-1", "class": 1, "date": "2024-12-06", "source": "cerulean-reviewed", "verified": true}}, {"type": "Feature", "geometry": {"type": "Point", "coordinates": [5.24729, 5.12198]}, "properties": {"id": "cer-3586342-0", "class": 1, "date": "2024-12-06", "source": "cerulean-reviewed", "verified": true}}, {"type": "Feature", "geometry": {"type": "Point", "coordinates": [8.32455, 4.2342]}, "properties": {"id": "cer-3587903-0", "class": 1, "date": "2024-12-08", "source": "cerulean-reviewed", "verified": true}}, {"type": "Feature", "geometry": {"type": "Point", "coordinates": [8.11958, 3.98048]}, "properties": {"id": "cer-3587906-0", "class": 1, "date": "2024-12-08", "source": "cerulean-reviewed", "verified": true}}, {"type": "Feature", "geometry": {"type": "Point", "coordinates": [8.11517, 3.97812]}, "properties": {"id": "cer-3587906-1", "class": 1, "date": "2024-12-08", "source": "cerulean-reviewed", "verified": true}}, {"type": "Feature", "geometry": {"type": "Point", "coordinates": [8.31694, 4.23826]}, "properties": {"id": "cer-3587919-0", "class": 1, "date": "2024-12-08", "source": "cerulean-reviewed", "verified": true}}, {"type": "Feature", "geometry": {"type": "Point", "coordinates": [4.86586, 5.95488]}, "properties": {"id": "cer-3590113-0", "class": 1, "date": "2024-09-25", "source": "cerulean-reviewed", "verified": true}}, {"type": "Feature", "geometry": {"type": "Point", "coordinates": [5.05918, 5.54669]}, "properties": {"id": "cer-3590130-0", "class": 1, "date": "2024-09-01", "source": "cerulean-reviewed", "verified": true}}, {"type": "Feature", "geometry": {"type": "Point", "coordinates": [5.05776, 5.54861]}, "properties": {"id": "cer-3590130-1", "class": 1, "date": "2024-09-01", "source": "cerulean-reviewed", "verified": true}}, {"type": "Feature", "geometry": {"type": "Point", "coordinates": [4.82432, 6.01874]}, "properties": {"id": "cer-3590141-0", "class": 1, "date": "2024-10-31", "source": "cerulean-reviewed", "verified": true}}, {"type": "Feature", "geometry": {"type": "Point", "coordinates": [4.82646, 6.01785]}, "properties": {"id": "cer-3590141-1", "class": 1, "date": "2024-10-31", "source": "cerulean-reviewed", "verified": true}}, {"type": "Feature", "geometry": {"type": "Point", "coordinates": [4.86552, 5.96792]}, "properties": {"id": "cer-3590142-0", "class": 1, "date": "2024-07-15", "source": "cerulean-reviewed", "verified": true}}, {"type": "Feature", "geometry": {"type": "Point", "coordinates": [4.85646, 5.96941]}, "properties": {"id": "cer-3590142-1", "class": 1, "date": "2024-07-15", "source": "cerulean-reviewed", "verified": true}}, {"type": "Feature", "geometry": {"type": "Point", "coordinates": [4.93492, 5.79391]}, "properties": {"id": "cer-3590505-0", "class": 1, "date": "2024-12-06", "source": "cerulean-reviewed", "verified": true}}, {"type": "Feature", "geometry": {"type": "Point", "coordinates": [4.89473, 5.93808]}, "properties": {"id": "cer-3590506-0", "class": 1, "date": "2024-12-06", "source": "cerulean-reviewed", "verified": true}}, {"type": "Feature", "geometry": {"type": "Point", "coordinates": [4.8559, 5.99402]}, "properties": {"id": "cer-3590512-0", "class": 1, "date": "2024-11-24", "source": "cerulean-reviewed", "verified": true}}, {"type": "Feature", "geometry": {"type": "Point", "coordinates": [4.8543, 6.00637]}, "properties": {"id": "cer-3590512-1", "class": 1, "date": "2024-11-24", "source": "cerulean-reviewed", "verified": true}}, {"type": "Feature", "geometry": {"type": "Point", "coordinates": [4.62799, 5.68783]}, "properties": {"id": "cer-3590514-0", "class": 1, "date": "2024-04-22", "source": "cerulean-reviewed", "verified": true}}, {"type": "Feature", "geometry": {"type": "Point", "coordinates": [4.60923, 5.67704]}, "properties": {"id": "cer-3590514-1", "class": 1, "date": "2024-04-22", "source": "cerulean-reviewed", "verified": true}}, {"type": "Feature", "geometry": {"type": "Point", "coordinates": [4.93355, 5.77091]}, "properties": {"id": "cer-3590532-0", "class": 1, "date": "2024-12-06", "source": "cerulean-reviewed", "verified": true}}, {"type": "Feature", "geometry": {"type": "Point", "coordinates": [5.0441, 5.6226]}, "properties": {"id": "cer-3590533-0", "class": 1, "date": "2024-12-06", "source": "cerulean-reviewed", "verified": true}}, {"type": "Feature", "geometry": {"type": "Point", "coordinates": [5.05053, 5.62236]}, "properties": {"id": "cer-3590533-1", "class": 1, "date": "2024-12-06", "source": "cerulean-reviewed", "verified": true}}, {"type": "Feature", "geometry": {"type": "Point", "coordinates": [5.02622, 5.70085]}, "properties": {"id": "cer-3590561-0", "class": 1, "date": "2024-11-12", "source": "cerulean-reviewed", "verified": true}}, {"type": "Feature", "geometry": {"type": "Point", "coordinates": [4.99804, 5.72602]}, "properties": {"id": "cer-3590561-1", "class": 1, "date": "2024-11-12", "source": "cerulean-reviewed", "verified": true}}, {"type": "Feature", "geometry": {"type": "Point", "coordinates": [4.96788, 5.52647]}, "properties": {"id": "cer-3590569-0", "class": 1, "date": "2024-04-22", "source": "cerulean-reviewed", "verified": true}}, {"type": "Feature", "geometry": {"type": "Point", "coordinates": [4.96134, 5.50982]}, "properties": {"id": "cer-3590569-1", "class": 1, "date": "2024-04-22", "source": "cerulean-reviewed", "verified": true}}, {"type": "Feature", "geometry": {"type": "Point", "coordinates": [4.73952, 5.8203]}, "properties": {"id": "cer-3590575-0", "class": 1, "date": "2024-04-22", "source": "cerulean-reviewed", "verified": true}}, {"type": "Feature", "geometry": {"type": "Point", "coordinates": [4.72936, 5.81754]}, "properties": {"id": "cer-3590575-1", "class": 1, "date": "2024-04-22", "source": "cerulean-reviewed", "verified": true}}, {"type": "Feature", "geometry": {"type": "Point", "coordinates": [4.80958, 5.97894]}, "properties": {"id": "cer-3590605-0", "class": 1, "date": "2024-05-04", "source": "cerulean-reviewed", "verified": true}}, {"type": "Feature", "geometry": {"type": "Point", "coordinates": [4.75985, 5.98159]}, "properties": {"id": "cer-3590605-1", "class": 1, "date": "2024-05-04", "source": "cerulean-reviewed", "verified": true}}, {"type": "Feature", "geometry": {"type": "Point", "coordinates": [4.7828, 6.01567]}, "properties": {"id": "cer-3590616-0", "class": 1, "date": "2024-11-24", "source": "cerulean-reviewed", "verified": true}}, {"type": "Feature", "geometry": {"type": "Point", "coordinates": [4.81883, 5.97942]}, "properties": {"id": "cer-3590616-1", "class": 1, "date": "2024-11-24", "source": "cerulean-reviewed", "verified": true}}, {"type": "Feature", "geometry": {"type": "Point", "coordinates": [4.81539, 5.91711]}, "properties": {"id": "cer-3590634-0", "class": 1, "date": "2024-02-22", "source": "cerulean-reviewed", "verified": true}}, {"type": "Feature", "geometry": {"type": "Point", "coordinates": [4.82338, 5.91829]}, "properties": {"id": "cer-3590634-1", "class": 1, "date": "2024-02-22", "source": "cerulean-reviewed", "verified": true}}, {"type": "Feature", "geometry": {"type": "Point", "coordinates": [6.43384, 3.94235]}, "properties": {"id": "cer-3602974-0", "class": 1, "date": "2024-12-13", "source": "cerulean-reviewed", "verified": true}}, {"type": "Feature", "geometry": {"type": "Point", "coordinates": [6.54504, 3.98657]}, "properties": {"id": "cer-3602974-1", "class": 1, "date": "2024-12-13", "source": "cerulean-reviewed", "verified": true}}, {"type": "Feature", "geometry": {"type": "Point", "coordinates": [5.34136, 4.79788]}, "properties": {"id": "cer-3602976-0", "class": 1, "date": "2024-12-13", "source": "cerulean-reviewed", "verified": true}}, {"type": "Feature", "geometry": {"type": "Point", "coordinates": [5.34274, 4.79725]}, "properties": {"id": "cer-3602976-1", "class": 1, "date": "2024-12-13", "source": "cerulean-reviewed", "verified": true}}, {"type": "Feature", "geometry": {"type": "Point", "coordinates": [8.25588, 4.18476]}, "properties": {"id": "cer-3603572-0", "class": 1, "date": "2024-12-13", "source": "cerulean-reviewed", "verified": true}}, {"type": "Feature", "geometry": {"type": "Point", "coordinates": [8.26703, 4.19252]}, "properties": {"id": "cer-3603572-1", "class": 1, "date": "2024-12-13", "source": "cerulean-reviewed", "verified": true}}, {"type": "Feature", "geometry": {"type": "Point", "coordinates": [8.44568, 4.32822]}, "properties": {"id": "cer-3603577-0", "class": 1, "date": "2024-12-13", "source": "cerulean-reviewed", "verified": true}}, {"type": "Feature", "geometry": {"type": "Point", "coordinates": [8.50094, 4.32911]}, "properties": {"id": "cer-3603577-1", "class": 1, "date": "2024-12-13", "source": "cerulean-reviewed", "verified": true}}, {"type": "Feature", "geometry": {"type": "Point", "coordinates": [7.55682, 4.14488]}, "properties": {"id": "cer-3603578-0", "class": 1, "date": "2024-12-13", "source": "cerulean-reviewed", "verified": true}}, {"type": "Feature", "geometry": {"type": "Point", "coordinates": [8.42303, 4.26642]}, "properties": {"id": "cer-3609365-0", "class": 1, "date": "2024-09-27", "source": "cerulean-reviewed", "verified": true}}, {"type": "Feature", "geometry": {"type": "Point", "coordinates": [8.41144, 4.25934]}, "properties": {"id": "cer-3609365-1", "class": 1, "date": "2024-09-27", "source": "cerulean-reviewed", "verified": true}}, {"type": "Feature", "geometry": {"type": "Point", "coordinates": [4.85287, 5.99819]}, "properties": {"id": "cer-3609366-0", "class": 1, "date": "2024-10-07", "source": "cerulean-reviewed", "verified": true}}, {"type": "Feature", "geometry": {"type": "Point", "coordinates": [4.89438, 5.90341]}, "properties": {"id": "cer-3609369-0", "class": 1, "date": "2024-08-08", "source": "cerulean-reviewed", "verified": true}}, {"type": "Feature", "geometry": {"type": "Point", "coordinates": [4.86208, 5.94046]}, "properties": {"id": "cer-3609382-0", "class": 1, "date": "2024-09-25", "source": "cerulean-reviewed", "verified": true}}, {"type": "Feature", "geometry": {"type": "Point", "coordinates": [4.81829, 6.00969]}, "properties": {"id": "cer-3609382-1", "class": 1, "date": "2024-09-25", "source": "cerulean-reviewed", "verified": true}}, {"type": "Feature", "geometry": {"type": "Point", "coordinates": [4.88852, 5.9075]}, "properties": {"id": "cer-3609850-0", "class": 1, "date": "2024-08-08", "source": "cerulean-reviewed", "verified": true}}, {"type": "Feature", "geometry": {"type": "Point", "coordinates": [4.82809, 5.9947]}, "properties": {"id": "cer-3610206-0", "class": 1, "date": "2024-07-03", "source": "cerulean-reviewed", "verified": true}}, {"type": "Feature", "geometry": {"type": "Point", "coordinates": [4.83089, 5.92129]}, "properties": {"id": "cer-3610207-0", "class": 1, "date": "2024-06-21", "source": "cerulean-reviewed", "verified": true}}, {"type": "Feature", "geometry": {"type": "Point", "coordinates": [4.83703, 5.9191]}, "properties": {"id": "cer-3610207-1", "class": 1, "date": "2024-06-21", "source": "cerulean-reviewed", "verified": true}}, {"type": "Feature", "geometry": {"type": "Point", "coordinates": [4.77971, 5.99267]}, "properties": {"id": "cer-3610209-0", "class": 1, "date": "2024-06-21", "source": "cerulean-reviewed", "verified": true}}, {"type": "Feature", "geometry": {"type": "Point", "coordinates": [4.7821, 5.98622]}, "properties": {"id": "cer-3610209-1", "class": 1, "date": "2024-06-21", "source": "cerulean-reviewed", "verified": true}}, {"type": "Feature", "geometry": {"type": "Point", "coordinates": [4.83908, 5.95762]}, "properties": {"id": "cer-3610277-0", "class": 1, "date": "2024-05-28", "source": "cerulean-reviewed", "verified": true}}, {"type": "Feature", "geometry": {"type": "Point", "coordinates": [4.84186, 5.96219]}, "properties": {"id": "cer-3610277-1", "class": 1, "date": "2024-05-28", "source": "cerulean-reviewed", "verified": true}}, {"type": "Feature", "geometry": {"type": "Point", "coordinates": [4.81064, 5.9721]}, "properties": {"id": "cer-3610540-0", "class": 1, "date": "2024-06-21", "source": "cerulean-reviewed", "verified": true}}, {"type": "Feature", "geometry": {"type": "Point", "coordinates": [4.7728, 5.99072]}, "properties": {"id": "cer-3610540-1", "class": 1, "date": "2024-06-21", "source": "cerulean-reviewed", "verified": true}}, {"type": "Feature", "geometry": {"type": "Point", "coordinates": [4.87141, 5.91167]}, "properties": {"id": "cer-3610541-0", "class": 1, "date": "2024-06-21", "source": "cerulean-reviewed", "verified": true}}, {"type": "Feature", "geometry": {"type": "Point", "coordinates": [4.84046, 5.91278]}, "properties": {"id": "cer-3610541-1", "class": 1, "date": "2024-06-21", "source": "cerulean-reviewed", "verified": true}}, {"type": "Feature", "geometry": {"type": "Point", "coordinates": [4.91398, 5.77881]}, "properties": {"id": "cer-3610551-0", "class": 1, "date": "2024-05-16", "source": "cerulean-reviewed", "verified": true}}, {"type": "Feature", "geometry": {"type": "Point", "coordinates": [4.91603, 5.77774]}, "properties": {"id": "cer-3610551-1", "class": 1, "date": "2024-05-16", "source": "cerulean-reviewed", "verified": true}}, {"type": "Feature", "geometry": {"type": "Point", "coordinates": [4.83908, 5.98749]}, "properties": {"id": "cer-3610552-0", "class": 1, "date": "2024-05-16", "source": "cerulean-reviewed", "verified": true}}, {"type": "Feature", "geometry": {"type": "Point", "coordinates": [5.12681, 5.58274]}, "properties": {"id": "cer-3610561-0", "class": 1, "date": "2024-05-28", "source": "cerulean-reviewed", "verified": true}}, {"type": "Feature", "geometry": {"type": "Point", "coordinates": [5.13495, 5.58606]}, "properties": {"id": "cer-3610561-1", "class": 1, "date": "2024-05-28", "source": "cerulean-reviewed", "verified": true}}, {"type": "Feature", "geometry": {"type": "Point", "coordinates": [4.87067, 5.96449]}, "properties": {"id": "cer-3610565-0", "class": 1, "date": "2024-05-28", "source": "cerulean-reviewed", "verified": true}}, {"type": "Feature", "geometry": {"type": "Point", "coordinates": [4.85797, 5.97003]}, "properties": {"id": "cer-3610565-1", "class": 1, "date": "2024-05-28", "source": "cerulean-reviewed", "verified": true}}, {"type": "Feature", "geometry": {"type": "Point", "coordinates": [4.90809, 5.19339]}, "properties": {"id": "cer-3610566-0", "class": 1, "date": "2024-05-28", "source": "cerulean-reviewed", "verified": true}}, {"type": "Feature", "geometry": {"type": "Point", "coordinates": [8.40074, 4.30009]}, "properties": {"id": "cer-3611117-0", "class": 1, "date": "2024-03-07", "source": "cerulean-reviewed", "verified": true}}, {"type": "Feature", "geometry": {"type": "Point", "coordinates": [8.36844, 4.28776]}, "properties": {"id": "cer-3611117-1", "class": 1, "date": "2024-03-07", "source": "cerulean-reviewed", "verified": true}}, {"type": "Feature", "geometry": {"type": "Point", "coordinates": [4.83773, 5.99267]}, "properties": {"id": "cer-3611134-0", "class": 1, "date": "2024-04-10", "source": "cerulean-reviewed", "verified": true}}, {"type": "Feature", "geometry": {"type": "Point", "coordinates": [4.84133, 5.97962]}, "properties": {"id": "cer-3611134-1", "class": 1, "date": "2024-04-10", "source": "cerulean-reviewed", "verified": true}}, {"type": "Feature", "geometry": {"type": "Point", "coordinates": [4.87793, 5.93227]}, "properties": {"id": "cer-3611185-0", "class": 1, "date": "2024-03-05", "source": "cerulean-reviewed", "verified": true}}, {"type": "Feature", "geometry": {"type": "Point", "coordinates": [4.87862, 5.92653]}, "properties": {"id": "cer-3611185-1", "class": 1, "date": "2024-03-05", "source": "cerulean-reviewed", "verified": true}}, {"type": "Feature", "geometry": {"type": "Point", "coordinates": [7.83359, 4.41891]}, "properties": {"id": "cer-3611258-0", "class": 1, "date": "2024-02-12", "source": "cerulean-reviewed", "verified": true}}, {"type": "Feature", "geometry": {"type": "Point", "coordinates": [8.32967, 4.28292]}, "properties": {"id": "cer-3611260-0", "class": 1, "date": "2024-02-12", "source": "cerulean-reviewed", "verified": true}}, {"type": "Feature", "geometry": {"type": "Point", "coordinates": [8.33499, 4.27693]}, "properties": {"id": "cer-3611260-1", "class": 1, "date": "2024-02-12", "source": "cerulean-reviewed", "verified": true}}, {"type": "Feature", "geometry": {"type": "Point", "coordinates": [4.88028, 5.89308]}, "properties": {"id": "cer-3611266-0", "class": 1, "date": "2024-02-22", "source": "cerulean-reviewed", "verified": true}}, {"type": "Feature", "geometry": {"type": "Point", "coordinates": [4.81305, 5.97443]}, "properties": {"id": "cer-3611266-1", "class": 1, "date": "2024-02-22", "source": "cerulean-reviewed", "verified": true}}, {"type": "Feature", "geometry": {"type": "Point", "coordinates": [4.83707, 5.93708]}, "properties": {"id": "cer-3611328-0", "class": 1, "date": "2024-01-17", "source": "cerulean-reviewed", "verified": true}}, {"type": "Feature", "geometry": {"type": "Point", "coordinates": [4.83611, 5.85649]}, "properties": {"id": "cer-3611328-1", "class": 1, "date": "2024-01-17", "source": "cerulean-reviewed", "verified": true}}, {"type": "Feature", "geometry": {"type": "Point", "coordinates": [4.89575, 5.89345]}, "properties": {"id": "cer-3611330-0", "class": 1, "date": "2024-01-17", "source": "cerulean-reviewed", "verified": true}}, {"type": "Feature", "geometry": {"type": "Point", "coordinates": [4.71556, 6.06626]}, "properties": {"id": "cer-3611330-1", "class": 1, "date": "2024-01-17", "source": "cerulean-reviewed", "verified": true}}, {"type": "Feature", "geometry": {"type": "Point", "coordinates": [4.93698, 5.88421]}, "properties": {"id": "cer-3611359-0", "class": 1, "date": "2024-01-17", "source": "cerulean-reviewed", "verified": true}}, {"type": "Feature", "geometry": {"type": "Point", "coordinates": [4.9403, 5.81071]}, "properties": {"id": "cer-3611359-1", "class": 1, "date": "2024-01-17", "source": "cerulean-reviewed", "verified": true}}, {"type": "Feature", "geometry": {"type": "Point", "coordinates": [4.72034, 5.78602]}, "properties": {"id": "cer-3611361-0", "class": 1, "date": "2024-01-17", "source": "cerulean-reviewed", "verified": true}}, {"type": "Feature", "geometry": {"type": "Point", "coordinates": [4.64398, 5.73722]}, "properties": {"id": "cer-3611361-1", "class": 1, "date": "2024-01-17", "source": "cerulean-reviewed", "verified": true}}, {"type": "Feature", "geometry": {"type": "Point", "coordinates": [4.81645, 5.99816]}, "properties": {"id": "cer-3611364-0", "class": 1, "date": "2024-01-17", "source": "cerulean-reviewed", "verified": true}}, {"type": "Feature", "geometry": {"type": "Point", "coordinates": [4.81293, 5.99905]}, "properties": {"id": "cer-3611364-1", "class": 1, "date": "2024-01-17", "source": "cerulean-reviewed", "verified": true}}, {"type": "Feature", "geometry": {"type": "Point", "coordinates": [4.75534, 5.91062]}, "properties": {"id": "cer-3611365-0", "class": 1, "date": "2024-01-17", "source": "cerulean-reviewed", "verified": true}}, {"type": "Feature", "geometry": {"type": "Point", "coordinates": [4.74949, 5.90397]}, "properties": {"id": "cer-3611365-1", "class": 1, "date": "2024-01-17", "source": "cerulean-reviewed", "verified": true}}, {"type": "Feature", "geometry": {"type": "Point", "coordinates": [4.86964, 5.95831]}, "properties": {"id": "cer-3611375-0", "class": 1, "date": "2024-01-17", "source": "cerulean-reviewed", "verified": true}}, {"type": "Feature", "geometry": {"type": "Point", "coordinates": [4.88474, 5.92261]}, "properties": {"id": "cer-3611376-0", "class": 1, "date": "2024-01-17", "source": "cerulean-reviewed", "verified": true}}, {"type": "Feature", "geometry": {"type": "Point", "coordinates": [4.88761, 5.92578]}, "properties": {"id": "cer-3611376-1", "class": 1, "date": "2024-01-17", "source": "cerulean-reviewed", "verified": true}}, {"type": "Feature", "geometry": {"type": "Point", "coordinates": [7.95925, 4.43264]}, "properties": {"id": "cer-3611379-0", "class": 1, "date": "2024-01-31", "source": "cerulean-reviewed", "verified": true}}, {"type": "Feature", "geometry": {"type": "Point", "coordinates": [7.92284, 4.42112]}, "properties": {"id": "cer-3611379-1", "class": 1, "date": "2024-01-31", "source": "cerulean-reviewed", "verified": true}}, {"type": "Feature", "geometry": {"type": "Point", "coordinates": [7.50023, 4.10065]}, "properties": {"id": "cer-3611385-0", "class": 1, "date": "2024-03-12", "source": "cerulean-reviewed", "verified": true}}, {"type": "Feature", "geometry": {"type": "Point", "coordinates": [7.49958, 4.09036]}, "properties": {"id": "cer-3611385-1", "class": 1, "date": "2024-03-12", "source": "cerulean-reviewed", "verified": true}}, {"type": "Feature", "geometry": {"type": "Point", "coordinates": [7.83872, 4.03607]}, "properties": {"id": "cer-3611389-0", "class": 1, "date": "2024-03-12", "source": "cerulean-reviewed", "verified": true}}, {"type": "Feature", "geometry": {"type": "Point", "coordinates": [8.21257, 4.09682]}, "properties": {"id": "cer-3611394-0", "class": 1, "date": "2024-03-12", "source": "cerulean-reviewed", "verified": true}}, {"type": "Feature", "geometry": {"type": "Point", "coordinates": [8.30009, 4.07868]}, "properties": {"id": "cer-3611394-1", "class": 1, "date": "2024-03-12", "source": "cerulean-reviewed", "verified": true}}, {"type": "Feature", "geometry": {"type": "Point", "coordinates": [8.15354, 4.27846]}, "properties": {"id": "cer-3611400-0", "class": 1, "date": "2024-04-05", "source": "cerulean-reviewed", "verified": true}}, {"type": "Feature", "geometry": {"type": "Point", "coordinates": [4.85556, 5.97376]}, "properties": {"id": "cer-3611471-0", "class": 1, "date": "2024-02-10", "source": "cerulean-reviewed", "verified": true}}, {"type": "Feature", "geometry": {"type": "Point", "coordinates": [4.85109, 5.9794]}, "properties": {"id": "cer-3611471-1", "class": 1, "date": "2024-02-10", "source": "cerulean-reviewed", "verified": true}}, {"type": "Feature", "geometry": {"type": "Point", "coordinates": [4.85559, 5.95147]}, "properties": {"id": "cer-3611784-0", "class": 1, "date": "2024-01-29", "source": "cerulean-reviewed", "verified": true}}, {"type": "Feature", "geometry": {"type": "Point", "coordinates": [4.80346, 5.96987]}, "properties": {"id": "cer-3611784-1", "class": 1, "date": "2024-01-29", "source": "cerulean-reviewed", "verified": true}}, {"type": "Feature", "geometry": {"type": "Point", "coordinates": [4.8048, 5.96249]}, "properties": {"id": "cer-3611790-0", "class": 1, "date": "2024-01-05", "source": "cerulean-reviewed", "verified": true}}, {"type": "Feature", "geometry": {"type": "Point", "coordinates": [4.86892, 5.94834]}, "properties": {"id": "cer-3611790-1", "class": 1, "date": "2024-01-05", "source": "cerulean-reviewed", "verified": true}}, {"type": "Feature", "geometry": {"type": "Point", "coordinates": [4.81613, 5.92678]}, "properties": {"id": "cer-3611791-0", "class": 1, "date": "2024-01-05", "source": "cerulean-reviewed", "verified": true}}, {"type": "Feature", "geometry": {"type": "Point", "coordinates": [4.78792, 5.94965]}, "properties": {"id": "cer-3611791-1", "class": 1, "date": "2024-01-05", "source": "cerulean-reviewed", "verified": true}}, {"type": "Feature", "geometry": {"type": "Point", "coordinates": [4.72684, 5.99267]}, "properties": {"id": "cer-3611792-0", "class": 1, "date": "2024-01-05", "source": "cerulean-reviewed", "verified": true}}, {"type": "Feature", "geometry": {"type": "Point", "coordinates": [4.83526, 5.99843]}, "properties": {"id": "cer-3611792-1", "class": 1, "date": "2024-01-05", "source": "cerulean-reviewed", "verified": true}}, {"type": "Feature", "geometry": {"type": "Point", "coordinates": [8.48554, 4.28945]}, "properties": {"id": "cer-3611799-0", "class": 1, "date": "2024-01-07", "source": "cerulean-reviewed", "verified": true}}, {"type": "Feature", "geometry": {"type": "Point", "coordinates": [8.49199, 4.28961]}, "properties": {"id": "cer-3611799-1", "class": 1, "date": "2024-01-07", "source": "cerulean-reviewed", "verified": true}}, {"type": "Feature", "geometry": {"type": "Point", "coordinates": [4.82603, 5.99882]}, "properties": {"id": "cer-3611832-0", "class": 1, "date": "2024-01-05", "source": "cerulean-reviewed", "verified": true}}, {"type": "Feature", "geometry": {"type": "Point", "coordinates": [4.87238, 5.92817]}, "properties": {"id": "cer-3611832-1", "class": 1, "date": "2024-01-05", "source": "cerulean-reviewed", "verified": true}}, {"type": "Feature", "geometry": {"type": "Point", "coordinates": [4.92834, 5.81309]}, "properties": {"id": "cer-3611833-0", "class": 1, "date": "2024-01-05", "source": "cerulean-reviewed", "verified": true}}, {"type": "Feature", "geometry": {"type": "Point", "coordinates": [4.70387, 6.08677]}, "properties": {"id": "cer-3611959-0", "class": 1, "date": "2024-01-29", "source": "cerulean-reviewed", "verified": true}}, {"type": "Feature", "geometry": {"type": "Point", "coordinates": [4.85538, 5.97223]}, "properties": {"id": "cer-3611959-1", "class": 1, "date": "2024-01-29", "source": "cerulean-reviewed", "verified": true}}, {"type": "Feature", "geometry": {"type": "Point", "coordinates": [7.79924, 3.96775]}, "properties": {"id": "cer-3611995-0", "class": 1, "date": "2024-02-17", "source": "cerulean-reviewed", "verified": true}}, {"type": "Feature", "geometry": {"type": "Point", "coordinates": [7.81756, 3.96561]}, "properties": {"id": "cer-3611995-1", "class": 1, "date": "2024-02-17", "source": "cerulean-reviewed", "verified": true}}, {"type": "Feature", "geometry": {"type": "Point", "coordinates": [7.5246, 4.03439]}, "properties": {"id": "cer-3612064-0", "class": 1, "date": "2024-01-24", "source": "cerulean-reviewed", "verified": true}}, {"type": "Feature", "geometry": {"type": "Point", "coordinates": [7.39654, 3.53451]}, "properties": {"id": "cer-3612065-0", "class": 1, "date": "2024-01-24", "source": "cerulean-reviewed", "verified": true}}, {"type": "Feature", "geometry": {"type": "Point", "coordinates": [7.58007, 3.54913]}, "properties": {"id": "cer-3612065-1", "class": 1, "date": "2024-01-24", "source": "cerulean-reviewed", "verified": true}}, {"type": "Feature", "geometry": {"type": "Point", "coordinates": [7.56541, 4.15587]}, "properties": {"id": "cer-3612075-0", "class": 1, "date": "2024-01-24", "source": "cerulean-reviewed", "verified": true}}, {"type": "Feature", "geometry": {"type": "Point", "coordinates": [7.56869, 4.15184]}, "properties": {"id": "cer-3612075-1", "class": 1, "date": "2024-01-24", "source": "cerulean-reviewed", "verified": true}}, {"type": "Feature", "geometry": {"type": "Point", "coordinates": [7.86621, 4.4553]}, "properties": {"id": "cer-3613827-0", "class": 1, "date": "2023-06-05", "source": "cerulean-reviewed", "verified": true}}, {"type": "Feature", "geometry": {"type": "Point", "coordinates": [7.84025, 4.42718]}, "properties": {"id": "cer-3613827-1", "class": 1, "date": "2023-06-05", "source": "cerulean-reviewed", "verified": true}}, {"type": "Feature", "geometry": {"type": "Point", "coordinates": [4.83911, 5.98821]}, "properties": {"id": "cer-3614452-0", "class": 1, "date": "2024-12-18", "source": "cerulean-reviewed", "verified": true}}, {"type": "Feature", "geometry": {"type": "Point", "coordinates": [4.83708, 5.98373]}, "properties": {"id": "cer-3614452-1", "class": 1, "date": "2024-12-18", "source": "cerulean-reviewed", "verified": true}}, {"type": "Feature", "geometry": {"type": "Point", "coordinates": [4.87172, 5.93328]}, "properties": {"id": "cer-3614453-0", "class": 1, "date": "2024-12-18", "source": "cerulean-reviewed", "verified": true}}, {"type": "Feature", "geometry": {"type": "Point", "coordinates": [4.873, 5.93024]}, "properties": {"id": "cer-3614453-1", "class": 1, "date": "2024-12-18", "source": "cerulean-reviewed", "verified": true}}, {"type": "Feature", "geometry": {"type": "Point", "coordinates": [5.00422, 5.41998]}, "properties": {"id": "cer-3614456-0", "class": 1, "date": "2024-12-18", "source": "cerulean-reviewed", "verified": true}}, {"type": "Feature", "geometry": {"type": "Point", "coordinates": [4.98883, 5.39268]}, "properties": {"id": "cer-3614456-1", "class": 1, "date": "2024-12-18", "source": "cerulean-reviewed", "verified": true}}, {"type": "Feature", "geometry": {"type": "Point", "coordinates": [5.28305, 4.82265]}, "properties": {"id": "cer-3614797-0", "class": 1, "date": "2024-12-18", "source": "cerulean-reviewed", "verified": true}}, {"type": "Feature", "geometry": {"type": "Point", "coordinates": [5.23374, 4.87881]}, "properties": {"id": "cer-3614797-1", "class": 1, "date": "2024-12-18", "source": "cerulean-reviewed", "verified": true}}, {"type": "Feature", "geometry": {"type": "Point", "coordinates": [4.85046, 5.75512]}, "properties": {"id": "cer-3614820-0", "class": 1, "date": "2024-12-18", "source": "cerulean-reviewed", "verified": true}}, {"type": "Feature", "geometry": {"type": "Point", "coordinates": [4.88672, 5.76968]}, "properties": {"id": "cer-3614820-1", "class": 1, "date": "2024-12-18", "source": "cerulean-reviewed", "verified": true}}, {"type": "Feature", "geometry": {"type": "Point", "coordinates": [4.81505, 6.01668]}, "properties": {"id": "cer-3614821-0", "class": 1, "date": "2024-12-18", "source": "cerulean-reviewed", "verified": true}}, {"type": "Feature", "geometry": {"type": "Point", "coordinates": [4.81638, 6.0204]}, "properties": {"id": "cer-3614821-1", "class": 1, "date": "2024-12-18", "source": "cerulean-reviewed", "verified": true}}, {"type": "Feature", "geometry": {"type": "Point", "coordinates": [7.2139, 4.1573]}, "properties": {"id": "cer-3616109-0", "class": 1, "date": "2024-12-20", "source": "cerulean-reviewed", "verified": true}}, {"type": "Feature", "geometry": {"type": "Point", "coordinates": [8.04196, 3.94303]}, "properties": {"id": "cer-3616120-0", "class": 1, "date": "2024-12-20", "source": "cerulean-reviewed", "verified": true}}, {"type": "Feature", "geometry": {"type": "Point", "coordinates": [8.04142, 3.93501]}, "properties": {"id": "cer-3616120-1", "class": 1, "date": "2024-12-20", "source": "cerulean-reviewed", "verified": true}}, {"type": "Feature", "geometry": {"type": "Point", "coordinates": [7.79097, 4.40581]}, "properties": {"id": "cer-3623431-0", "class": 1, "date": "2023-05-24", "source": "cerulean-reviewed", "verified": true}}, {"type": "Feature", "geometry": {"type": "Point", "coordinates": [7.87474, 4.4422]}, "properties": {"id": "cer-3629173-0", "class": 1, "date": "2023-05-17", "source": "cerulean-reviewed", "verified": true}}, {"type": "Feature", "geometry": {"type": "Point", "coordinates": [7.87007, 4.44343]}, "properties": {"id": "cer-3629173-1", "class": 1, "date": "2023-05-17", "source": "cerulean-reviewed", "verified": true}}, {"type": "Feature", "geometry": {"type": "Point", "coordinates": [5.14944, 4.84698]}, "properties": {"id": "cer-3646161-0", "class": 1, "date": "2023-05-05", "source": "cerulean-reviewed", "verified": true}}, {"type": "Feature", "geometry": {"type": "Point", "coordinates": [5.15333, 4.8505]}, "properties": {"id": "cer-3646161-1", "class": 1, "date": "2023-05-05", "source": "cerulean-reviewed", "verified": true}}, {"type": "Feature", "geometry": {"type": "Point", "coordinates": [7.83972, 4.40581]}, "properties": {"id": "cer-3662642-0", "class": 1, "date": "2023-04-18", "source": "cerulean-reviewed", "verified": true}}, {"type": "Feature", "geometry": {"type": "Point", "coordinates": [5.31976, 4.80752]}, "properties": {"id": "cer-3674566-0", "class": 1, "date": "2023-03-11", "source": "cerulean-reviewed", "verified": true}}, {"type": "Feature", "geometry": {"type": "Point", "coordinates": [7.88063, 4.43676]}, "properties": {"id": "cer-3704785-0", "class": 1, "date": "2023-02-22", "source": "cerulean-reviewed", "verified": true}}, {"type": "Feature", "geometry": {"type": "Point", "coordinates": [7.9041, 4.42225]}, "properties": {"id": "cer-3704785-1", "class": 1, "date": "2023-02-22", "source": "cerulean-reviewed", "verified": true}}, {"type": "Feature", "geometry": {"type": "Point", "coordinates": [7.87234, 4.39757]}, "properties": {"id": "cer-3726798-0", "class": 1, "date": "2023-01-12", "source": "cerulean-reviewed", "verified": true}}, {"type": "Feature", "geometry": {"type": "Point", "coordinates": [7.88505, 4.39681]}, "properties": {"id": "cer-3726798-1", "class": 1, "date": "2023-01-12", "source": "cerulean-reviewed", "verified": true}}, {"type": "Feature", "geometry": {"type": "Point", "coordinates": [5.33761, 4.87825]}, "properties": {"id": "cer-3741849-0", "class": 1, "date": "2023-01-17", "source": "cerulean-reviewed", "verified": true}}, {"type": "Feature", "geometry": {"type": "Point", "coordinates": [5.31565, 4.84099]}, "properties": {"id": "cer-3741849-1", "class": 1, "date": "2023-01-17", "source": "cerulean-reviewed", "verified": true}}, {"type": "Feature", "geometry": {"type": "Point", "coordinates": [5.31427, 4.79791]}, "properties": {"id": "cer-3743004-0", "class": 1, "date": "2023-02-15", "source": "cerulean-reviewed", "verified": true}}, {"type": "Feature", "geometry": {"type": "Point", "coordinates": [7.85139, 4.41473]}, "properties": {"id": "cer-3762389-0", "class": 1, "date": "2023-03-01", "source": "cerulean-reviewed", "verified": true}}, {"type": "Feature", "geometry": {"type": "Point", "coordinates": [7.83875, 4.40998]}, "properties": {"id": "cer-3768721-0", "class": 1, "date": "2023-01-17", "source": "cerulean-reviewed", "verified": true}}, {"type": "Feature", "geometry": {"type": "Point", "coordinates": [5.35029, 4.79136]}, "properties": {"id": "cer-3775011-0", "class": 1, "date": "2023-03-30", "source": "cerulean-reviewed", "verified": true}}, {"type": "Feature", "geometry": {"type": "Point", "coordinates": [5.35534, 4.80104]}, "properties": {"id": "cer-3775011-1", "class": 1, "date": "2023-03-30", "source": "cerulean-reviewed", "verified": true}}, {"type": "Feature", "geometry": {"type": "Point", "coordinates": [6.38818, 3.93891]}, "properties": {"id": "cer-3778376-0", "class": 1, "date": "2023-03-23", "source": "cerulean-reviewed", "verified": true}}, {"type": "Feature", "geometry": {"type": "Point", "coordinates": [6.65766, 3.94095]}, "properties": {"id": "cer-3786343-0", "class": 1, "date": "2024-12-25", "source": "cerulean-reviewed", "verified": true}}, {"type": "Feature", "geometry": {"type": "Point", "coordinates": [6.47865, 3.948]}, "properties": {"id": "cer-3786343-1", "class": 1, "date": "2024-12-25", "source": "cerulean-reviewed", "verified": true}}, {"type": "Feature", "geometry": {"type": "Point", "coordinates": [8.50719, 4.28844]}, "properties": {"id": "cer-3786749-0", "class": 1, "date": "2024-12-25", "source": "cerulean-reviewed", "verified": true}}, {"type": "Feature", "geometry": {"type": "Point", "coordinates": [8.51143, 4.29279]}, "properties": {"id": "cer-3786749-1", "class": 1, "date": "2024-12-25", "source": "cerulean-reviewed", "verified": true}}, {"type": "Feature", "geometry": {"type": "Point", "coordinates": [7.61075, 4.17169]}, "properties": {"id": "cer-3786757-0", "class": 1, "date": "2024-12-25", "source": "cerulean-reviewed", "verified": true}}, {"type": "Feature", "geometry": {"type": "Point", "coordinates": [7.28834, 4.05974]}, "properties": {"id": "cer-3786765-0", "class": 1, "date": "2024-12-25", "source": "cerulean-reviewed", "verified": true}}, {"type": "Feature", "geometry": {"type": "Point", "coordinates": [7.28807, 4.05708]}, "properties": {"id": "cer-3786765-1", "class": 1, "date": "2024-12-25", "source": "cerulean-reviewed", "verified": true}}, {"type": "Feature", "geometry": {"type": "Point", "coordinates": [4.85493, 5.95287]}, "properties": {"id": "cer-3791842-0", "class": 1, "date": "2024-12-30", "source": "cerulean-reviewed", "verified": true}}, {"type": "Feature", "geometry": {"type": "Point", "coordinates": [4.85316, 5.95469]}, "properties": {"id": "cer-3791842-1", "class": 1, "date": "2024-12-30", "source": "cerulean-reviewed", "verified": true}}, {"type": "Feature", "geometry": {"type": "Point", "coordinates": [4.92631, 5.89311]}, "properties": {"id": "cer-3791846-0", "class": 1, "date": "2024-12-30", "source": "cerulean-reviewed", "verified": true}}, {"type": "Feature", "geometry": {"type": "Point", "coordinates": [4.89228, 5.87964]}, "properties": {"id": "cer-3791846-1", "class": 1, "date": "2024-12-30", "source": "cerulean-reviewed", "verified": true}}, {"type": "Feature", "geometry": {"type": "Point", "coordinates": [5.11479, 5.59167]}, "properties": {"id": "cer-3791849-0", "class": 1, "date": "2024-12-30", "source": "cerulean-reviewed", "verified": true}}, {"type": "Feature", "geometry": {"type": "Point", "coordinates": [5.1142, 5.59266]}, "properties": {"id": "cer-3791849-1", "class": 1, "date": "2024-12-30", "source": "cerulean-reviewed", "verified": true}}, {"type": "Feature", "geometry": {"type": "Point", "coordinates": [5.3098, 4.83567]}, "properties": {"id": "cer-3791876-0", "class": 1, "date": "2024-12-30", "source": "cerulean-reviewed", "verified": true}}, {"type": "Feature", "geometry": {"type": "Point", "coordinates": [5.28832, 4.84592]}, "properties": {"id": "cer-3791876-1", "class": 1, "date": "2024-12-30", "source": "cerulean-reviewed", "verified": true}}, {"type": "Feature", "geometry": {"type": "Point", "coordinates": [4.85147, 5.9501]}, "properties": {"id": "cer-3791901-0", "class": 1, "date": "2024-12-30", "source": "cerulean-reviewed", "verified": true}}, {"type": "Feature", "geometry": {"type": "Point", "coordinates": [4.8635, 5.93236]}, "properties": {"id": "cer-3791901-1", "class": 1, "date": "2024-12-30", "source": "cerulean-reviewed", "verified": true}}, {"type": "Feature", "geometry": {"type": "Point", "coordinates": [8.0234, 4.21698]}, "properties": {"id": "cer-3793640-0", "class": 1, "date": "2025-01-01", "source": "cerulean-reviewed", "verified": true}}, {"type": "Feature", "geometry": {"type": "Point", "coordinates": [8.34372, 4.21492]}, "properties": {"id": "cer-3793641-0", "class": 1, "date": "2025-01-01", "source": "cerulean-reviewed", "verified": true}}, {"type": "Feature", "geometry": {"type": "Point", "coordinates": [7.99971, 4.35843]}, "properties": {"id": "cer-3798239-0", "class": 1, "date": "2025-01-06", "source": "cerulean-reviewed", "verified": true}}, {"type": "Feature", "geometry": {"type": "Point", "coordinates": [8.01334, 4.35618]}, "properties": {"id": "cer-3798239-1", "class": 1, "date": "2025-01-06", "source": "cerulean-reviewed", "verified": true}}, {"type": "Feature", "geometry": {"type": "Point", "coordinates": [8.44088, 4.32684]}, "properties": {"id": "cer-3798253-0", "class": 1, "date": "2025-01-06", "source": "cerulean-reviewed", "verified": true}}, {"type": "Feature", "geometry": {"type": "Point", "coordinates": [8.43794, 4.32458]}, "properties": {"id": "cer-3798253-1", "class": 1, "date": "2025-01-06", "source": "cerulean-reviewed", "verified": true}}, {"type": "Feature", "geometry": {"type": "Point", "coordinates": [4.85802, 5.92712]}, "properties": {"id": "cer-3802764-0", "class": 1, "date": "2025-01-11", "source": "cerulean-reviewed", "verified": true}}, {"type": "Feature", "geometry": {"type": "Point", "coordinates": [4.86238, 5.90721]}, "properties": {"id": "cer-3802764-1", "class": 1, "date": "2025-01-11", "source": "cerulean-reviewed", "verified": true}}, {"type": "Feature", "geometry": {"type": "Point", "coordinates": [4.83433, 5.95425]}, "properties": {"id": "cer-3803386-0", "class": 1, "date": "2025-01-11", "source": "cerulean-reviewed", "verified": true}}, {"type": "Feature", "geometry": {"type": "Point", "coordinates": [4.83725, 5.95397]}, "properties": {"id": "cer-3803386-1", "class": 1, "date": "2025-01-11", "source": "cerulean-reviewed", "verified": true}}, {"type": "Feature", "geometry": {"type": "Point", "coordinates": [4.91123, 5.91167]}, "properties": {"id": "cer-3812195-0", "class": 1, "date": "2025-02-04", "source": "cerulean-reviewed", "verified": true}}, {"type": "Feature", "geometry": {"type": "Point", "coordinates": [4.95478, 5.86973]}, "properties": {"id": "cer-3812696-0", "class": 1, "date": "2025-02-04", "source": "cerulean-reviewed", "verified": true}}, {"type": "Feature", "geometry": {"type": "Point", "coordinates": [4.90939, 5.90516]}, "properties": {"id": "cer-3812696-1", "class": 1, "date": "2025-02-04", "source": "cerulean-reviewed", "verified": true}}, {"type": "Feature", "geometry": {"type": "Point", "coordinates": [6.44686, 3.97116]}, "properties": {"id": "cer-3812721-0", "class": 1, "date": "2025-02-04", "source": "cerulean-reviewed", "verified": true}}, {"type": "Feature", "geometry": {"type": "Point", "coordinates": [6.42661, 3.95515]}, "properties": {"id": "cer-3812721-1", "class": 1, "date": "2025-02-04", "source": "cerulean-reviewed", "verified": true}}, {"type": "Feature", "geometry": {"type": "Point", "coordinates": [8.38703, 4.53461]}, "properties": {"id": "cer-3813812-0", "class": 1, "date": "2025-02-06", "source": "cerulean-reviewed", "verified": true}}, {"type": "Feature", "geometry": {"type": "Point", "coordinates": [8.38753, 4.53405]}, "properties": {"id": "cer-3813812-1", "class": 1, "date": "2025-02-06", "source": "cerulean-reviewed", "verified": true}}, {"type": "Feature", "geometry": {"type": "Point", "coordinates": [8.21637, 4.09547]}, "properties": {"id": "cer-3813835-0", "class": 1, "date": "2025-02-06", "source": "cerulean-reviewed", "verified": true}}, {"type": "Feature", "geometry": {"type": "Point", "coordinates": [8.197, 4.10155]}, "properties": {"id": "cer-3813835-1", "class": 1, "date": "2025-02-06", "source": "cerulean-reviewed", "verified": true}}, {"type": "Feature", "geometry": {"type": "Point", "coordinates": [5.83575, 4.31311]}, "properties": {"id": "cer-3815529-0", "class": 1, "date": "2025-01-18", "source": "cerulean-reviewed", "verified": true}}, {"type": "Feature", "geometry": {"type": "Point", "coordinates": [4.85453, 5.96243]}, "properties": {"id": "cer-3821082-0", "class": 1, "date": "2025-01-23", "source": "cerulean-reviewed", "verified": true}}, {"type": "Feature", "geometry": {"type": "Point", "coordinates": [4.85924, 5.96153]}, "properties": {"id": "cer-3821082-1", "class": 1, "date": "2025-01-23", "source": "cerulean-reviewed", "verified": true}}, {"type": "Feature", "geometry": {"type": "Point", "coordinates": [4.85796, 5.88381]}, "properties": {"id": "cer-3821083-0", "class": 1, "date": "2025-01-23", "source": "cerulean-reviewed", "verified": true}}, {"type": "Feature", "geometry": {"type": "Point", "coordinates": [4.92945, 5.87785]}, "properties": {"id": "cer-3821083-1", "class": 1, "date": "2025-01-23", "source": "cerulean-reviewed", "verified": true}}, {"type": "Feature", "geometry": {"type": "Point", "coordinates": [8.32381, 4.20599]}, "properties": {"id": "cer-3823086-0", "class": 1, "date": "2025-01-25", "source": "cerulean-reviewed", "verified": true}}, {"type": "Feature", "geometry": {"type": "Point", "coordinates": [5.09108, 5.48384]}, "properties": {"id": "cer-3827974-0", "class": 1, "date": "2025-01-30", "source": "cerulean-reviewed", "verified": true}}, {"type": "Feature", "geometry": {"type": "Point", "coordinates": [5.07867, 5.47171]}, "properties": {"id": "cer-3827974-1", "class": 1, "date": "2025-01-30", "source": "cerulean-reviewed", "verified": true}}, {"type": "Feature", "geometry": {"type": "Point", "coordinates": [8.2332, 4.36463]}, "properties": {"id": "cer-3828247-0", "class": 1, "date": "2025-01-30", "source": "cerulean-reviewed", "verified": true}}, {"type": "Feature", "geometry": {"type": "Point", "coordinates": [7.83903, 4.42641]}, "properties": {"id": "cer-3828250-0", "class": 1, "date": "2025-01-30", "source": "cerulean-reviewed", "verified": true}}, {"type": "Feature", "geometry": {"type": "Point", "coordinates": [8.20539, 4.07556]}, "properties": {"id": "cer-3828343-0", "class": 1, "date": "2025-01-30", "source": "cerulean-reviewed", "verified": true}}, {"type": "Feature", "geometry": {"type": "Point", "coordinates": [8.21063, 4.10308]}, "properties": {"id": "cer-3828343-1", "class": 1, "date": "2025-01-30", "source": "cerulean-reviewed", "verified": true}}, {"type": "Feature", "geometry": {"type": "Point", "coordinates": [5.34651, 4.8329]}, "properties": {"id": "cer-3830066-0", "class": 1, "date": "2025-01-30", "source": "cerulean-reviewed", "verified": true}}, {"type": "Feature", "geometry": {"type": "Point", "coordinates": [5.33386, 4.81848]}, "properties": {"id": "cer-3830066-1", "class": 1, "date": "2025-01-30", "source": "cerulean-reviewed", "verified": true}}, {"type": "Feature", "geometry": {"type": "Point", "coordinates": [6.2364, 4.13595]}, "properties": {"id": "cer-3834931-0", "class": 1, "date": "2025-02-11", "source": "cerulean-reviewed", "verified": true}}, {"type": "Feature", "geometry": {"type": "Point", "coordinates": [6.22378, 4.13789]}, "properties": {"id": "cer-3834931-1", "class": 1, "date": "2025-02-11", "source": "cerulean-reviewed", "verified": true}}, {"type": "Feature", "geometry": {"type": "Point", "coordinates": [6.50282, 4.00412]}, "properties": {"id": "cer-3834932-0", "class": 1, "date": "2025-02-11", "source": "cerulean-reviewed", "verified": true}}, {"type": "Feature", "geometry": {"type": "Point", "coordinates": [6.57797, 4.04185]}, "properties": {"id": "cer-3834932-1", "class": 1, "date": "2025-02-11", "source": "cerulean-reviewed", "verified": true}}, {"type": "Feature", "geometry": {"type": "Point", "coordinates": [4.88405, 5.92398]}, "properties": {"id": "cer-3839952-0", "class": 1, "date": "2025-02-16", "source": "cerulean-reviewed", "verified": true}}, {"type": "Feature", "geometry": {"type": "Point", "coordinates": [6.59008, 4.07764]}, "properties": {"id": "cer-3840696-0", "class": 1, "date": "2025-02-16", "source": "cerulean-reviewed", "verified": true}}, {"type": "Feature", "geometry": {"type": "Point", "coordinates": [6.63159, 4.10776]}, "properties": {"id": "cer-3840696-1", "class": 1, "date": "2025-02-16", "source": "cerulean-reviewed", "verified": true}}, {"type": "Feature", "geometry": {"type": "Point", "coordinates": [4.89029, 5.92472]}, "properties": {"id": "cer-3840704-0", "class": 1, "date": "2025-02-16", "source": "cerulean-reviewed", "verified": true}}, {"type": "Feature", "geometry": {"type": "Point", "coordinates": [4.84539, 5.88527]}, "properties": {"id": "cer-3840704-1", "class": 1, "date": "2025-02-16", "source": "cerulean-reviewed", "verified": true}}, {"type": "Feature", "geometry": {"type": "Point", "coordinates": [4.88889, 5.79389]}, "properties": {"id": "cer-3840705-0", "class": 1, "date": "2025-02-16", "source": "cerulean-reviewed", "verified": true}}, {"type": "Feature", "geometry": {"type": "Point", "coordinates": [4.87376, 5.8251]}, "properties": {"id": "cer-3840708-0", "class": 1, "date": "2025-02-16", "source": "cerulean-reviewed", "verified": true}}, {"type": "Feature", "geometry": {"type": "Point", "coordinates": [4.87182, 5.84203]}, "properties": {"id": "cer-3840708-1", "class": 1, "date": "2025-02-16", "source": "cerulean-reviewed", "verified": true}}, {"type": "Feature", "geometry": {"type": "Point", "coordinates": [5.3524, 4.79794]}, "properties": {"id": "cer-3840711-0", "class": 1, "date": "2025-02-16", "source": "cerulean-reviewed", "verified": true}}, {"type": "Feature", "geometry": {"type": "Point", "coordinates": [5.35702, 4.78934]}, "properties": {"id": "cer-3840711-1", "class": 1, "date": "2025-02-16", "source": "cerulean-reviewed", "verified": true}}, {"type": "Feature", "geometry": {"type": "Point", "coordinates": [8.1601, 4.21635]}, "properties": {"id": "cer-3842256-0", "class": 1, "date": "2025-02-18", "source": "cerulean-reviewed", "verified": true}}, {"type": "Feature", "geometry": {"type": "Point", "coordinates": [8.16699, 4.21318]}, "properties": {"id": "cer-3842256-1", "class": 1, "date": "2025-02-18", "source": "cerulean-reviewed", "verified": true}}, {"type": "Feature", "geometry": {"type": "Point", "coordinates": [8.21812, 4.11472]}, "properties": {"id": "cer-3842257-0", "class": 1, "date": "2025-02-18", "source": "cerulean-reviewed", "verified": true}}, {"type": "Feature", "geometry": {"type": "Point", "coordinates": [8.22046, 4.1175]}, "properties": {"id": "cer-3842257-1", "class": 1, "date": "2025-02-18", "source": "cerulean-reviewed", "verified": true}}, {"type": "Feature", "geometry": {"type": "Point", "coordinates": [5.30603, 4.83361]}, "properties": {"id": "cer-3847128-0", "class": 1, "date": "2025-02-23", "source": "cerulean-reviewed", "verified": true}}, {"type": "Feature", "geometry": {"type": "Point", "coordinates": [5.29978, 4.84928]}, "properties": {"id": "cer-3847128-1", "class": 1, "date": "2025-02-23", "source": "cerulean-reviewed", "verified": true}}, {"type": "Feature", "geometry": {"type": "Point", "coordinates": [7.84389, 4.39659]}, "properties": {"id": "cer-3847547-0", "class": 1, "date": "2025-02-23", "source": "cerulean-reviewed", "verified": true}}, {"type": "Feature", "geometry": {"type": "Point", "coordinates": [7.84442, 4.39772]}, "properties": {"id": "cer-3847547-1", "class": 1, "date": "2025-02-23", "source": "cerulean-reviewed", "verified": true}}, {"type": "Feature", "geometry": {"type": "Point", "coordinates": [7.34193, 4.14628]}, "properties": {"id": "cer-3847551-0", "class": 1, "date": "2025-02-23", "source": "cerulean-reviewed", "verified": true}}, {"type": "Feature", "geometry": {"type": "Point", "coordinates": [7.40814, 4.15699]}, "properties": {"id": "cer-3847551-1", "class": 1, "date": "2025-02-23", "source": "cerulean-reviewed", "verified": true}}, {"type": "Feature", "geometry": {"type": "Point", "coordinates": [4.87415, 5.91511]}, "properties": {"id": "cer-3853596-0", "class": 1, "date": "2025-02-28", "source": "cerulean-reviewed", "verified": true}}, {"type": "Feature", "geometry": {"type": "Point", "coordinates": [4.84756, 5.96832]}, "properties": {"id": "cer-3853596-1", "class": 1, "date": "2025-02-28", "source": "cerulean-reviewed", "verified": true}}, {"type": "Feature", "geometry": {"type": "Point", "coordinates": [4.8666, 5.88696]}, "properties": {"id": "cer-3854333-0", "class": 1, "date": "2025-02-28", "source": "cerulean-reviewed", "verified": true}}, {"type": "Feature", "geometry": {"type": "Point", "coordinates": [4.88597, 5.86289]}, "properties": {"id": "cer-3854333-1", "class": 1, "date": "2025-02-28", "source": "cerulean-reviewed", "verified": true}}, {"type": "Feature", "geometry": {"type": "Point", "coordinates": [4.84354, 5.99058]}, "properties": {"id": "cer-3854336-0", "class": 1, "date": "2025-02-28", "source": "cerulean-reviewed", "verified": true}}, {"type": "Feature", "geometry": {"type": "Point", "coordinates": [6.93097, 3.94578]}, "properties": {"id": "cer-3854346-0", "class": 1, "date": "2025-02-28", "source": "cerulean-reviewed", "verified": true}}, {"type": "Feature", "geometry": {"type": "Point", "coordinates": [6.93912, 3.90567]}, "properties": {"id": "cer-3854346-1", "class": 1, "date": "2025-02-28", "source": "cerulean-reviewed", "verified": true}}, {"type": "Feature", "geometry": {"type": "Point", "coordinates": [6.45579, 3.97253]}, "properties": {"id": "cer-3854349-0", "class": 1, "date": "2025-02-28", "source": "cerulean-reviewed", "verified": true}}, {"type": "Feature", "geometry": {"type": "Point", "coordinates": [6.48152, 3.95003]}, "properties": {"id": "cer-3854349-1", "class": 1, "date": "2025-02-28", "source": "cerulean-reviewed", "verified": true}}, {"type": "Feature", "geometry": {"type": "Point", "coordinates": [5.05337, 4.40655]}, "properties": {"id": "cer-3854355-0", "class": 1, "date": "2025-02-28", "source": "cerulean-reviewed", "verified": true}}, {"type": "Feature", "geometry": {"type": "Point", "coordinates": [5.04759, 4.39897]}, "properties": {"id": "cer-3854355-1", "class": 1, "date": "2025-02-28", "source": "cerulean-reviewed", "verified": true}}, {"type": "Feature", "geometry": {"type": "Point", "coordinates": [6.97082, 3.90152]}, "properties": {"id": "cer-3855912-0", "class": 1, "date": "2025-03-02", "source": "cerulean-reviewed", "verified": true}}, {"type": "Feature", "geometry": {"type": "Point", "coordinates": [6.97319, 3.87057]}, "properties": {"id": "cer-3855912-1", "class": 1, "date": "2025-03-02", "source": "cerulean-reviewed", "verified": true}}, {"type": "Feature", "geometry": {"type": "Point", "coordinates": [8.2792, 4.11538]}, "properties": {"id": "cer-3855919-0", "class": 1, "date": "2025-03-02", "source": "cerulean-reviewed", "verified": true}}, {"type": "Feature", "geometry": {"type": "Point", "coordinates": [8.27539, 4.10613]}, "properties": {"id": "cer-3855919-1", "class": 1, "date": "2025-03-02", "source": "cerulean-reviewed", "verified": true}}, {"type": "Feature", "geometry": {"type": "Point", "coordinates": [6.64601, 4.02612]}, "properties": {"id": "cer-3855920-0", "class": 1, "date": "2025-03-02", "source": "cerulean-reviewed", "verified": true}}, {"type": "Feature", "geometry": {"type": "Point", "coordinates": [6.65164, 4.02755]}, "properties": {"id": "cer-3855920-1", "class": 1, "date": "2025-03-02", "source": "cerulean-reviewed", "verified": true}}, {"type": "Feature", "geometry": {"type": "Point", "coordinates": [6.43004, 3.95949]}, "properties": {"id": "cer-3860822-0", "class": 1, "date": "2025-03-07", "source": "cerulean-reviewed", "verified": true}}, {"type": "Feature", "geometry": {"type": "Point", "coordinates": [6.42249, 3.94625]}, "properties": {"id": "cer-3860822-1", "class": 1, "date": "2025-03-07", "source": "cerulean-reviewed", "verified": true}}, {"type": "Feature", "geometry": {"type": "Point", "coordinates": [8.42377, 4.56413]}, "properties": {"id": "cer-3861300-0", "class": 1, "date": "2025-03-07", "source": "cerulean-reviewed", "verified": true}}, {"type": "Feature", "geometry": {"type": "Point", "coordinates": [8.38806, 4.548]}, "properties": {"id": "cer-3861301-0", "class": 1, "date": "2025-03-07", "source": "cerulean-reviewed", "verified": true}}, {"type": "Feature", "geometry": {"type": "Point", "coordinates": [7.83669, 4.41479]}, "properties": {"id": "cer-3861303-0", "class": 1, "date": "2025-03-07", "source": "cerulean-reviewed", "verified": true}}, {"type": "Feature", "geometry": {"type": "Point", "coordinates": [8.4337, 4.58711]}, "properties": {"id": "cer-3861307-0", "class": 1, "date": "2025-03-07", "source": "cerulean-reviewed", "verified": true}}, {"type": "Feature", "geometry": {"type": "Point", "coordinates": [6.3717, 3.86819]}, "properties": {"id": "cer-3868767-0", "class": 1, "date": "2025-03-12", "source": "cerulean-reviewed", "verified": true}}, {"type": "Feature", "geometry": {"type": "Point", "coordinates": [6.37176, 3.86439]}, "properties": {"id": "cer-3868767-1", "class": 1, "date": "2025-03-12", "source": "cerulean-reviewed", "verified": true}}, {"type": "Feature", "geometry": {"type": "Point", "coordinates": [7.96847, 4.18677]}, "properties": {"id": "cer-3870870-0", "class": 1, "date": "2025-03-14", "source": "cerulean-reviewed", "verified": true}}, {"type": "Feature", "geometry": {"type": "Point", "coordinates": [7.96988, 4.19245]}, "properties": {"id": "cer-3870870-1", "class": 1, "date": "2025-03-14", "source": "cerulean-reviewed", "verified": true}}, {"type": "Feature", "geometry": {"type": "Point", "coordinates": [4.87169, 5.94355]}, "properties": {"id": "cer-3881845-0", "class": 1, "date": "2025-03-24", "source": "cerulean-reviewed", "verified": true}}, {"type": "Feature", "geometry": {"type": "Point", "coordinates": [4.87559, 5.92178]}, "properties": {"id": "cer-3881845-1", "class": 1, "date": "2025-03-24", "source": "cerulean-reviewed", "verified": true}}, {"type": "Feature", "geometry": {"type": "Point", "coordinates": [4.83427, 5.99093]}, "properties": {"id": "cer-3881846-0", "class": 1, "date": "2025-03-24", "source": "cerulean-reviewed", "verified": true}}, {"type": "Feature", "geometry": {"type": "Point", "coordinates": [4.82113, 5.9918]}, "properties": {"id": "cer-3881846-1", "class": 1, "date": "2025-03-24", "source": "cerulean-reviewed", "verified": true}}, {"type": "Feature", "geometry": {"type": "Point", "coordinates": [6.8026, 4.16965]}, "properties": {"id": "cer-3882377-0", "class": 1, "date": "2025-03-24", "source": "cerulean-reviewed", "verified": true}}, {"type": "Feature", "geometry": {"type": "Point", "coordinates": [6.75133, 4.151]}, "properties": {"id": "cer-3882377-1", "class": 1, "date": "2025-03-24", "source": "cerulean-reviewed", "verified": true}}, {"type": "Feature", "geometry": {"type": "Point", "coordinates": [6.23849, 4.13873]}, "properties": {"id": "cer-3882380-0", "class": 1, "date": "2025-03-24", "source": "cerulean-reviewed", "verified": true}}, {"type": "Feature", "geometry": {"type": "Point", "coordinates": [6.26232, 4.1395]}, "properties": {"id": "cer-3882380-1", "class": 1, "date": "2025-03-24", "source": "cerulean-reviewed", "verified": true}}, {"type": "Feature", "geometry": {"type": "Point", "coordinates": [6.34867, 4.09304]}, "properties": {"id": "cer-3882386-0", "class": 1, "date": "2025-03-24", "source": "cerulean-reviewed", "verified": true}}, {"type": "Feature", "geometry": {"type": "Point", "coordinates": [4.94282, 5.77366]}, "properties": {"id": "cer-3882389-0", "class": 1, "date": "2025-03-24", "source": "cerulean-reviewed", "verified": true}}, {"type": "Feature", "geometry": {"type": "Point", "coordinates": [8.26753, 4.32206]}, "properties": {"id": "cer-3883897-0", "class": 1, "date": "2025-03-26", "source": "cerulean-reviewed", "verified": true}}, {"type": "Feature", "geometry": {"type": "Point", "coordinates": [8.28448, 4.31474]}, "properties": {"id": "cer-3883897-1", "class": 1, "date": "2025-03-26", "source": "cerulean-reviewed", "verified": true}}, {"type": "Feature", "geometry": {"type": "Point", "coordinates": [5.32013, 4.7945]}, "properties": {"id": "cer-3890438-0", "class": 1, "date": "2025-03-31", "source": "cerulean-reviewed", "verified": true}}, {"type": "Feature", "geometry": {"type": "Point", "coordinates": [5.31511, 4.79772]}, "properties": {"id": "cer-3890438-1", "class": 1, "date": "2025-03-31", "source": "cerulean-reviewed", "verified": true}}, {"type": "Feature", "geometry": {"type": "Point", "coordinates": [6.44691, 4.2445]}, "properties": {"id": "cer-3896822-0", "class": 1, "date": "2025-04-05", "source": "cerulean-reviewed", "verified": true}}, {"type": "Feature", "geometry": {"type": "Point", "coordinates": [6.49422, 4.25725]}, "properties": {"id": "cer-3896822-1", "class": 1, "date": "2025-04-05", "source": "cerulean-reviewed", "verified": true}}, {"type": "Feature", "geometry": {"type": "Point", "coordinates": [6.43181, 4.02306]}, "properties": {"id": "cer-3896823-0", "class": 1, "date": "2025-04-05", "source": "cerulean-reviewed", "verified": true}}, {"type": "Feature", "geometry": {"type": "Point", "coordinates": [6.4242, 3.95081]}, "properties": {"id": "cer-3896823-1", "class": 1, "date": "2025-04-05", "source": "cerulean-reviewed", "verified": true}}, {"type": "Feature", "geometry": {"type": "Point", "coordinates": [5.32528, 4.79553]}, "properties": {"id": "cer-3896829-0", "class": 1, "date": "2025-04-05", "source": "cerulean-reviewed", "verified": true}}, {"type": "Feature", "geometry": {"type": "Point", "coordinates": [4.85556, 5.97067]}, "properties": {"id": "cer-3896831-0", "class": 1, "date": "2025-04-05", "source": "cerulean-reviewed", "verified": true}}, {"type": "Feature", "geometry": {"type": "Point", "coordinates": [8.35264, 4.21698]}, "properties": {"id": "cer-3899313-0", "class": 1, "date": "2025-04-07", "source": "cerulean-reviewed", "verified": true}}, {"type": "Feature", "geometry": {"type": "Point", "coordinates": [7.85208, 4.41405]}, "properties": {"id": "cer-3899320-0", "class": 1, "date": "2025-04-07", "source": "cerulean-reviewed", "verified": true}}, {"type": "Feature", "geometry": {"type": "Point", "coordinates": [5.29779, 4.88237]}, "properties": {"id": "cer-3905405-0", "class": 1, "date": "2025-04-12", "source": "cerulean-reviewed", "verified": true}}, {"type": "Feature", "geometry": {"type": "Point", "coordinates": [5.27259, 4.95357]}, "properties": {"id": "cer-3905405-1", "class": 1, "date": "2025-04-12", "source": "cerulean-reviewed", "verified": true}}, {"type": "Feature", "geometry": {"type": "Point", "coordinates": [6.84171, 3.98561]}, "properties": {"id": "cer-3905407-0", "class": 1, "date": "2025-04-12", "source": "cerulean-reviewed", "verified": true}}, {"type": "Feature", "geometry": {"type": "Point", "coordinates": [6.8071, 3.98515]}, "properties": {"id": "cer-3905407-1", "class": 1, "date": "2025-04-12", "source": "cerulean-reviewed", "verified": true}}, {"type": "Feature", "geometry": {"type": "Point", "coordinates": [4.72478, 6.06408]}, "properties": {"id": "cer-3909594-0", "class": 1, "date": "2025-04-17", "source": "cerulean-reviewed", "verified": true}}, {"type": "Feature", "geometry": {"type": "Point", "coordinates": [4.72812, 6.07994]}, "properties": {"id": "cer-3909594-1", "class": 1, "date": "2025-04-17", "source": "cerulean-reviewed", "verified": true}}, {"type": "Feature", "geometry": {"type": "Point", "coordinates": [4.8161, 5.93362]}, "properties": {"id": "cer-3909595-0", "class": 1, "date": "2025-04-17", "source": "cerulean-reviewed", "verified": true}}, {"type": "Feature", "geometry": {"type": "Point", "coordinates": [4.81791, 5.93306]}, "properties": {"id": "cer-3909595-1", "class": 1, "date": "2025-04-17", "source": "cerulean-reviewed", "verified": true}}, {"type": "Feature", "geometry": {"type": "Point", "coordinates": [4.65097, 6.06958]}, "properties": {"id": "cer-3910370-0", "class": 1, "date": "2025-04-17", "source": "cerulean-reviewed", "verified": true}}, {"type": "Feature", "geometry": {"type": "Point", "coordinates": [4.68429, 6.08248]}, "properties": {"id": "cer-3910370-1", "class": 1, "date": "2025-04-17", "source": "cerulean-reviewed", "verified": true}}, {"type": "Feature", "geometry": {"type": "Point", "coordinates": [6.14204, 4.17]}, "properties": {"id": "cer-3910374-0", "class": 1, "date": "2025-04-17", "source": "cerulean-reviewed", "verified": true}}, {"type": "Feature", "geometry": {"type": "Point", "coordinates": [6.17391, 4.16117]}, "properties": {"id": "cer-3910374-1", "class": 1, "date": "2025-04-17", "source": "cerulean-reviewed", "verified": true}}, {"type": "Feature", "geometry": {"type": "Point", "coordinates": [6.91653, 4.34675]}, "properties": {"id": "cer-3920019-0", "class": 1, "date": "2025-04-24", "source": "cerulean-reviewed", "verified": true}}, {"type": "Feature", "geometry": {"type": "Point", "coordinates": [7.64437, 4.29388]}, "properties": {"id": "cer-3920020-0", "class": 1, "date": "2025-04-24", "source": "cerulean-reviewed", "verified": true}}, {"type": "Feature", "geometry": {"type": "Point", "coordinates": [8.06946, 4.29977]}, "properties": {"id": "cer-3920021-0", "class": 1, "date": "2025-04-24", "source": "cerulean-reviewed", "verified": true}}, {"type": "Feature", "geometry": {"type": "Point", "coordinates": [8.13414, 4.2209]}, "properties": {"id": "cer-3920021-1", "class": 1, "date": "2025-04-24", "source": "cerulean-reviewed", "verified": true}}, {"type": "Feature", "geometry": {"type": "Point", "coordinates": [4.7172, 5.80725]}, "properties": {"id": "cer-3925452-0", "class": 1, "date": "2025-04-29", "source": "cerulean-reviewed", "verified": true}}, {"type": "Feature", "geometry": {"type": "Point", "coordinates": [4.69818, 5.808]}, "properties": {"id": "cer-3925452-1", "class": 1, "date": "2025-04-29", "source": "cerulean-reviewed", "verified": true}}, {"type": "Feature", "geometry": {"type": "Point", "coordinates": [5.27447, 4.7945]}, "properties": {"id": "cer-3926169-0", "class": 1, "date": "2025-04-29", "source": "cerulean-reviewed", "verified": true}}, {"type": "Feature", "geometry": {"type": "Point", "coordinates": [5.27091, 4.7938]}, "properties": {"id": "cer-3926169-1", "class": 1, "date": "2025-04-29", "source": "cerulean-reviewed", "verified": true}}, {"type": "Feature", "geometry": {"type": "Point", "coordinates": [5.90203, 4.3461]}, "properties": {"id": "cer-3926182-0", "class": 1, "date": "2025-04-29", "source": "cerulean-reviewed", "verified": true}}, {"type": "Feature", "geometry": {"type": "Point", "coordinates": [5.88396, 4.34793]}, "properties": {"id": "cer-3926182-1", "class": 1, "date": "2025-04-29", "source": "cerulean-reviewed", "verified": true}}, {"type": "Feature", "geometry": {"type": "Point", "coordinates": [6.37925, 3.92518]}, "properties": {"id": "cer-3926183-0", "class": 1, "date": "2025-04-29", "source": "cerulean-reviewed", "verified": true}}, {"type": "Feature", "geometry": {"type": "Point", "coordinates": [6.37199, 3.9185]}, "properties": {"id": "cer-3926183-1", "class": 1, "date": "2025-04-29", "source": "cerulean-reviewed", "verified": true}}, {"type": "Feature", "geometry": {"type": "Point", "coordinates": [8.47798, 4.34541]}, "properties": {"id": "cer-3927796-0", "class": 1, "date": "2025-05-01", "source": "cerulean-reviewed", "verified": true}}, {"type": "Feature", "geometry": {"type": "Point", "coordinates": [8.42337, 4.30144]}, "properties": {"id": "cer-3927802-0", "class": 1, "date": "2025-05-01", "source": "cerulean-reviewed", "verified": true}}, {"type": "Feature", "geometry": {"type": "Point", "coordinates": [6.43006, 3.96775]}, "properties": {"id": "cer-3933198-0", "class": 1, "date": "2025-05-06", "source": "cerulean-reviewed", "verified": true}}, {"type": "Feature", "geometry": {"type": "Point", "coordinates": [6.42741, 3.95447]}, "properties": {"id": "cer-3933198-1", "class": 1, "date": "2025-05-06", "source": "cerulean-reviewed", "verified": true}}, {"type": "Feature", "geometry": {"type": "Point", "coordinates": [8.34721, 4.2699]}, "properties": {"id": "cer-3933994-0", "class": 1, "date": "2025-05-06", "source": "cerulean-reviewed", "verified": true}}, {"type": "Feature", "geometry": {"type": "Point", "coordinates": [8.11787, 4.20261]}, "properties": {"id": "cer-3933995-0", "class": 1, "date": "2025-05-06", "source": "cerulean-reviewed", "verified": true}}, {"type": "Feature", "geometry": {"type": "Point", "coordinates": [8.11215, 4.19623]}, "properties": {"id": "cer-3933995-1", "class": 1, "date": "2025-05-06", "source": "cerulean-reviewed", "verified": true}}, {"type": "Feature", "geometry": {"type": "Point", "coordinates": [8.10688, 4.12983]}, "properties": {"id": "cer-3933997-0", "class": 1, "date": "2025-05-06", "source": "cerulean-reviewed", "verified": true}}, {"type": "Feature", "geometry": {"type": "Point", "coordinates": [7.64405, 4.14766]}, "properties": {"id": "cer-3934005-0", "class": 1, "date": "2025-05-06", "source": "cerulean-reviewed", "verified": true}}, {"type": "Feature", "geometry": {"type": "Point", "coordinates": [7.65105, 4.16245]}, "properties": {"id": "cer-3934005-1", "class": 1, "date": "2025-05-06", "source": "cerulean-reviewed", "verified": true}}, {"type": "Feature", "geometry": {"type": "Point", "coordinates": [4.95584, 5.62532]}, "properties": {"id": "cer-3938987-0", "class": 1, "date": "2025-05-11", "source": "cerulean-reviewed", "verified": true}}, {"type": "Feature", "geometry": {"type": "Point", "coordinates": [4.95823, 5.63042]}, "properties": {"id": "cer-3938987-1", "class": 1, "date": "2025-05-11", "source": "cerulean-reviewed", "verified": true}}, {"type": "Feature", "geometry": {"type": "Point", "coordinates": [5.27993, 4.85147]}, "properties": {"id": "cer-3939654-0", "class": 1, "date": "2025-05-11", "source": "cerulean-reviewed", "verified": true}}, {"type": "Feature", "geometry": {"type": "Point", "coordinates": [5.27046, 4.91414]}, "properties": {"id": "cer-3939654-1", "class": 1, "date": "2025-05-11", "source": "cerulean-reviewed", "verified": true}}, {"type": "Feature", "geometry": {"type": "Point", "coordinates": [6.37513, 3.92587]}, "properties": {"id": "cer-3939667-0", "class": 1, "date": "2025-05-11", "source": "cerulean-reviewed", "verified": true}}, {"type": "Feature", "geometry": {"type": "Point", "coordinates": [6.36003, 3.92582]}, "properties": {"id": "cer-3939667-1", "class": 1, "date": "2025-05-11", "source": "cerulean-reviewed", "verified": true}}, {"type": "Feature", "geometry": {"type": "Point", "coordinates": [4.88751, 5.8368]}, "properties": {"id": "cer-3939679-0", "class": 1, "date": "2025-05-11", "source": "cerulean-reviewed", "verified": true}}, {"type": "Feature", "geometry": {"type": "Point", "coordinates": [4.88318, 5.81725]}, "properties": {"id": "cer-3939679-1", "class": 1, "date": "2025-05-11", "source": "cerulean-reviewed", "verified": true}}, {"type": "Feature", "geometry": {"type": "Point", "coordinates": [4.83359, 5.99882]}, "properties": {"id": "cer-3939681-0", "class": 1, "date": "2025-05-11", "source": "cerulean-reviewed", "verified": true}}, {"type": "Feature", "geometry": {"type": "Point", "coordinates": [4.82459, 6.01797]}, "properties": {"id": "cer-3939681-1", "class": 1, "date": "2025-05-11", "source": "cerulean-reviewed", "verified": true}}, {"type": "Feature", "geometry": {"type": "Point", "coordinates": [7.62102, 4.298]}, "properties": {"id": "cer-3946551-0", "class": 1, "date": "2025-05-18", "source": "cerulean-reviewed", "verified": true}}, {"type": "Feature", "geometry": {"type": "Point", "coordinates": [8.38666, 4.3461]}, "properties": {"id": "cer-3946557-0", "class": 1, "date": "2025-05-18", "source": "cerulean-reviewed", "verified": true}}, {"type": "Feature", "geometry": {"type": "Point", "coordinates": [4.83913, 5.98515]}, "properties": {"id": "cer-3950492-0", "class": 1, "date": "2025-05-23", "source": "cerulean-reviewed", "verified": true}}, {"type": "Feature", "geometry": {"type": "Point", "coordinates": [4.84102, 5.98907]}, "properties": {"id": "cer-3950492-1", "class": 1, "date": "2025-05-23", "source": "cerulean-reviewed", "verified": true}}, {"type": "Feature", "geometry": {"type": "Point", "coordinates": [4.87003, 5.94566]}, "properties": {"id": "cer-3951174-0", "class": 1, "date": "2025-05-23", "source": "cerulean-reviewed", "verified": true}}, {"type": "Feature", "geometry": {"type": "Point", "coordinates": [4.87227, 5.94319]}, "properties": {"id": "cer-3951174-1", "class": 1, "date": "2025-05-23", "source": "cerulean-reviewed", "verified": true}}, {"type": "Feature", "geometry": {"type": "Point", "coordinates": [4.80578, 6.01874]}, "properties": {"id": "cer-3951178-0", "class": 1, "date": "2025-05-23", "source": "cerulean-reviewed", "verified": true}}, {"type": "Feature", "geometry": {"type": "Point", "coordinates": [4.80535, 6.01112]}, "properties": {"id": "cer-3951178-1", "class": 1, "date": "2025-05-23", "source": "cerulean-reviewed", "verified": true}}, {"type": "Feature", "geometry": {"type": "Point", "coordinates": [5.306, 4.83118]}, "properties": {"id": "cer-3951194-0", "class": 1, "date": "2025-05-23", "source": "cerulean-reviewed", "verified": true}}, {"type": "Feature", "geometry": {"type": "Point", "coordinates": [5.30299, 4.83244]}, "properties": {"id": "cer-3951194-1", "class": 1, "date": "2025-05-23", "source": "cerulean-reviewed", "verified": true}}, {"type": "Feature", "geometry": {"type": "Point", "coordinates": [4.97232, 5.45777]}, "properties": {"id": "cer-3957815-0", "class": 1, "date": "2025-05-30", "source": "cerulean-reviewed", "verified": true}}, {"type": "Feature", "geometry": {"type": "Point", "coordinates": [4.9851, 5.4584]}, "properties": {"id": "cer-3957815-1", "class": 1, "date": "2025-05-30", "source": "cerulean-reviewed", "verified": true}}, {"type": "Feature", "geometry": {"type": "Point", "coordinates": [5.88075, 4.21769]}, "properties": {"id": "cer-3957821-0", "class": 1, "date": "2025-05-30", "source": "cerulean-reviewed", "verified": true}}, {"type": "Feature", "geometry": {"type": "Point", "coordinates": [5.86279, 4.28135]}, "properties": {"id": "cer-3957821-1", "class": 1, "date": "2025-05-30", "source": "cerulean-reviewed", "verified": true}}, {"type": "Feature", "geometry": {"type": "Point", "coordinates": [7.95699, 4.11658]}, "properties": {"id": "cer-4001767-0", "class": 1, "date": "2025-05-30", "source": "cerulean-reviewed", "verified": true}}, {"type": "Feature", "geometry": {"type": "Point", "coordinates": [7.96829, 4.09259]}, "properties": {"id": "cer-4001767-1", "class": 1, "date": "2025-05-30", "source": "cerulean-reviewed", "verified": true}}, {"type": "Feature", "geometry": {"type": "Point", "coordinates": [7.99919, 3.82714]}, "properties": {"id": "cer-4001787-0", "class": 1, "date": "2025-05-30", "source": "cerulean-reviewed", "verified": true}}, {"type": "Feature", "geometry": {"type": "Point", "coordinates": [8.11448, 3.91538]}, "properties": {"id": "cer-4001787-1", "class": 1, "date": "2025-05-30", "source": "cerulean-reviewed", "verified": true}}, {"type": "Feature", "geometry": {"type": "Point", "coordinates": [7.83597, 4.42695]}, "properties": {"id": "cer-4057438-0", "class": 1, "date": "2025-05-30", "source": "cerulean-reviewed", "verified": true}}, {"type": "Feature", "geometry": {"type": "Point", "coordinates": [7.3397, 4.26112]}, "properties": {"id": "cer-4057439-0", "class": 1, "date": "2025-05-30", "source": "cerulean-reviewed", "verified": true}}, {"type": "Feature", "geometry": {"type": "Point", "coordinates": [8.29067, 4.47602]}, "properties": {"id": "cer-4057440-0", "class": 1, "date": "2025-05-30", "source": "cerulean-reviewed", "verified": true}}, {"type": "Feature", "geometry": {"type": "Point", "coordinates": [8.29565, 4.47695]}, "properties": {"id": "cer-4057440-1", "class": 1, "date": "2025-05-30", "source": "cerulean-reviewed", "verified": true}}, {"type": "Feature", "geometry": {"type": "Point", "coordinates": [4.90557, 5.7855]}, "properties": {"id": "cer-4078815-0", "class": 1, "date": "2025-06-04", "source": "cerulean-reviewed", "verified": true}}, {"type": "Feature", "geometry": {"type": "Point", "coordinates": [5.12289, 5.60629]}, "properties": {"id": "cer-4078816-0", "class": 1, "date": "2025-06-04", "source": "cerulean-reviewed", "verified": true}}, {"type": "Feature", "geometry": {"type": "Point", "coordinates": [5.12911, 5.606]}, "properties": {"id": "cer-4078816-1", "class": 1, "date": "2025-06-04", "source": "cerulean-reviewed", "verified": true}}, {"type": "Feature", "geometry": {"type": "Point", "coordinates": [4.72581, 5.96023]}, "properties": {"id": "cer-4078820-0", "class": 1, "date": "2025-06-04", "source": "cerulean-reviewed", "verified": true}}, {"type": "Feature", "geometry": {"type": "Point", "coordinates": [4.82631, 5.97501]}, "properties": {"id": "cer-4078820-1", "class": 1, "date": "2025-06-04", "source": "cerulean-reviewed", "verified": true}}, {"type": "Feature", "geometry": {"type": "Point", "coordinates": [4.86672, 5.91591]}, "properties": {"id": "cer-4078827-0", "class": 1, "date": "2025-06-04", "source": "cerulean-reviewed", "verified": true}}, {"type": "Feature", "geometry": {"type": "Point", "coordinates": [4.84429, 5.91704]}, "properties": {"id": "cer-4078827-1", "class": 1, "date": "2025-06-04", "source": "cerulean-reviewed", "verified": true}}, {"type": "Feature", "geometry": {"type": "Point", "coordinates": [5.01798, 5.70703]}, "properties": {"id": "cer-4134738-0", "class": 1, "date": "2025-06-04", "source": "cerulean-reviewed", "verified": true}}, {"type": "Feature", "geometry": {"type": "Point", "coordinates": [5.25933, 4.77319]}, "properties": {"id": "cer-4134741-0", "class": 1, "date": "2025-06-04", "source": "cerulean-reviewed", "verified": true}}, {"type": "Feature", "geometry": {"type": "Point", "coordinates": [5.28329, 4.80222]}, "properties": {"id": "cer-4134741-1", "class": 1, "date": "2025-06-04", "source": "cerulean-reviewed", "verified": true}}, {"type": "Feature", "geometry": {"type": "Point", "coordinates": [4.87344, 5.73655]}, "properties": {"id": "cer-4135116-0", "class": 1, "date": "2025-06-04", "source": "cerulean-reviewed", "verified": true}}, {"type": "Feature", "geometry": {"type": "Point", "coordinates": [4.71857, 6.07298]}, "properties": {"id": "cer-4135119-0", "class": 1, "date": "2025-06-04", "source": "cerulean-reviewed", "verified": true}}, {"type": "Feature", "geometry": {"type": "Point", "coordinates": [4.8318, 6.00654]}, "properties": {"id": "cer-4135119-1", "class": 1, "date": "2025-06-04", "source": "cerulean-reviewed", "verified": true}}, {"type": "Feature", "geometry": {"type": "Point", "coordinates": [7.86204, 4.41473]}, "properties": {"id": "cer-4148475-0", "class": 1, "date": "2025-06-06", "source": "cerulean-reviewed", "verified": true}}, {"type": "Feature", "geometry": {"type": "Point", "coordinates": [7.85525, 4.4102]}, "properties": {"id": "cer-4148475-1", "class": 1, "date": "2025-06-06", "source": "cerulean-reviewed", "verified": true}}, {"type": "Feature", "geometry": {"type": "Point", "coordinates": [8.10654, 4.22115]}, "properties": {"id": "cer-4148478-0", "class": 1, "date": "2025-06-06", "source": "cerulean-reviewed", "verified": true}}, {"type": "Feature", "geometry": {"type": "Point", "coordinates": [8.11161, 4.21799]}, "properties": {"id": "cer-4148478-1", "class": 1, "date": "2025-06-06", "source": "cerulean-reviewed", "verified": true}}, {"type": "Feature", "geometry": {"type": "Point", "coordinates": [8.34103, 4.22356]}, "properties": {"id": "cer-4148480-0", "class": 1, "date": "2025-06-06", "source": "cerulean-reviewed", "verified": true}}, {"type": "Feature", "geometry": {"type": "Point", "coordinates": [4.90196, 5.90206]}, "properties": {"id": "cer-4172635-0", "class": 1, "date": "2025-06-16", "source": "cerulean-reviewed", "verified": true}}, {"type": "Feature", "geometry": {"type": "Point", "coordinates": [4.90119, 5.9037]}, "properties": {"id": "cer-4172635-1", "class": 1, "date": "2025-06-16", "source": "cerulean-reviewed", "verified": true}}, {"type": "Feature", "geometry": {"type": "Point", "coordinates": [4.9318, 5.7187]}, "properties": {"id": "cer-4174051-0", "class": 1, "date": "2025-06-16", "source": "cerulean-reviewed", "verified": true}}, {"type": "Feature", "geometry": {"type": "Point", "coordinates": [4.93756, 5.72203]}, "properties": {"id": "cer-4174051-1", "class": 1, "date": "2025-06-16", "source": "cerulean-reviewed", "verified": true}}, {"type": "Feature", "geometry": {"type": "Point", "coordinates": [5.10103, 5.42376]}, "properties": {"id": "cer-4174055-0", "class": 1, "date": "2025-06-16", "source": "cerulean-reviewed", "verified": true}}, {"type": "Feature", "geometry": {"type": "Point", "coordinates": [5.09984, 5.44326]}, "properties": {"id": "cer-4174055-1", "class": 1, "date": "2025-06-16", "source": "cerulean-reviewed", "verified": true}}, {"type": "Feature", "geometry": {"type": "Point", "coordinates": [7.85726, 4.42712]}, "properties": {"id": "cer-4177540-0", "class": 1, "date": "2025-06-18", "source": "cerulean-reviewed", "verified": true}}, {"type": "Feature", "geometry": {"type": "Point", "coordinates": [7.83271, 4.41056]}, "properties": {"id": "cer-4177540-1", "class": 1, "date": "2025-06-18", "source": "cerulean-reviewed", "verified": true}}, {"type": "Feature", "geometry": {"type": "Point", "coordinates": [8.33857, 4.41885]}, "properties": {"id": "cer-4177542-0", "class": 1, "date": "2025-06-18", "source": "cerulean-reviewed", "verified": true}}, {"type": "Feature", "geometry": {"type": "Point", "coordinates": [8.37048, 4.42461]}, "properties": {"id": "cer-4177542-1", "class": 1, "date": "2025-06-18", "source": "cerulean-reviewed", "verified": true}}, {"type": "Feature", "geometry": {"type": "Point", "coordinates": [8.32312, 4.25337]}, "properties": {"id": "cer-4177543-0", "class": 1, "date": "2025-06-18", "source": "cerulean-reviewed", "verified": true}}, {"type": "Feature", "geometry": {"type": "Point", "coordinates": [8.33415, 4.24981]}, "properties": {"id": "cer-4177543-1", "class": 1, "date": "2025-06-18", "source": "cerulean-reviewed", "verified": true}}, {"type": "Feature", "geometry": {"type": "Point", "coordinates": [8.29948, 4.15524]}, "properties": {"id": "cer-4177569-0", "class": 1, "date": "2025-06-18", "source": "cerulean-reviewed", "verified": true}}, {"type": "Feature", "geometry": {"type": "Point", "coordinates": [8.24296, 4.17131]}, "properties": {"id": "cer-4177569-1", "class": 1, "date": "2025-06-18", "source": "cerulean-reviewed", "verified": true}}, {"type": "Feature", "geometry": {"type": "Point", "coordinates": [8.3434, 4.22319]}, "properties": {"id": "cer-4177573-0", "class": 1, "date": "2025-06-18", "source": "cerulean-reviewed", "verified": true}}, {"type": "Feature", "geometry": {"type": "Point", "coordinates": [5.07703, 5.42001]}, "properties": {"id": "cer-4188433-0", "class": 1, "date": "2025-06-23", "source": "cerulean-reviewed", "verified": true}}, {"type": "Feature", "geometry": {"type": "Point", "coordinates": [5.08527, 5.40201]}, "properties": {"id": "cer-4188433-1", "class": 1, "date": "2025-06-23", "source": "cerulean-reviewed", "verified": true}}, {"type": "Feature", "geometry": {"type": "Point", "coordinates": [7.93036, 4.22419]}, "properties": {"id": "cer-4189348-0", "class": 1, "date": "2025-06-23", "source": "cerulean-reviewed", "verified": true}}, {"type": "Feature", "geometry": {"type": "Point", "coordinates": [7.9224, 4.2111]}, "properties": {"id": "cer-4189348-1", "class": 1, "date": "2025-06-23", "source": "cerulean-reviewed", "verified": true}}, {"type": "Feature", "geometry": {"type": "Point", "coordinates": [7.10638, 4.37147]}, "properties": {"id": "cer-4202180-0", "class": 1, "date": "2025-06-30", "source": "cerulean-reviewed", "verified": true}}, {"type": "Feature", "geometry": {"type": "Point", "coordinates": [7.86341, 4.401]}, "properties": {"id": "cer-4213441-0", "class": 1, "date": "2025-07-05", "source": "cerulean-reviewed", "verified": true}}, {"type": "Feature", "geometry": {"type": "Point", "coordinates": [7.8499, 4.40008]}, "properties": {"id": "cer-4213441-1", "class": 1, "date": "2025-07-05", "source": "cerulean-reviewed", "verified": true}}, {"type": "Feature", "geometry": {"type": "Point", "coordinates": [7.67873, 4.11504]}, "properties": {"id": "cer-4213445-0", "class": 1, "date": "2025-07-05", "source": "cerulean-reviewed", "verified": true}}, {"type": "Feature", "geometry": {"type": "Point", "coordinates": [8.19575, 4.09201]}, "properties": {"id": "cer-4213449-0", "class": 1, "date": "2025-07-05", "source": "cerulean-reviewed", "verified": true}}, {"type": "Feature", "geometry": {"type": "Point", "coordinates": [8.20166, 4.08873]}, "properties": {"id": "cer-4213449-1", "class": 1, "date": "2025-07-05", "source": "cerulean-reviewed", "verified": true}}, {"type": "Feature", "geometry": {"type": "Point", "coordinates": [4.86966, 5.96727]}, "properties": {"id": "cer-4223585-0", "class": 1, "date": "2025-07-10", "source": "cerulean-reviewed", "verified": true}}, {"type": "Feature", "geometry": {"type": "Point", "coordinates": [4.85017, 5.96886]}, "properties": {"id": "cer-4223585-1", "class": 1, "date": "2025-07-10", "source": "cerulean-reviewed", "verified": true}}, {"type": "Feature", "geometry": {"type": "Point", "coordinates": [6.42354, 3.92999]}, "properties": {"id": "cer-4223588-0", "class": 1, "date": "2025-07-10", "source": "cerulean-reviewed", "verified": true}}, {"type": "Feature", "geometry": {"type": "Point", "coordinates": [6.41791, 3.93366]}, "properties": {"id": "cer-4223588-1", "class": 1, "date": "2025-07-10", "source": "cerulean-reviewed", "verified": true}}, {"type": "Feature", "geometry": {"type": "Point", "coordinates": [4.85321, 5.96592]}, "properties": {"id": "cer-4249704-0", "class": 1, "date": "2025-07-22", "source": "cerulean-reviewed", "verified": true}}, {"type": "Feature", "geometry": {"type": "Point", "coordinates": [6.28418, 4.15524]}, "properties": {"id": "cer-4282801-0", "class": 1, "date": "2025-07-29", "source": "cerulean-reviewed", "verified": true}}, {"type": "Feature", "geometry": {"type": "Point", "coordinates": [6.30502, 4.1575]}, "properties": {"id": "cer-4282801-1", "class": 1, "date": "2025-07-29", "source": "cerulean-reviewed", "verified": true}}, {"type": "Feature", "geometry": {"type": "Point", "coordinates": [5.35409, 4.82331]}, "properties": {"id": "cer-4282802-0", "class": 1, "date": "2025-07-29", "source": "cerulean-reviewed", "verified": true}}, {"type": "Feature", "geometry": {"type": "Point", "coordinates": [5.34211, 4.8132]}, "properties": {"id": "cer-4282802-1", "class": 1, "date": "2025-07-29", "source": "cerulean-reviewed", "verified": true}}, {"type": "Feature", "geometry": {"type": "Point", "coordinates": [5.88521, 3.95059]}, "properties": {"id": "cer-4282804-0", "class": 1, "date": "2025-07-29", "source": "cerulean-reviewed", "verified": true}}, {"type": "Feature", "geometry": {"type": "Point", "coordinates": [8.08525, 3.70754]}, "properties": {"id": "cer-4284636-0", "class": 1, "date": "2025-07-29", "source": "cerulean-reviewed", "verified": true}}, {"type": "Feature", "geometry": {"type": "Point", "coordinates": [8.28445, 4.11474]}, "properties": {"id": "cer-4284636-1", "class": 1, "date": "2025-07-29", "source": "cerulean-reviewed", "verified": true}}, {"type": "Feature", "geometry": {"type": "Point", "coordinates": [4.88508, 5.91162]}, "properties": {"id": "cer-4296341-0", "class": 1, "date": "2025-08-03", "source": "cerulean-reviewed", "verified": true}}, {"type": "Feature", "geometry": {"type": "Point", "coordinates": [4.85046, 5.56973]}, "properties": {"id": "cer-4322746-0", "class": 1, "date": "2025-08-15", "source": "cerulean-reviewed", "verified": true}}, {"type": "Feature", "geometry": {"type": "Point", "coordinates": [4.8468, 5.56834]}, "properties": {"id": "cer-4322746-1", "class": 1, "date": "2025-08-15", "source": "cerulean-reviewed", "verified": true}}, {"type": "Feature", "geometry": {"type": "Point", "coordinates": [5.32113, 4.8058]}, "properties": {"id": "cer-4323964-0", "class": 1, "date": "2025-08-15", "source": "cerulean-reviewed", "verified": true}}, {"type": "Feature", "geometry": {"type": "Point", "coordinates": [6.42663, 3.93136]}, "properties": {"id": "cer-4323970-0", "class": 1, "date": "2025-08-15", "source": "cerulean-reviewed", "verified": true}}, {"type": "Feature", "geometry": {"type": "Point", "coordinates": [6.42926, 3.93229]}, "properties": {"id": "cer-4323970-1", "class": 1, "date": "2025-08-15", "source": "cerulean-reviewed", "verified": true}}, {"type": "Feature", "geometry": {"type": "Point", "coordinates": [4.86792, 5.959]}, "properties": {"id": "cer-4323978-0", "class": 1, "date": "2025-08-15", "source": "cerulean-reviewed", "verified": true}}, {"type": "Feature", "geometry": {"type": "Point", "coordinates": [5.00699, 5.68849]}, "properties": {"id": "cer-4337246-0", "class": 1, "date": "2025-08-22", "source": "cerulean-reviewed", "verified": true}}, {"type": "Feature", "geometry": {"type": "Point", "coordinates": [5.00835, 5.68164]}, "properties": {"id": "cer-4337246-1", "class": 1, "date": "2025-08-22", "source": "cerulean-reviewed", "verified": true}}, {"type": "Feature", "geometry": {"type": "Point", "coordinates": [5.31944, 4.8]}, "properties": {"id": "cer-4337248-0", "class": 1, "date": "2025-08-22", "source": "cerulean-reviewed", "verified": true}}, {"type": "Feature", "geometry": {"type": "Point", "coordinates": [5.95044, 4.31932]}, "properties": {"id": "cer-4337251-0", "class": 1, "date": "2025-08-22", "source": "cerulean-reviewed", "verified": true}}, {"type": "Feature", "geometry": {"type": "Point", "coordinates": [5.94619, 4.32468]}, "properties": {"id": "cer-4337251-1", "class": 1, "date": "2025-08-22", "source": "cerulean-reviewed", "verified": true}}, {"type": "Feature", "geometry": {"type": "Point", "coordinates": [4.82775, 5.99951]}, "properties": {"id": "cer-4349912-0", "class": 1, "date": "2025-08-27", "source": "cerulean-reviewed", "verified": true}}, {"type": "Feature", "geometry": {"type": "Point", "coordinates": [4.83393, 5.98886]}, "properties": {"id": "cer-4349912-1", "class": 1, "date": "2025-08-27", "source": "cerulean-reviewed", "verified": true}}, {"type": "Feature", "geometry": {"type": "Point", "coordinates": [6.41939, 3.94163]}, "properties": {"id": "cer-4376376-0", "class": 1, "date": "2025-09-08", "source": "cerulean-reviewed", "verified": true}}, {"type": "Feature", "geometry": {"type": "Point", "coordinates": [8.33857, 4.01716]}, "properties": {"id": "cer-4380658-0", "class": 1, "date": "2025-09-10", "source": "cerulean-reviewed", "verified": true}}, {"type": "Feature", "geometry": {"type": "Point", "coordinates": [8.33403, 4.01963]}, "properties": {"id": "cer-4380658-1", "class": 1, "date": "2025-09-10", "source": "cerulean-reviewed", "verified": true}}, {"type": "Feature", "geometry": {"type": "Point", "coordinates": [5.12203, 5.39875]}, "properties": {"id": "cer-4392256-0", "class": 1, "date": "2025-09-15", "source": "cerulean-reviewed", "verified": true}}, {"type": "Feature", "geometry": {"type": "Point", "coordinates": [5.11699, 5.39532]}, "properties": {"id": "cer-4392256-1", "class": 1, "date": "2025-09-15", "source": "cerulean-reviewed", "verified": true}}, {"type": "Feature", "geometry": {"type": "Point", "coordinates": [5.32185, 4.80755]}, "properties": {"id": "cer-4392267-0", "class": 1, "date": "2025-09-15", "source": "cerulean-reviewed", "verified": true}}, {"type": "Feature", "geometry": {"type": "Point", "coordinates": [4.79931, 5.99751]}, "properties": {"id": "cer-4402913-0", "class": 1, "date": "2025-09-20", "source": "cerulean-reviewed", "verified": true}}, {"type": "Feature", "geometry": {"type": "Point", "coordinates": [4.81157, 5.99694]}, "properties": {"id": "cer-4402913-1", "class": 1, "date": "2025-09-20", "source": "cerulean-reviewed", "verified": true}}, {"type": "Feature", "geometry": {"type": "Point", "coordinates": [5.33724, 4.78621]}, "properties": {"id": "cer-4404316-0", "class": 1, "date": "2025-09-20", "source": "cerulean-reviewed", "verified": true}}, {"type": "Feature", "geometry": {"type": "Point", "coordinates": [5.35673, 4.78134]}, "properties": {"id": "cer-4404316-1", "class": 1, "date": "2025-09-20", "source": "cerulean-reviewed", "verified": true}}, {"type": "Feature", "geometry": {"type": "Point", "coordinates": [6.46471, 3.94026]}, "properties": {"id": "cer-4404319-0", "class": 1, "date": "2025-09-20", "source": "cerulean-reviewed", "verified": true}}, {"type": "Feature", "geometry": {"type": "Point", "coordinates": [6.50982, 3.93141]}, "properties": {"id": "cer-4404319-1", "class": 1, "date": "2025-09-20", "source": "cerulean-reviewed", "verified": true}}, {"type": "Feature", "geometry": {"type": "Point", "coordinates": [4.92703, 5.4966]}, "properties": {"id": "cer-4417257-0", "class": 1, "date": "2025-09-27", "source": "cerulean-reviewed", "verified": true}}, {"type": "Feature", "geometry": {"type": "Point", "coordinates": [4.93536, 5.48921]}, "properties": {"id": "cer-4417257-1", "class": 1, "date": "2025-09-27", "source": "cerulean-reviewed", "verified": true}}, {"type": "Feature", "geometry": {"type": "Point", "coordinates": [6.49567, 4.02409]}, "properties": {"id": "cer-4417259-0", "class": 1, "date": "2025-09-27", "source": "cerulean-reviewed", "verified": true}}, {"type": "Feature", "geometry": {"type": "Point", "coordinates": [6.41146, 3.94397]}, "properties": {"id": "cer-4417259-1", "class": 1, "date": "2025-09-27", "source": "cerulean-reviewed", "verified": true}}, {"type": "Feature", "geometry": {"type": "Point", "coordinates": [5.33178, 4.82125]}, "properties": {"id": "cer-4417261-0", "class": 1, "date": "2025-09-27", "source": "cerulean-reviewed", "verified": true}}, {"type": "Feature", "geometry": {"type": "Point", "coordinates": [5.34824, 4.83199]}, "properties": {"id": "cer-4417261-1", "class": 1, "date": "2025-09-27", "source": "cerulean-reviewed", "verified": true}}, {"type": "Feature", "geometry": {"type": "Point", "coordinates": [6.90042, 4.29013]}, "properties": {"id": "cer-4417262-0", "class": 1, "date": "2025-09-27", "source": "cerulean-reviewed", "verified": true}}, {"type": "Feature", "geometry": {"type": "Point", "coordinates": [6.88917, 4.28401]}, "properties": {"id": "cer-4417262-1", "class": 1, "date": "2025-09-27", "source": "cerulean-reviewed", "verified": true}}, {"type": "Feature", "geometry": {"type": "Point", "coordinates": [5.84195, 4.32275]}, "properties": {"id": "cer-4417263-0", "class": 1, "date": "2025-09-27", "source": "cerulean-reviewed", "verified": true}}, {"type": "Feature", "geometry": {"type": "Point", "coordinates": [7.50464, 4.01922]}, "properties": {"id": "cer-4418118-0", "class": 1, "date": "2025-09-27", "source": "cerulean-reviewed", "verified": true}}, {"type": "Feature", "geometry": {"type": "Point", "coordinates": [8.0825, 4.33445]}, "properties": {"id": "cer-4418120-0", "class": 1, "date": "2025-09-27", "source": "cerulean-reviewed", "verified": true}}, {"type": "Feature", "geometry": {"type": "Point", "coordinates": [8.0988, 4.33747]}, "properties": {"id": "cer-4418120-1", "class": 1, "date": "2025-09-27", "source": "cerulean-reviewed", "verified": true}}, {"type": "Feature", "geometry": {"type": "Point", "coordinates": [7.08753, 4.29803]}, "properties": {"id": "cer-4418121-0", "class": 1, "date": "2025-09-27", "source": "cerulean-reviewed", "verified": true}}, {"type": "Feature", "geometry": {"type": "Point", "coordinates": [7.07751, 4.27511]}, "properties": {"id": "cer-4418121-1", "class": 1, "date": "2025-09-27", "source": "cerulean-reviewed", "verified": true}}, {"type": "Feature", "geometry": {"type": "Point", "coordinates": [4.84085, 5.98446]}, "properties": {"id": "cer-4428229-0", "class": 1, "date": "2025-10-02", "source": "cerulean-reviewed", "verified": true}}, {"type": "Feature", "geometry": {"type": "Point", "coordinates": [4.83499, 5.98992]}, "properties": {"id": "cer-4429438-0", "class": 1, "date": "2025-10-02", "source": "cerulean-reviewed", "verified": true}}, {"type": "Feature", "geometry": {"type": "Point", "coordinates": [4.86504, 5.94079]}, "properties": {"id": "cer-4429438-1", "class": 1, "date": "2025-10-02", "source": "cerulean-reviewed", "verified": true}}, {"type": "Feature", "geometry": {"type": "Point", "coordinates": [6.48605, 3.96641]}, "properties": {"id": "cer-4429441-0", "class": 1, "date": "2025-10-02", "source": "cerulean-reviewed", "verified": true}}, {"type": "Feature", "geometry": {"type": "Point", "coordinates": [6.52094, 3.96638]}, "properties": {"id": "cer-4429441-1", "class": 1, "date": "2025-10-02", "source": "cerulean-reviewed", "verified": true}}, {"type": "Feature", "geometry": {"type": "Point", "coordinates": [5.83094, 4.31414]}, "properties": {"id": "cer-4429443-0", "class": 1, "date": "2025-10-02", "source": "cerulean-reviewed", "verified": true}}, {"type": "Feature", "geometry": {"type": "Point", "coordinates": [7.90398, 4.22836]}, "properties": {"id": "cer-4432675-0", "class": 1, "date": "2025-10-04", "source": "cerulean-reviewed", "verified": true}}, {"type": "Feature", "geometry": {"type": "Point", "coordinates": [7.82599, 4.39997]}, "properties": {"id": "cer-4438814-0", "class": 1, "date": "2025-10-09", "source": "cerulean-reviewed", "verified": true}}, {"type": "Feature", "geometry": {"type": "Point", "coordinates": [7.8043, 4.39068]}, "properties": {"id": "cer-4438814-1", "class": 1, "date": "2025-10-09", "source": "cerulean-reviewed", "verified": true}}, {"type": "Feature", "geometry": {"type": "Point", "coordinates": [5.91339, 4.32621]}, "properties": {"id": "cer-4449414-0", "class": 1, "date": "2025-10-14", "source": "cerulean-reviewed", "verified": true}}, {"type": "Feature", "geometry": {"type": "Point", "coordinates": [6.46339, 3.96641]}, "properties": {"id": "cer-4449415-0", "class": 1, "date": "2025-10-14", "source": "cerulean-reviewed", "verified": true}}, {"type": "Feature", "geometry": {"type": "Point", "coordinates": [6.43267, 3.94]}, "properties": {"id": "cer-4449415-1", "class": 1, "date": "2025-10-14", "source": "cerulean-reviewed", "verified": true}}, {"type": "Feature", "geometry": {"type": "Point", "coordinates": [5.86049, 4.23555]}, "properties": {"id": "cer-4449416-0", "class": 1, "date": "2025-10-14", "source": "cerulean-reviewed", "verified": true}}, {"type": "Feature", "geometry": {"type": "Point", "coordinates": [5.86191, 4.22836]}, "properties": {"id": "cer-4449416-1", "class": 1, "date": "2025-10-14", "source": "cerulean-reviewed", "verified": true}}, {"type": "Feature", "geometry": {"type": "Point", "coordinates": [5.04029, 5.57382]}, "properties": {"id": "cer-4449427-0", "class": 1, "date": "2025-10-14", "source": "cerulean-reviewed", "verified": true}}, {"type": "Feature", "geometry": {"type": "Point", "coordinates": [5.30119, 4.77453]}, "properties": {"id": "cer-4449432-0", "class": 1, "date": "2025-10-14", "source": "cerulean-reviewed", "verified": true}}, {"type": "Feature", "geometry": {"type": "Point", "coordinates": [4.66779, 6.00503]}, "properties": {"id": "cer-4449433-0", "class": 1, "date": "2025-10-14", "source": "cerulean-reviewed", "verified": true}}, {"type": "Feature", "geometry": {"type": "Point", "coordinates": [4.62147, 6.00588]}, "properties": {"id": "cer-4449433-1", "class": 1, "date": "2025-10-14", "source": "cerulean-reviewed", "verified": true}}, {"type": "Feature", "geometry": {"type": "Point", "coordinates": [5.10347, 5.26586]}, "properties": {"id": "cer-4463581-0", "class": 1, "date": "2025-10-21", "source": "cerulean-reviewed", "verified": true}}, {"type": "Feature", "geometry": {"type": "Point", "coordinates": [5.09383, 5.24511]}, "properties": {"id": "cer-4463581-1", "class": 1, "date": "2025-10-21", "source": "cerulean-reviewed", "verified": true}}, {"type": "Feature", "geometry": {"type": "Point", "coordinates": [8.28023, 4.22696]}, "properties": {"id": "cer-4464809-0", "class": 1, "date": "2025-10-21", "source": "cerulean-reviewed", "verified": true}}, {"type": "Feature", "geometry": {"type": "Point", "coordinates": [8.2642, 4.22082]}, "properties": {"id": "cer-4464809-1", "class": 1, "date": "2025-10-21", "source": "cerulean-reviewed", "verified": true}}, {"type": "Feature", "geometry": {"type": "Point", "coordinates": [4.8549, 5.98306]}, "properties": {"id": "cer-4476012-0", "class": 1, "date": "2025-10-26", "source": "cerulean-reviewed", "verified": true}}, {"type": "Feature", "geometry": {"type": "Point", "coordinates": [4.85169, 5.98673]}, "properties": {"id": "cer-4476012-1", "class": 1, "date": "2025-10-26", "source": "cerulean-reviewed", "verified": true}}, {"type": "Feature", "geometry": {"type": "Point", "coordinates": [4.89095, 5.91714]}, "properties": {"id": "cer-4476013-0", "class": 1, "date": "2025-10-26", "source": "cerulean-reviewed", "verified": true}}, {"type": "Feature", "geometry": {"type": "Point", "coordinates": [4.88961, 5.91259]}, "properties": {"id": "cer-4476013-1", "class": 1, "date": "2025-10-26", "source": "cerulean-reviewed", "verified": true}}, {"type": "Feature", "geometry": {"type": "Point", "coordinates": [5.01832, 5.57176]}, "properties": {"id": "cer-4476014-0", "class": 1, "date": "2025-10-26", "source": "cerulean-reviewed", "verified": true}}, {"type": "Feature", "geometry": {"type": "Point", "coordinates": [5.01821, 5.58885]}, "properties": {"id": "cer-4476014-1", "class": 1, "date": "2025-10-26", "source": "cerulean-reviewed", "verified": true}}, {"type": "Feature", "geometry": {"type": "Point", "coordinates": [6.4026, 3.94235]}, "properties": {"id": "cer-4477323-0", "class": 1, "date": "2025-10-26", "source": "cerulean-reviewed", "verified": true}}, {"type": "Feature", "geometry": {"type": "Point", "coordinates": [6.39999, 3.92724]}, "properties": {"id": "cer-4477323-1", "class": 1, "date": "2025-10-26", "source": "cerulean-reviewed", "verified": true}}, {"type": "Feature", "geometry": {"type": "Point", "coordinates": [4.83256, 5.99882]}, "properties": {"id": "cer-4477331-0", "class": 1, "date": "2025-10-26", "source": "cerulean-reviewed", "verified": true}}, {"type": "Feature", "geometry": {"type": "Point", "coordinates": [4.84231, 6.00413]}, "properties": {"id": "cer-4477331-1", "class": 1, "date": "2025-10-26", "source": "cerulean-reviewed", "verified": true}}, {"type": "Feature", "geometry": {"type": "Point", "coordinates": [8.19889, 4.12537]}, "properties": {"id": "cer-4480297-0", "class": 1, "date": "2025-10-28", "source": "cerulean-reviewed", "verified": true}}, {"type": "Feature", "geometry": {"type": "Point", "coordinates": [8.19428, 4.11459]}, "properties": {"id": "cer-4480297-1", "class": 1, "date": "2025-10-28", "source": "cerulean-reviewed", "verified": true}}, {"type": "Feature", "geometry": {"type": "Point", "coordinates": [6.41773, 3.93139]}, "properties": {"id": "cer-4491585-0", "class": 1, "date": "2025-11-02", "source": "cerulean-reviewed", "verified": true}}, {"type": "Feature", "geometry": {"type": "Point", "coordinates": [6.40849, 3.93471]}, "properties": {"id": "cer-4491585-1", "class": 1, "date": "2025-11-02", "source": "cerulean-reviewed", "verified": true}}, {"type": "Feature", "geometry": {"type": "Point", "coordinates": [5.32934, 4.7917]}, "properties": {"id": "cer-4491588-0", "class": 1, "date": "2025-11-02", "source": "cerulean-reviewed", "verified": true}}, {"type": "Feature", "geometry": {"type": "Point", "coordinates": [5.3301, 4.78862]}, "properties": {"id": "cer-4491588-1", "class": 1, "date": "2025-11-02", "source": "cerulean-reviewed", "verified": true}}, {"type": "Feature", "geometry": {"type": "Point", "coordinates": [5.00802, 5.68265]}, "properties": {"id": "cer-4491602-0", "class": 1, "date": "2025-11-02", "source": "cerulean-reviewed", "verified": true}}, {"type": "Feature", "geometry": {"type": "Point", "coordinates": [4.99751, 5.65378]}, "properties": {"id": "cer-4491602-1", "class": 1, "date": "2025-11-02", "source": "cerulean-reviewed", "verified": true}}, {"type": "Feature", "geometry": {"type": "Point", "coordinates": [5.05025, 5.52369]}, "properties": {"id": "cer-4491603-0", "class": 1, "date": "2025-11-02", "source": "cerulean-reviewed", "verified": true}}, {"type": "Feature", "geometry": {"type": "Point", "coordinates": [5.04555, 5.51147]}, "properties": {"id": "cer-4491603-1", "class": 1, "date": "2025-11-02", "source": "cerulean-reviewed", "verified": true}}, {"type": "Feature", "geometry": {"type": "Point", "coordinates": [7.0875, 4.32547]}, "properties": {"id": "cer-4492497-0", "class": 1, "date": "2025-11-02", "source": "cerulean-reviewed", "verified": true}}, {"type": "Feature", "geometry": {"type": "Point", "coordinates": [7.08835, 4.33033]}, "properties": {"id": "cer-4492497-1", "class": 1, "date": "2025-11-02", "source": "cerulean-reviewed", "verified": true}}, {"type": "Feature", "geometry": {"type": "Point", "coordinates": [8.17966, 4.10305]}, "properties": {"id": "cer-4492501-0", "class": 1, "date": "2025-11-02", "source": "cerulean-reviewed", "verified": true}}, {"type": "Feature", "geometry": {"type": "Point", "coordinates": [7.86341, 4.26161]}, "properties": {"id": "cer-4492509-0", "class": 1, "date": "2025-11-02", "source": "cerulean-reviewed", "verified": true}}, {"type": "Feature", "geometry": {"type": "Point", "coordinates": [7.86033, 4.25679]}, "properties": {"id": "cer-4492509-1", "class": 1, "date": "2025-11-02", "source": "cerulean-reviewed", "verified": true}}, {"type": "Feature", "geometry": {"type": "Point", "coordinates": [8.365, 4.20119]}, "properties": {"id": "cer-4492510-0", "class": 1, "date": "2025-11-02", "source": "cerulean-reviewed", "verified": true}}, {"type": "Feature", "geometry": {"type": "Point", "coordinates": [4.87724, 5.81692]}, "properties": {"id": "cer-4501982-0", "class": 1, "date": "2025-11-07", "source": "cerulean-reviewed", "verified": true}}, {"type": "Feature", "geometry": {"type": "Point", "coordinates": [4.89899, 5.82626]}, "properties": {"id": "cer-4501982-1", "class": 1, "date": "2025-11-07", "source": "cerulean-reviewed", "verified": true}}, {"type": "Feature", "geometry": {"type": "Point", "coordinates": [4.81951, 5.98028]}, "properties": {"id": "cer-4501986-0", "class": 1, "date": "2025-11-07", "source": "cerulean-reviewed", "verified": true}}, {"type": "Feature", "geometry": {"type": "Point", "coordinates": [4.81102, 5.99013]}, "properties": {"id": "cer-4501986-1", "class": 1, "date": "2025-11-07", "source": "cerulean-reviewed", "verified": true}}, {"type": "Feature", "geometry": {"type": "Point", "coordinates": [4.86311, 5.93256]}, "properties": {"id": "cer-4501987-0", "class": 1, "date": "2025-11-07", "source": "cerulean-reviewed", "verified": true}}, {"type": "Feature", "geometry": {"type": "Point", "coordinates": [4.86345, 5.93022]}, "properties": {"id": "cer-4501987-1", "class": 1, "date": "2025-11-07", "source": "cerulean-reviewed", "verified": true}}, {"type": "Feature", "geometry": {"type": "Point", "coordinates": [4.90568, 5.92089]}, "properties": {"id": "cer-4501988-0", "class": 1, "date": "2025-11-07", "source": "cerulean-reviewed", "verified": true}}, {"type": "Feature", "geometry": {"type": "Point", "coordinates": [4.90797, 5.91663]}, "properties": {"id": "cer-4501988-1", "class": 1, "date": "2025-11-07", "source": "cerulean-reviewed", "verified": true}}, {"type": "Feature", "geometry": {"type": "Point", "coordinates": [4.79788, 5.84227]}, "properties": {"id": "cer-4501989-0", "class": 1, "date": "2025-11-07", "source": "cerulean-reviewed", "verified": true}}, {"type": "Feature", "geometry": {"type": "Point", "coordinates": [6.47538, 3.90252]}, "properties": {"id": "cer-4503103-0", "class": 1, "date": "2025-11-07", "source": "cerulean-reviewed", "verified": true}}, {"type": "Feature", "geometry": {"type": "Point", "coordinates": [6.56909, 3.901]}, "properties": {"id": "cer-4503103-1", "class": 1, "date": "2025-11-07", "source": "cerulean-reviewed", "verified": true}}, {"type": "Feature", "geometry": {"type": "Point", "coordinates": [5.77738, 4.36735]}, "properties": {"id": "cer-4503111-0", "class": 1, "date": "2025-11-07", "source": "cerulean-reviewed", "verified": true}}, {"type": "Feature", "geometry": {"type": "Point", "coordinates": [5.78397, 4.36913]}, "properties": {"id": "cer-4503111-1", "class": 1, "date": "2025-11-07", "source": "cerulean-reviewed", "verified": true}}, {"type": "Feature", "geometry": {"type": "Point", "coordinates": [4.93835, 5.75237]}, "properties": {"id": "cer-4503113-0", "class": 1, "date": "2025-11-07", "source": "cerulean-reviewed", "verified": true}}, {"type": "Feature", "geometry": {"type": "Point", "coordinates": [6.44142, 3.90873]}, "properties": {"id": "cer-4517557-0", "class": 1, "date": "2025-11-14", "source": "cerulean-reviewed", "verified": true}}, {"type": "Feature", "geometry": {"type": "Point", "coordinates": [6.46059, 3.93531]}, "properties": {"id": "cer-4517557-1", "class": 1, "date": "2025-11-14", "source": "cerulean-reviewed", "verified": true}}, {"type": "Feature", "geometry": {"type": "Point", "coordinates": [5.1824, 3.93545]}, "properties": {"id": "cer-4517564-0", "class": 1, "date": "2025-11-14", "source": "cerulean-reviewed", "verified": true}}, {"type": "Feature", "geometry": {"type": "Point", "coordinates": [5.18042, 3.935]}, "properties": {"id": "cer-4517564-1", "class": 1, "date": "2025-11-14", "source": "cerulean-reviewed", "verified": true}}, {"type": "Feature", "geometry": {"type": "Point", "coordinates": [8.3949, 4.21426]}, "properties": {"id": "cer-4518312-0", "class": 1, "date": "2025-11-14", "source": "cerulean-reviewed", "verified": true}}, {"type": "Feature", "geometry": {"type": "Point", "coordinates": [8.26567, 4.20071]}, "properties": {"id": "cer-4518312-1", "class": 1, "date": "2025-11-14", "source": "cerulean-reviewed", "verified": true}}, {"type": "Feature", "geometry": {"type": "Point", "coordinates": [7.68522, 4.12222]}, "properties": {"id": "cer-4518316-0", "class": 1, "date": "2025-11-14", "source": "cerulean-reviewed", "verified": true}}, {"type": "Feature", "geometry": {"type": "Point", "coordinates": [5.04307, 5.43308]}, "properties": {"id": "cer-4527341-0", "class": 1, "date": "2025-11-19", "source": "cerulean-reviewed", "verified": true}}, {"type": "Feature", "geometry": {"type": "Point", "coordinates": [5.04071, 5.45218]}, "properties": {"id": "cer-4527341-1", "class": 1, "date": "2025-11-19", "source": "cerulean-reviewed", "verified": true}}, {"type": "Feature", "geometry": {"type": "Point", "coordinates": [4.83736, 5.99127]}, "properties": {"id": "cer-4527346-0", "class": 1, "date": "2025-11-19", "source": "cerulean-reviewed", "verified": true}}, {"type": "Feature", "geometry": {"type": "Point", "coordinates": [5.08524, 5.48041]}, "properties": {"id": "cer-4527347-0", "class": 1, "date": "2025-11-19", "source": "cerulean-reviewed", "verified": true}}, {"type": "Feature", "geometry": {"type": "Point", "coordinates": [4.82197, 5.9927]}, "properties": {"id": "cer-4529580-0", "class": 1, "date": "2025-11-19", "source": "cerulean-reviewed", "verified": true}}, {"type": "Feature", "geometry": {"type": "Point", "coordinates": [4.82828, 5.9913]}, "properties": {"id": "cer-4529580-1", "class": 1, "date": "2025-11-19", "source": "cerulean-reviewed", "verified": true}}, {"type": "Feature", "geometry": {"type": "Point", "coordinates": [6.43244, 3.94095]}, "properties": {"id": "cer-4529587-0", "class": 1, "date": "2025-11-19", "source": "cerulean-reviewed", "verified": true}}, {"type": "Feature", "geometry": {"type": "Point", "coordinates": [6.51142, 3.93431]}, "properties": {"id": "cer-4529587-1", "class": 1, "date": "2025-11-19", "source": "cerulean-reviewed", "verified": true}}, {"type": "Feature", "geometry": {"type": "Point", "coordinates": [4.96508, 5.49071]}, "properties": {"id": "cer-4529596-0", "class": 1, "date": "2025-11-19", "source": "cerulean-reviewed", "verified": true}}, {"type": "Feature", "geometry": {"type": "Point", "coordinates": [4.96434, 5.45292]}, "properties": {"id": "cer-4529596-1", "class": 1, "date": "2025-11-19", "source": "cerulean-reviewed", "verified": true}}, {"type": "Feature", "geometry": {"type": "Point", "coordinates": [5.08593, 5.45363]}, "properties": {"id": "cer-4529597-0", "class": 1, "date": "2025-11-19", "source": "cerulean-reviewed", "verified": true}}, {"type": "Feature", "geometry": {"type": "Point", "coordinates": [5.05001, 5.48317]}, "properties": {"id": "cer-4529597-1", "class": 1, "date": "2025-11-19", "source": "cerulean-reviewed", "verified": true}}, {"type": "Feature", "geometry": {"type": "Point", "coordinates": [8.18893, 4.10305]}, "properties": {"id": "cer-4532959-0", "class": 1, "date": "2025-11-21", "source": "cerulean-reviewed", "verified": true}}, {"type": "Feature", "geometry": {"type": "Point", "coordinates": [7.3811, 3.91697]}, "properties": {"id": "cer-4532960-0", "class": 1, "date": "2025-11-21", "source": "cerulean-reviewed", "verified": true}}, {"type": "Feature", "geometry": {"type": "Point", "coordinates": [7.38046, 3.92103]}, "properties": {"id": "cer-4532960-1", "class": 1, "date": "2025-11-21", "source": "cerulean-reviewed", "verified": true}}, {"type": "Feature", "geometry": {"type": "Point", "coordinates": [8.35988, 4.21769]}, "properties": {"id": "cer-4532961-0", "class": 1, "date": "2025-11-21", "source": "cerulean-reviewed", "verified": true}}, {"type": "Feature", "geometry": {"type": "Point", "coordinates": [8.29674, 4.34406]}, "properties": {"id": "cer-4551092-0", "class": 1, "date": "2025-11-26", "source": "cerulean-reviewed", "verified": true}}, {"type": "Feature", "geometry": {"type": "Point", "coordinates": [8.62214, 4.32131]}, "properties": {"id": "cer-4551092-1", "class": 1, "date": "2025-11-26", "source": "cerulean-reviewed", "verified": true}}, {"type": "Feature", "geometry": {"type": "Point", "coordinates": [8.13847, 4.30218]}, "properties": {"id": "cer-4551093-0", "class": 1, "date": "2025-11-26", "source": "cerulean-reviewed", "verified": true}}, {"type": "Feature", "geometry": {"type": "Point", "coordinates": [8.14073, 4.29968]}, "properties": {"id": "cer-4551093-1", "class": 1, "date": "2025-11-26", "source": "cerulean-reviewed", "verified": true}}, {"type": "Feature", "geometry": {"type": "Point", "coordinates": [8.1498, 4.16725]}, "properties": {"id": "cer-4551096-0", "class": 1, "date": "2025-11-26", "source": "cerulean-reviewed", "verified": true}}, {"type": "Feature", "geometry": {"type": "Point", "coordinates": [8.17441, 4.10963]}, "properties": {"id": "cer-4551096-1", "class": 1, "date": "2025-11-26", "source": "cerulean-reviewed", "verified": true}}, {"type": "Feature", "geometry": {"type": "Point", "coordinates": [8.30667, 4.22319]}, "properties": {"id": "cer-4551100-0", "class": 1, "date": "2025-11-26", "source": "cerulean-reviewed", "verified": true}}, {"type": "Feature", "geometry": {"type": "Point", "coordinates": [8.30063, 4.22568]}, "properties": {"id": "cer-4551100-1", "class": 1, "date": "2025-11-26", "source": "cerulean-reviewed", "verified": true}}, {"type": "Feature", "geometry": {"type": "Point", "coordinates": [7.29555, 3.99245]}, "properties": {"id": "cer-4551104-0", "class": 1, "date": "2025-11-26", "source": "cerulean-reviewed", "verified": true}}, {"type": "Feature", "geometry": {"type": "Point", "coordinates": [5.80902, 4.35093]}, "properties": {"id": "cer-4562065-0", "class": 1, "date": "2025-12-01", "source": "cerulean-reviewed", "verified": true}}, {"type": "Feature", "geometry": {"type": "Point", "coordinates": [6.23162, 4.10817]}, "properties": {"id": "cer-4562073-0", "class": 1, "date": "2025-12-01", "source": "cerulean-reviewed", "verified": true}}, {"type": "Feature", "geometry": {"type": "Point", "coordinates": [6.22195, 4.12742]}, "properties": {"id": "cer-4562073-1", "class": 1, "date": "2025-12-01", "source": "cerulean-reviewed", "verified": true}}, {"type": "Feature", "geometry": {"type": "Point", "coordinates": [4.88102, 5.90893]}, "properties": {"id": "cer-4562081-0", "class": 1, "date": "2025-12-01", "source": "cerulean-reviewed", "verified": true}}, {"type": "Feature", "geometry": {"type": "Point", "coordinates": [4.85453, 5.96106]}, "properties": {"id": "cer-4562083-0", "class": 1, "date": "2025-12-01", "source": "cerulean-reviewed", "verified": true}}, {"type": "Feature", "geometry": {"type": "Point", "coordinates": [4.86327, 5.96107]}, "properties": {"id": "cer-4562083-1", "class": 1, "date": "2025-12-01", "source": "cerulean-reviewed", "verified": true}}, {"type": "Feature", "geometry": {"type": "Point", "coordinates": [8.09624, 4.2366]}, "properties": {"id": "cer-4565977-0", "class": 1, "date": "2025-12-03", "source": "cerulean-reviewed", "verified": true}}, {"type": "Feature", "geometry": {"type": "Point", "coordinates": [8.12904, 4.22502]}, "properties": {"id": "cer-4565977-1", "class": 1, "date": "2025-12-03", "source": "cerulean-reviewed", "verified": true}}, {"type": "Feature", "geometry": {"type": "Point", "coordinates": [8.15492, 4.08551]}, "properties": {"id": "cer-4565982-0", "class": 1, "date": "2025-12-03", "source": "cerulean-reviewed", "verified": true}}, {"type": "Feature", "geometry": {"type": "Point", "coordinates": [7.99696, 4.01922]}, "properties": {"id": "cer-4565985-0", "class": 1, "date": "2025-12-03", "source": "cerulean-reviewed", "verified": true}}, {"type": "Feature", "geometry": {"type": "Point", "coordinates": [8.00498, 4.01231]}, "properties": {"id": "cer-4565985-1", "class": 1, "date": "2025-12-03", "source": "cerulean-reviewed", "verified": true}}, {"type": "Feature", "geometry": {"type": "Point", "coordinates": [7.74016, 4.37491]}, "properties": {"id": "cer-4579877-0", "class": 1, "date": "2025-12-08", "source": "cerulean-reviewed", "verified": true}}, {"type": "Feature", "geometry": {"type": "Point", "coordinates": [7.73324, 4.36725]}, "properties": {"id": "cer-4579877-1", "class": 1, "date": "2025-12-08", "source": "cerulean-reviewed", "verified": true}}, {"type": "Feature", "geometry": {"type": "Point", "coordinates": [5.07946, 5.51205]}, "properties": {"id": "cer-4590974-0", "class": 1, "date": "2025-12-13", "source": "cerulean-reviewed", "verified": true}}, {"type": "Feature", "geometry": {"type": "Point", "coordinates": [5.10663, 5.51433]}, "properties": {"id": "cer-4590974-1", "class": 1, "date": "2025-12-13", "source": "cerulean-reviewed", "verified": true}}, {"type": "Feature", "geometry": {"type": "Point", "coordinates": [5.32525, 4.81885]}, "properties": {"id": "cer-4590977-0", "class": 1, "date": "2025-12-13", "source": "cerulean-reviewed", "verified": true}}, {"type": "Feature", "geometry": {"type": "Point", "coordinates": [5.33227, 4.8336]}, "properties": {"id": "cer-4590977-1", "class": 1, "date": "2025-12-13", "source": "cerulean-reviewed", "verified": true}}, {"type": "Feature", "geometry": {"type": "Point", "coordinates": [7.9232, 4.10511]}, "properties": {"id": "cer-4593484-0", "class": 1, "date": "2025-12-15", "source": "cerulean-reviewed", "verified": true}}, {"type": "Feature", "geometry": {"type": "Point", "coordinates": [7.9385, 4.10926]}, "properties": {"id": "cer-4593484-1", "class": 1, "date": "2025-12-15", "source": "cerulean-reviewed", "verified": true}}, {"type": "Feature", "geometry": {"type": "Point", "coordinates": [7.37766, 3.92109]}, "properties": {"id": "cer-4593485-0", "class": 1, "date": "2025-12-15", "source": "cerulean-reviewed", "verified": true}}, {"type": "Feature", "geometry": {"type": "Point", "coordinates": [7.37711, 3.9168]}, "properties": {"id": "cer-4593485-1", "class": 1, "date": "2025-12-15", "source": "cerulean-reviewed", "verified": true}}, {"type": "Feature", "geometry": {"type": "Point", "coordinates": [7.98632, 4.24238]}, "properties": {"id": "cer-4593493-0", "class": 1, "date": "2025-12-15", "source": "cerulean-reviewed", "verified": true}}, {"type": "Feature", "geometry": {"type": "Point", "coordinates": [7.85897, 4.41201]}, "properties": {"id": "cer-4593501-0", "class": 1, "date": "2025-12-15", "source": "cerulean-reviewed", "verified": true}}, {"type": "Feature", "geometry": {"type": "Point", "coordinates": [7.86824, 4.39026]}, "properties": {"id": "cer-4593501-1", "class": 1, "date": "2025-12-15", "source": "cerulean-reviewed", "verified": true}}, {"type": "Feature", "geometry": {"type": "Point", "coordinates": [5.23464, 5.15945]}, "properties": {"id": "cer-4603327-0", "class": 1, "date": "2025-12-20", "source": "cerulean-reviewed", "verified": true}}, {"type": "Feature", "geometry": {"type": "Point", "coordinates": [5.22901, 5.20542]}, "properties": {"id": "cer-4603327-1", "class": 1, "date": "2025-12-20", "source": "cerulean-reviewed", "verified": true}}, {"type": "Feature", "geometry": {"type": "Point", "coordinates": [4.98499, 5.39732]}, "properties": {"id": "cer-4603329-0", "class": 1, "date": "2025-12-20", "source": "cerulean-reviewed", "verified": true}}, {"type": "Feature", "geometry": {"type": "Point", "coordinates": [5.00022, 5.39779]}, "properties": {"id": "cer-4603329-1", "class": 1, "date": "2025-12-20", "source": "cerulean-reviewed", "verified": true}}, {"type": "Feature", "geometry": {"type": "Point", "coordinates": [7.41509, 3.93482]}, "properties": {"id": "cer-4604167-0", "class": 1, "date": "2025-12-20", "source": "cerulean-reviewed", "verified": true}}, {"type": "Feature", "geometry": {"type": "Point", "coordinates": [7.40312, 3.9394]}, "properties": {"id": "cer-4604167-1", "class": 1, "date": "2025-12-20", "source": "cerulean-reviewed", "verified": true}}, {"type": "Feature", "geometry": {"type": "Point", "coordinates": [8.19025, 4.09682]}, "properties": {"id": "cer-4604176-0", "class": 1, "date": "2025-12-20", "source": "cerulean-reviewed", "verified": true}}, {"type": "Feature", "geometry": {"type": "Point", "coordinates": [7.62829, 4.34269]}, "properties": {"id": "cer-4604254-0", "class": 1, "date": "2025-12-20", "source": "cerulean-reviewed", "verified": true}}, {"type": "Feature", "geometry": {"type": "Point", "coordinates": [7.62043, 4.3468]}, "properties": {"id": "cer-4604254-1", "class": 1, "date": "2025-12-20", "source": "cerulean-reviewed", "verified": true}}, {"type": "Feature", "geometry": {"type": "Point", "coordinates": [4.83359, 5.9899]}, "properties": {"id": "cer-4614556-0", "class": 1, "date": "2025-12-25", "source": "cerulean-reviewed", "verified": true}}, {"type": "Feature", "geometry": {"type": "Point", "coordinates": [4.82984, 5.99139]}, "properties": {"id": "cer-4614556-1", "class": 1, "date": "2025-12-25", "source": "cerulean-reviewed", "verified": true}}, {"type": "Feature", "geometry": {"type": "Point", "coordinates": [5.30774, 5.27169]}, "properties": {"id": "cer-4615736-0", "class": 1, "date": "2025-12-25", "source": "cerulean-reviewed", "verified": true}}, {"type": "Feature", "geometry": {"type": "Point", "coordinates": [5.31736, 4.7907]}, "properties": {"id": "cer-4615737-0", "class": 1, "date": "2025-12-25", "source": "cerulean-reviewed", "verified": true}}, {"type": "Feature", "geometry": {"type": "Point", "coordinates": [5.34159, 4.77567]}, "properties": {"id": "cer-4615737-1", "class": 1, "date": "2025-12-25", "source": "cerulean-reviewed", "verified": true}}, {"type": "Feature", "geometry": {"type": "Point", "coordinates": [8.17005, 4.11816]}, "properties": {"id": "cer-4618125-0", "class": 1, "date": "2025-12-27", "source": "cerulean-reviewed", "verified": true}}, {"type": "Feature", "geometry": {"type": "Point", "coordinates": [8.16615, 4.11408]}, "properties": {"id": "cer-4618125-1", "class": 1, "date": "2025-12-27", "source": "cerulean-reviewed", "verified": true}}, {"type": "Feature", "geometry": {"type": "Point", "coordinates": [7.95508, 4.42881]}, "properties": {"id": "cer-4618133-0", "class": 1, "date": "2025-12-27", "source": "cerulean-reviewed", "verified": true}}, {"type": "Feature", "geometry": {"type": "Point", "coordinates": [7.95068, 4.42502]}, "properties": {"id": "cer-4618133-1", "class": 1, "date": "2025-12-27", "source": "cerulean-reviewed", "verified": true}}, {"type": "Feature", "geometry": {"type": "Point", "coordinates": [8.20261, 4.32684]}, "properties": {"id": "cer-4618134-0", "class": 1, "date": "2025-12-27", "source": "cerulean-reviewed", "verified": true}}, {"type": "Feature", "geometry": {"type": "Point", "coordinates": [8.20141, 4.33159]}, "properties": {"id": "cer-4618134-1", "class": 1, "date": "2025-12-27", "source": "cerulean-reviewed", "verified": true}}, {"type": "Feature", "geometry": {"type": "Point", "coordinates": [5.31049, 4.87481]}, "properties": {"id": "cer-4629144-0", "class": 1, "date": "2026-01-01", "source": "cerulean-reviewed", "verified": true}}, {"type": "Feature", "geometry": {"type": "Point", "coordinates": [5.31935, 4.84817]}, "properties": {"id": "cer-4629144-1", "class": 1, "date": "2026-01-01", "source": "cerulean-reviewed", "verified": true}}, {"type": "Feature", "geometry": {"type": "Point", "coordinates": [4.8951, 5.79769]}, "properties": {"id": "cer-4640762-0", "class": 1, "date": "2026-01-06", "source": "cerulean-reviewed", "verified": true}}, {"type": "Feature", "geometry": {"type": "Point", "coordinates": [4.8789, 5.96037]}, "properties": {"id": "cer-4640763-0", "class": 1, "date": "2026-01-06", "source": "cerulean-reviewed", "verified": true}}, {"type": "Feature", "geometry": {"type": "Point", "coordinates": [4.88211, 5.95626]}, "properties": {"id": "cer-4640763-1", "class": 1, "date": "2026-01-06", "source": "cerulean-reviewed", "verified": true}}, {"type": "Feature", "geometry": {"type": "Point", "coordinates": [6.32635, 4.24994]}, "properties": {"id": "cer-4642152-0", "class": 1, "date": "2026-01-06", "source": "cerulean-reviewed", "verified": true}}, {"type": "Feature", "geometry": {"type": "Point", "coordinates": [6.33769, 4.26081]}, "properties": {"id": "cer-4642152-1", "class": 1, "date": "2026-01-06", "source": "cerulean-reviewed", "verified": true}}, {"type": "Feature", "geometry": {"type": "Point", "coordinates": [5.35235, 4.75737]}, "properties": {"id": "cer-4657277-0", "class": 1, "date": "2026-01-13", "source": "cerulean-reviewed", "verified": true}}, {"type": "Feature", "geometry": {"type": "Point", "coordinates": [5.48822, 4.60183]}, "properties": {"id": "cer-4657277-1", "class": 1, "date": "2026-01-13", "source": "cerulean-reviewed", "verified": true}}, {"type": "Feature", "geometry": {"type": "Point", "coordinates": [7.87102, 4.41273]}, "properties": {"id": "cer-4658639-0", "class": 1, "date": "2026-01-13", "source": "cerulean-reviewed", "verified": true}}, {"type": "Feature", "geometry": {"type": "Point", "coordinates": [7.67979, 4.32758]}, "properties": {"id": "cer-4658640-0", "class": 1, "date": "2026-01-13", "source": "cerulean-reviewed", "verified": true}}, {"type": "Feature", "geometry": {"type": "Point", "coordinates": [7.07551, 4.28155]}, "properties": {"id": "cer-4658642-0", "class": 1, "date": "2026-01-13", "source": "cerulean-reviewed", "verified": true}}, {"type": "Feature", "geometry": {"type": "Point", "coordinates": [7.391, 4.32753]}, "properties": {"id": "cer-4658645-0", "class": 1, "date": "2026-01-13", "source": "cerulean-reviewed", "verified": true}}, {"type": "Feature", "geometry": {"type": "Point", "coordinates": [7.38797, 4.3231]}, "properties": {"id": "cer-4658645-1", "class": 1, "date": "2026-01-13", "source": "cerulean-reviewed", "verified": true}}, {"type": "Feature", "geometry": {"type": "Point", "coordinates": [7.49954, 3.98186]}, "properties": {"id": "cer-4658653-0", "class": 1, "date": "2026-01-13", "source": "cerulean-reviewed", "verified": true}}, {"type": "Feature", "geometry": {"type": "Point", "coordinates": [7.49661, 3.99982]}, "properties": {"id": "cer-4658653-1", "class": 1, "date": "2026-01-13", "source": "cerulean-reviewed", "verified": true}}, {"type": "Feature", "geometry": {"type": "Point", "coordinates": [8.32143, 4.34198]}, "properties": {"id": "cer-4658658-0", "class": 1, "date": "2026-01-13", "source": "cerulean-reviewed", "verified": true}}, {"type": "Feature", "geometry": {"type": "Point", "coordinates": [8.30649, 4.25162]}, "properties": {"id": "cer-4658658-1", "class": 1, "date": "2026-01-13", "source": "cerulean-reviewed", "verified": true}}, {"type": "Feature", "geometry": {"type": "Point", "coordinates": [8.22461, 4.29528]}, "properties": {"id": "cer-4658659-0", "class": 1, "date": "2026-01-13", "source": "cerulean-reviewed", "verified": true}}, {"type": "Feature", "geometry": {"type": "Point", "coordinates": [8.32381, 4.34195]}, "properties": {"id": "cer-4658662-0", "class": 1, "date": "2026-01-13", "source": "cerulean-reviewed", "verified": true}}, {"type": "Feature", "geometry": {"type": "Point", "coordinates": [8.32295, 4.31181]}, "properties": {"id": "cer-4658662-1", "class": 1, "date": "2026-01-13", "source": "cerulean-reviewed", "verified": true}}, {"type": "Feature", "geometry": {"type": "Point", "coordinates": [7.85963, 4.14351]}, "properties": {"id": "cer-4671448-0", "class": 1, "date": "2026-01-20", "source": "cerulean-reviewed", "verified": true}}, {"type": "Feature", "geometry": {"type": "Point", "coordinates": [7.85786, 4.14301]}, "properties": {"id": "cer-4671448-1", "class": 1, "date": "2026-01-20", "source": "cerulean-reviewed", "verified": true}}, {"type": "Feature", "geometry": {"type": "Point", "coordinates": [8.24899, 4.27606]}, "properties": {"id": "cer-4671631-0", "class": 1, "date": "2026-01-20", "source": "cerulean-reviewed", "verified": true}}, {"type": "Feature", "geometry": {"type": "Point", "coordinates": [8.25562, 4.26849]}, "properties": {"id": "cer-4671631-1", "class": 1, "date": "2026-01-20", "source": "cerulean-reviewed", "verified": true}}, {"type": "Feature", "geometry": {"type": "Point", "coordinates": [7.93413, 4.42572]}, "properties": {"id": "cer-4671632-0", "class": 1, "date": "2026-01-20", "source": "cerulean-reviewed", "verified": true}}, {"type": "Feature", "geometry": {"type": "Point", "coordinates": [7.84853, 4.40282]}, "properties": {"id": "cer-4671632-1", "class": 1, "date": "2026-01-20", "source": "cerulean-reviewed", "verified": true}}, {"type": "Feature", "geometry": {"type": "Point", "coordinates": [5.36199, 4.82194]}, "properties": {"id": "cer-4681507-0", "class": 1, "date": "2026-01-25", "source": "cerulean-reviewed", "verified": true}}, {"type": "Feature", "geometry": {"type": "Point", "coordinates": [5.36184, 4.82101]}, "properties": {"id": "cer-4681507-1", "class": 1, "date": "2026-01-25", "source": "cerulean-reviewed", "verified": true}}, {"type": "Feature", "geometry": {"type": "Point", "coordinates": [6.38097, 4.27262]}, "properties": {"id": "cer-4681508-0", "class": 1, "date": "2026-01-25", "source": "cerulean-reviewed", "verified": true}}, {"type": "Feature", "geometry": {"type": "Point", "coordinates": [6.38105, 4.27593]}, "properties": {"id": "cer-4681508-1", "class": 1, "date": "2026-01-25", "source": "cerulean-reviewed", "verified": true}}, {"type": "Feature", "geometry": {"type": "Point", "coordinates": [6.23743, 4.23414]}, "properties": {"id": "cer-4681509-0", "class": 1, "date": "2026-01-25", "source": "cerulean-reviewed", "verified": true}}, {"type": "Feature", "geometry": {"type": "Point", "coordinates": [6.24286, 4.23374]}, "properties": {"id": "cer-4681509-1", "class": 1, "date": "2026-01-25", "source": "cerulean-reviewed", "verified": true}}, {"type": "Feature", "geometry": {"type": "Point", "coordinates": [8.45982, 4.27746]}, "properties": {"id": "cer-4682257-0", "class": 1, "date": "2026-01-25", "source": "cerulean-reviewed", "verified": true}}, {"type": "Feature", "geometry": {"type": "Point", "coordinates": [8.18172, 4.10786]}, "properties": {"id": "cer-4682258-0", "class": 1, "date": "2026-01-25", "source": "cerulean-reviewed", "verified": true}}, {"type": "Feature", "geometry": {"type": "Point", "coordinates": [8.17843, 4.11359]}, "properties": {"id": "cer-4682258-1", "class": 1, "date": "2026-01-25", "source": "cerulean-reviewed", "verified": true}}, {"type": "Feature", "geometry": {"type": "Point", "coordinates": [8.57171, 4.30387]}, "properties": {"id": "cer-4682262-0", "class": 1, "date": "2026-01-25", "source": "cerulean-reviewed", "verified": true}}, {"type": "Feature", "geometry": {"type": "Point", "coordinates": [8.57236, 4.3056]}, "properties": {"id": "cer-4682262-1", "class": 1, "date": "2026-01-25", "source": "cerulean-reviewed", "verified": true}}, {"type": "Feature", "geometry": {"type": "Point", "coordinates": [8.37496, 4.47481]}, "properties": {"id": "cer-4682269-0", "class": 1, "date": "2026-01-25", "source": "cerulean-reviewed", "verified": true}}, {"type": "Feature", "geometry": {"type": "Point", "coordinates": [4.8539, 5.96523]}, "properties": {"id": "cer-4692266-0", "class": 1, "date": "2026-01-30", "source": "cerulean-reviewed", "verified": true}}, {"type": "Feature", "geometry": {"type": "Point", "coordinates": [5.06224, 5.3417]}, "properties": {"id": "cer-4692268-0", "class": 1, "date": "2026-01-30", "source": "cerulean-reviewed", "verified": true}}, {"type": "Feature", "geometry": {"type": "Point", "coordinates": [5.04631, 5.3328]}, "properties": {"id": "cer-4692268-1", "class": 1, "date": "2026-01-30", "source": "cerulean-reviewed", "verified": true}}, {"type": "Feature", "geometry": {"type": "Point", "coordinates": [5.87903, 4.31108]}, "properties": {"id": "cer-4693510-0", "class": 1, "date": "2026-01-30", "source": "cerulean-reviewed", "verified": true}}, {"type": "Feature", "geometry": {"type": "Point", "coordinates": [5.87969, 4.3114]}, "properties": {"id": "cer-4693510-1", "class": 1, "date": "2026-01-30", "source": "cerulean-reviewed", "verified": true}}, {"type": "Feature", "geometry": {"type": "Point", "coordinates": [5.29538, 4.93318]}, "properties": {"id": "cer-4704973-0", "class": 1, "date": "2026-02-06", "source": "cerulean-reviewed", "verified": true}}, {"type": "Feature", "geometry": {"type": "Point", "coordinates": [5.29299, 4.94538]}, "properties": {"id": "cer-4704973-1", "class": 1, "date": "2026-02-06", "source": "cerulean-reviewed", "verified": true}}, {"type": "Feature", "geometry": {"type": "Point", "coordinates": [4.84531, 5.90687]}, "properties": {"id": "cer-4715306-0", "class": 1, "date": "2026-02-11", "source": "cerulean-reviewed", "verified": true}}, {"type": "Feature", "geometry": {"type": "Point", "coordinates": [4.84279, 5.90494]}, "properties": {"id": "cer-4715306-1", "class": 1, "date": "2026-02-11", "source": "cerulean-reviewed", "verified": true}}, {"type": "Feature", "geometry": {"type": "Point", "coordinates": [4.82743, 5.96727]}, "properties": {"id": "cer-4715309-0", "class": 1, "date": "2026-02-11", "source": "cerulean-reviewed", "verified": true}}, {"type": "Feature", "geometry": {"type": "Point", "coordinates": [4.82387, 5.96681]}, "properties": {"id": "cer-4715309-1", "class": 1, "date": "2026-02-11", "source": "cerulean-reviewed", "verified": true}}, {"type": "Feature", "geometry": {"type": "Point", "coordinates": [4.89916, 5.7688]}, "properties": {"id": "cer-4715318-0", "class": 1, "date": "2026-02-11", "source": "cerulean-reviewed", "verified": true}}, {"type": "Feature", "geometry": {"type": "Point", "coordinates": [4.91865, 5.76011]}, "properties": {"id": "cer-4715318-1", "class": 1, "date": "2026-02-11", "source": "cerulean-reviewed", "verified": true}}, {"type": "Feature", "geometry": {"type": "Point", "coordinates": [8.11134, 4.36398]}, "properties": {"id": "cer-4719620-0", "class": 1, "date": "2026-02-13", "source": "cerulean-reviewed", "verified": true}}, {"type": "Feature", "geometry": {"type": "Point", "coordinates": [8.2193, 4.30364]}, "properties": {"id": "cer-4719620-1", "class": 1, "date": "2026-02-13", "source": "cerulean-reviewed", "verified": true}}, {"type": "Feature", "geometry": {"type": "Point", "coordinates": [7.98088, 4.2263]}, "properties": {"id": "cer-4719627-0", "class": 1, "date": "2026-02-13", "source": "cerulean-reviewed", "verified": true}}, {"type": "Feature", "geometry": {"type": "Point", "coordinates": [8.12979, 4.22913]}, "properties": {"id": "cer-4719627-1", "class": 1, "date": "2026-02-13", "source": "cerulean-reviewed", "verified": true}}, {"type": "Feature", "geometry": {"type": "Point", "coordinates": [7.99115, 4.15589]}, "properties": {"id": "cer-4719632-0", "class": 1, "date": "2026-02-13", "source": "cerulean-reviewed", "verified": true}}, {"type": "Feature", "geometry": {"type": "Point", "coordinates": [7.62343, 4.11536]}, "properties": {"id": "cer-4719637-0", "class": 1, "date": "2026-02-13", "source": "cerulean-reviewed", "verified": true}}, {"type": "Feature", "geometry": {"type": "Point", "coordinates": [7.65598, 4.12943]}, "properties": {"id": "cer-4719637-1", "class": 1, "date": "2026-02-13", "source": "cerulean-reviewed", "verified": true}}, {"type": "Feature", "geometry": {"type": "Point", "coordinates": [8.20433, 4.10162]}, "properties": {"id": "cer-4719638-0", "class": 1, "date": "2026-02-13", "source": "cerulean-reviewed", "verified": true}}, {"type": "Feature", "geometry": {"type": "Point", "coordinates": [8.23468, 4.09376]}, "properties": {"id": "cer-4719638-1", "class": 1, "date": "2026-02-13", "source": "cerulean-reviewed", "verified": true}}, {"type": "Feature", "geometry": {"type": "Point", "coordinates": [5.31738, 4.79107]}, "properties": {"id": "cer-4728393-0", "class": 1, "date": "2026-02-18", "source": "cerulean-reviewed", "verified": true}}, {"type": "Feature", "geometry": {"type": "Point", "coordinates": [5.24185, 5.12238]}, "properties": {"id": "cer-4728396-0", "class": 1, "date": "2026-02-18", "source": "cerulean-reviewed", "verified": true}}, {"type": "Feature", "geometry": {"type": "Point", "coordinates": [5.27579, 5.11923]}, "properties": {"id": "cer-4728398-0", "class": 1, "date": "2026-02-18", "source": "cerulean-reviewed", "verified": true}}, {"type": "Feature", "geometry": {"type": "Point", "coordinates": [5.26618, 5.12424]}, "properties": {"id": "cer-4728398-1", "class": 1, "date": "2026-02-18", "source": "cerulean-reviewed", "verified": true}}, {"type": "Feature", "geometry": {"type": "Point", "coordinates": [7.22351, 4.16038]}, "properties": {"id": "cer-4729601-0", "class": 1, "date": "2026-02-18", "source": "cerulean-reviewed", "verified": true}}, {"type": "Feature", "geometry": {"type": "Point", "coordinates": [7.22313, 4.15098]}, "properties": {"id": "cer-4729601-1", "class": 1, "date": "2026-02-18", "source": "cerulean-reviewed", "verified": true}}, {"type": "Feature", "geometry": {"type": "Point", "coordinates": [7.60526, 4.31176]}, "properties": {"id": "cer-4729602-0", "class": 1, "date": "2026-02-18", "source": "cerulean-reviewed", "verified": true}}, {"type": "Feature", "geometry": {"type": "Point", "coordinates": [7.82461, 4.42709]}, "properties": {"id": "cer-4729605-0", "class": 1, "date": "2026-02-18", "source": "cerulean-reviewed", "verified": true}}, {"type": "Feature", "geometry": {"type": "Point", "coordinates": [8.05229, 4.29634]}, "properties": {"id": "cer-4729606-0", "class": 1, "date": "2026-02-18", "source": "cerulean-reviewed", "verified": true}}, {"type": "Feature", "geometry": {"type": "Point", "coordinates": [8.06311, 4.31421]}, "properties": {"id": "cer-4729606-1", "class": 1, "date": "2026-02-18", "source": "cerulean-reviewed", "verified": true}}, {"type": "Feature", "geometry": {"type": "Point", "coordinates": [7.2654, 4.12983]}, "properties": {"id": "cer-4729607-0", "class": 1, "date": "2026-02-18", "source": "cerulean-reviewed", "verified": true}}, {"type": "Feature", "geometry": {"type": "Point", "coordinates": [7.27771, 4.11997]}, "properties": {"id": "cer-4729607-1", "class": 1, "date": "2026-02-18", "source": "cerulean-reviewed", "verified": true}}, {"type": "Feature", "geometry": {"type": "Point", "coordinates": [8.14908, 4.25408]}, "properties": {"id": "cer-4729610-0", "class": 1, "date": "2026-02-18", "source": "cerulean-reviewed", "verified": true}}, {"type": "Feature", "geometry": {"type": "Point", "coordinates": [8.15083, 4.25939]}, "properties": {"id": "cer-4729610-1", "class": 1, "date": "2026-02-18", "source": "cerulean-reviewed", "verified": true}}, {"type": "Feature", "geometry": {"type": "Point", "coordinates": [7.82636, 3.95471]}, "properties": {"id": "cer-4729611-0", "class": 1, "date": "2026-02-18", "source": "cerulean-reviewed", "verified": true}}, {"type": "Feature", "geometry": {"type": "Point", "coordinates": [8.30837, 4.02341]}, "properties": {"id": "cer-4729611-1", "class": 1, "date": "2026-02-18", "source": "cerulean-reviewed", "verified": true}}, {"type": "Feature", "geometry": {"type": "Point", "coordinates": [7.36219, 3.57568]}, "properties": {"id": "cer-4729612-0", "class": 1, "date": "2026-02-18", "source": "cerulean-reviewed", "verified": true}}, {"type": "Feature", "geometry": {"type": "Point", "coordinates": [7.28776, 3.77448]}, "properties": {"id": "cer-4729612-1", "class": 1, "date": "2026-02-18", "source": "cerulean-reviewed", "verified": true}}, {"type": "Feature", "geometry": {"type": "Point", "coordinates": [4.89029, 5.92335]}, "properties": {"id": "cer-4740013-0", "class": 1, "date": "2026-02-23", "source": "cerulean-reviewed", "verified": true}}, {"type": "Feature", "geometry": {"type": "Point", "coordinates": [5.85875, 4.28667]}, "properties": {"id": "cer-4741313-0", "class": 1, "date": "2026-02-23", "source": "cerulean-reviewed", "verified": true}}, {"type": "Feature", "geometry": {"type": "Point", "coordinates": [5.83347, 4.31296]}, "properties": {"id": "cer-4741313-1", "class": 1, "date": "2026-02-23", "source": "cerulean-reviewed", "verified": true}}, {"type": "Feature", "geometry": {"type": "Point", "coordinates": [6.81387, 4.21973]}, "properties": {"id": "cer-4741314-0", "class": 1, "date": "2026-02-23", "source": "cerulean-reviewed", "verified": true}}, {"type": "Feature", "geometry": {"type": "Point", "coordinates": [8.40314, 4.30421]}, "properties": {"id": "cer-4744523-0", "class": 1, "date": "2026-02-25", "source": "cerulean-reviewed", "verified": true}}, {"type": "Feature", "geometry": {"type": "Point", "coordinates": [8.37306, 4.42929]}, "properties": {"id": "cer-4744523-1", "class": 1, "date": "2026-02-25", "source": "cerulean-reviewed", "verified": true}}, {"type": "Feature", "geometry": {"type": "Point", "coordinates": [8.16113, 4.09481]}, "properties": {"id": "cer-4744548-0", "class": 1, "date": "2026-02-25", "source": "cerulean-reviewed", "verified": true}}, {"type": "Feature", "geometry": {"type": "Point", "coordinates": [8.57992, 4.12428]}, "properties": {"id": "cer-4744556-0", "class": 1, "date": "2026-02-25", "source": "cerulean-reviewed", "verified": true}}, {"type": "Feature", "geometry": {"type": "Point", "coordinates": [8.23033, 4.2358]}, "properties": {"id": "cer-4744556-1", "class": 1, "date": "2026-02-25", "source": "cerulean-reviewed", "verified": true}}, {"type": "Feature", "geometry": {"type": "Point", "coordinates": [7.21178, 4.17612]}, "properties": {"id": "cer-4744557-0", "class": 1, "date": "2026-02-25", "source": "cerulean-reviewed", "verified": true}}, {"type": "Feature", "geometry": {"type": "Point", "coordinates": [5.34894, 4.83911]}, "properties": {"id": "cer-4754161-0", "class": 1, "date": "2026-03-02", "source": "cerulean-reviewed", "verified": true}}, {"type": "Feature", "geometry": {"type": "Point", "coordinates": [5.33301, 4.8193]}, "properties": {"id": "cer-4754161-1", "class": 1, "date": "2026-03-02", "source": "cerulean-reviewed", "verified": true}}, {"type": "Feature", "geometry": {"type": "Point", "coordinates": [5.11414, 5.55805]}, "properties": {"id": "cer-4754171-0", "class": 1, "date": "2026-03-02", "source": "cerulean-reviewed", "verified": true}}, {"type": "Feature", "geometry": {"type": "Point", "coordinates": [5.10002, 5.55464]}, "properties": {"id": "cer-4754171-1", "class": 1, "date": "2026-03-02", "source": "cerulean-reviewed", "verified": true}}, {"type": "Feature", "geometry": {"type": "Point", "coordinates": [5.06776, 5.67613]}, "properties": {"id": "cer-4754172-0", "class": 1, "date": "2026-03-02", "source": "cerulean-reviewed", "verified": true}}, {"type": "Feature", "geometry": {"type": "Point", "coordinates": [5.06592, 5.673]}, "properties": {"id": "cer-4754172-1", "class": 1, "date": "2026-03-02", "source": "cerulean-reviewed", "verified": true}}, {"type": "Feature", "geometry": {"type": "Point", "coordinates": [4.95652, 5.57931]}, "properties": {"id": "cer-4754173-0", "class": 1, "date": "2026-03-02", "source": "cerulean-reviewed", "verified": true}}, {"type": "Feature", "geometry": {"type": "Point", "coordinates": [4.92955, 5.59111]}, "properties": {"id": "cer-4754173-1", "class": 1, "date": "2026-03-02", "source": "cerulean-reviewed", "verified": true}}, {"type": "Feature", "geometry": {"type": "Point", "coordinates": [8.37639, 4.29806]}, "properties": {"id": "cer-4755054-0", "class": 1, "date": "2026-03-02", "source": "cerulean-reviewed", "verified": true}}, {"type": "Feature", "geometry": {"type": "Point", "coordinates": [8.0674, 4.13601]}, "properties": {"id": "cer-4755055-0", "class": 1, "date": "2026-03-02", "source": "cerulean-reviewed", "verified": true}}, {"type": "Feature", "geometry": {"type": "Point", "coordinates": [8.11029, 4.22961]}, "properties": {"id": "cer-4755055-1", "class": 1, "date": "2026-03-02", "source": "cerulean-reviewed", "verified": true}}, {"type": "Feature", "geometry": {"type": "Point", "coordinates": [7.50466, 3.92861]}, "properties": {"id": "cer-4755062-0", "class": 1, "date": "2026-03-02", "source": "cerulean-reviewed", "verified": true}}, {"type": "Feature", "geometry": {"type": "Point", "coordinates": [7.44608, 3.9191]}, "properties": {"id": "cer-4755062-1", "class": 1, "date": "2026-03-02", "source": "cerulean-reviewed", "verified": true}}, {"type": "Feature", "geometry": {"type": "Point", "coordinates": [8.33685, 4.23758]}, "properties": {"id": "cer-4755067-0", "class": 1, "date": "2026-03-02", "source": "cerulean-reviewed", "verified": true}}, {"type": "Feature", "geometry": {"type": "Point", "coordinates": [8.27751, 4.3808]}, "properties": {"id": "cer-4755073-0", "class": 1, "date": "2026-03-02", "source": "cerulean-reviewed", "verified": true}}, {"type": "Feature", "geometry": {"type": "Point", "coordinates": [8.2755, 4.36531]}, "properties": {"id": "cer-4755073-1", "class": 1, "date": "2026-03-02", "source": "cerulean-reviewed", "verified": true}}, {"type": "Feature", "geometry": {"type": "Point", "coordinates": [7.81706, 4.41645]}, "properties": {"id": "cer-4755075-0", "class": 1, "date": "2026-03-02", "source": "cerulean-reviewed", "verified": true}}, {"type": "Feature", "geometry": {"type": "Point", "coordinates": [4.96405, 5.76536]}, "properties": {"id": "cer-4763937-0", "class": 1, "date": "2026-03-07", "source": "cerulean-reviewed", "verified": true}}, {"type": "Feature", "geometry": {"type": "Point", "coordinates": [4.96636, 5.76828]}, "properties": {"id": "cer-4763937-1", "class": 1, "date": "2026-03-07", "source": "cerulean-reviewed", "verified": true}}, {"type": "Feature", "geometry": {"type": "Point", "coordinates": [4.90262, 5.92984]}, "properties": {"id": "cer-4764926-0", "class": 1, "date": "2026-03-07", "source": "cerulean-reviewed", "verified": true}}, {"type": "Feature", "geometry": {"type": "Point", "coordinates": [4.99735, 5.8306]}, "properties": {"id": "cer-4764928-0", "class": 1, "date": "2026-03-07", "source": "cerulean-reviewed", "verified": true}}, {"type": "Feature", "geometry": {"type": "Point", "coordinates": [4.99679, 5.83396]}, "properties": {"id": "cer-4764928-1", "class": 1, "date": "2026-03-07", "source": "cerulean-reviewed", "verified": true}}, {"type": "Feature", "geometry": {"type": "Point", "coordinates": [6.38065, 3.96915]}, "properties": {"id": "cer-4777225-0", "class": 1, "date": "2026-03-14", "source": "cerulean-reviewed", "verified": true}}, {"type": "Feature", "geometry": {"type": "Point", "coordinates": [6.36354, 3.96471]}, "properties": {"id": "cer-4777225-1", "class": 1, "date": "2026-03-14", "source": "cerulean-reviewed", "verified": true}}, {"type": "Feature", "geometry": {"type": "Point", "coordinates": [5.33143, 4.76667]}, "properties": {"id": "cer-4777226-0", "class": 1, "date": "2026-03-14", "source": "cerulean-reviewed", "verified": true}}, {"type": "Feature", "geometry": {"type": "Point", "coordinates": [5.32014, 4.77784]}, "properties": {"id": "cer-4777226-1", "class": 1, "date": "2026-03-14", "source": "cerulean-reviewed", "verified": true}}, {"type": "Feature", "geometry": {"type": "Point", "coordinates": [5.93568, 4.28739]}, "properties": {"id": "cer-4777227-0", "class": 1, "date": "2026-03-14", "source": "cerulean-reviewed", "verified": true}}, {"type": "Feature", "geometry": {"type": "Point", "coordinates": [5.94489, 4.25574]}, "properties": {"id": "cer-4777227-1", "class": 1, "date": "2026-03-14", "source": "cerulean-reviewed", "verified": true}}, {"type": "Feature", "geometry": {"type": "Point", "coordinates": [5.79798, 4.29457]}, "properties": {"id": "cer-4777229-0", "class": 1, "date": "2026-03-14", "source": "cerulean-reviewed", "verified": true}}, {"type": "Feature", "geometry": {"type": "Point", "coordinates": [5.81783, 4.31364]}, "properties": {"id": "cer-4777229-1", "class": 1, "date": "2026-03-14", "source": "cerulean-reviewed", "verified": true}}, {"type": "Feature", "geometry": {"type": "Point", "coordinates": [6.25632, 4.09373]}, "properties": {"id": "cer-4777230-0", "class": 1, "date": "2026-03-14", "source": "cerulean-reviewed", "verified": true}}, {"type": "Feature", "geometry": {"type": "Point", "coordinates": [6.26147, 4.08374]}, "properties": {"id": "cer-4777230-1", "class": 1, "date": "2026-03-14", "source": "cerulean-reviewed", "verified": true}}, {"type": "Feature", "geometry": {"type": "Point", "coordinates": [8.22533, 4.27196]}, "properties": {"id": "cer-4778121-0", "class": 1, "date": "2026-03-14", "source": "cerulean-reviewed", "verified": true}}, {"type": "Feature", "geometry": {"type": "Point", "coordinates": [8.22007, 4.27607]}, "properties": {"id": "cer-4778121-1", "class": 1, "date": "2026-03-14", "source": "cerulean-reviewed", "verified": true}}, {"type": "Feature", "geometry": {"type": "Point", "coordinates": [8.16113, 4.11472]}, "properties": {"id": "cer-4778124-0", "class": 1, "date": "2026-03-14", "source": "cerulean-reviewed", "verified": true}}, {"type": "Feature", "geometry": {"type": "Point", "coordinates": [8.36609, 4.48208]}, "properties": {"id": "cer-4778130-0", "class": 1, "date": "2026-03-14", "source": "cerulean-reviewed", "verified": true}}, {"type": "Feature", "geometry": {"type": "Point", "coordinates": [8.40079, 4.56545]}, "properties": {"id": "cer-4778130-1", "class": 1, "date": "2026-03-14", "source": "cerulean-reviewed", "verified": true}}, {"type": "Feature", "geometry": {"type": "Point", "coordinates": [4.82603, 5.9947]}, "properties": {"id": "cer-4786593-0", "class": 1, "date": "2026-03-19", "source": "cerulean-reviewed", "verified": true}}, {"type": "Feature", "geometry": {"type": "Point", "coordinates": [4.82513, 5.98675]}, "properties": {"id": "cer-4786593-1", "class": 1, "date": "2026-03-19", "source": "cerulean-reviewed", "verified": true}}, {"type": "Feature", "geometry": {"type": "Point", "coordinates": [5.3383, 4.99154]}, "properties": {"id": "cer-4787520-0", "class": 1, "date": "2026-03-19", "source": "cerulean-reviewed", "verified": true}}, {"type": "Feature", "geometry": {"type": "Point", "coordinates": [5.32495, 4.85565]}, "properties": {"id": "cer-4787520-1", "class": 1, "date": "2026-03-19", "source": "cerulean-reviewed", "verified": true}}, {"type": "Feature", "geometry": {"type": "Point", "coordinates": [8.21946, 4.28018]}, "properties": {"id": "cer-4790303-0", "class": 1, "date": "2026-03-21", "source": "cerulean-reviewed", "verified": true}}, {"type": "Feature", "geometry": {"type": "Point", "coordinates": [8.22021, 4.27612]}, "properties": {"id": "cer-4790303-1", "class": 1, "date": "2026-03-21", "source": "cerulean-reviewed", "verified": true}}, {"type": "Feature", "geometry": {"type": "Point", "coordinates": [8.30767, 4.33577]}, "properties": {"id": "cer-4790305-0", "class": 1, "date": "2026-03-21", "source": "cerulean-reviewed", "verified": true}}, {"type": "Feature", "geometry": {"type": "Point", "coordinates": [8.28787, 4.32224]}, "properties": {"id": "cer-4790305-1", "class": 1, "date": "2026-03-21", "source": "cerulean-reviewed", "verified": true}}, {"type": "Feature", "geometry": {"type": "Point", "coordinates": [8.19097, 4.22044]}, "properties": {"id": "cer-4790308-0", "class": 1, "date": "2026-03-21", "source": "cerulean-reviewed", "verified": true}}, {"type": "Feature", "geometry": {"type": "Point", "coordinates": [8.18372, 4.21944]}, "properties": {"id": "cer-4790308-1", "class": 1, "date": "2026-03-21", "source": "cerulean-reviewed", "verified": true}}, {"type": "Feature", "geometry": {"type": "Point", "coordinates": [8.30115, 4.16205]}, "properties": {"id": "cer-4790313-0", "class": 1, "date": "2026-03-21", "source": "cerulean-reviewed", "verified": true}}, {"type": "Feature", "geometry": {"type": "Point", "coordinates": [8.31355, 4.15418]}, "properties": {"id": "cer-4790313-1", "class": 1, "date": "2026-03-21", "source": "cerulean-reviewed", "verified": true}}, {"type": "Feature", "geometry": {"type": "Point", "coordinates": [6.44897, 3.95268]}, "properties": {"id": "cer-4800538-0", "class": 1, "date": "2026-03-26", "source": "cerulean-reviewed", "verified": true}}, {"type": "Feature", "geometry": {"type": "Point", "coordinates": [6.45032, 3.95183]}, "properties": {"id": "cer-4800538-1", "class": 1, "date": "2026-03-26", "source": "cerulean-reviewed", "verified": true}}, {"type": "Feature", "geometry": {"type": "Point", "coordinates": [5.33864, 4.81301]}, "properties": {"id": "cer-4800539-0", "class": 1, "date": "2026-03-26", "source": "cerulean-reviewed", "verified": true}}, {"type": "Feature", "geometry": {"type": "Point", "coordinates": [5.3373, 4.81319]}, "properties": {"id": "cer-4800539-1", "class": 1, "date": "2026-03-26", "source": "cerulean-reviewed", "verified": true}}, {"type": "Feature", "geometry": {"type": "Point", "coordinates": [7.82189, 4.05496]}, "properties": {"id": "cer-4801360-0", "class": 1, "date": "2026-03-26", "source": "cerulean-reviewed", "verified": true}}, {"type": "Feature", "geometry": {"type": "Point", "coordinates": [8.32587, 4.19844]}, "properties": {"id": "cer-4801363-0", "class": 1, "date": "2026-03-26", "source": "cerulean-reviewed", "verified": true}}, {"type": "Feature", "geometry": {"type": "Point", "coordinates": [8.34812, 4.19664]}, "properties": {"id": "cer-4801363-1", "class": 1, "date": "2026-03-26", "source": "cerulean-reviewed", "verified": true}}, {"type": "Feature", "geometry": {"type": "Point", "coordinates": [8.28604, 4.01957]}, "properties": {"id": "cer-4801366-0", "class": 1, "date": "2026-03-26", "source": "cerulean-reviewed", "verified": true}}, {"type": "Feature", "geometry": {"type": "Point", "coordinates": [7.49571, 4.00274]}, "properties": {"id": "cer-4801367-0", "class": 1, "date": "2026-03-26", "source": "cerulean-reviewed", "verified": true}}, {"type": "Feature", "geometry": {"type": "Point", "coordinates": [7.49916, 4.002]}, "properties": {"id": "cer-4801367-1", "class": 1, "date": "2026-03-26", "source": "cerulean-reviewed", "verified": true}}, {"type": "Feature", "geometry": {"type": "Point", "coordinates": [7.47683, 3.94198]}, "properties": {"id": "cer-4801368-0", "class": 1, "date": "2026-03-26", "source": "cerulean-reviewed", "verified": true}}, {"type": "Feature", "geometry": {"type": "Point", "coordinates": [7.39424, 3.91071]}, "properties": {"id": "cer-4801368-1", "class": 1, "date": "2026-03-26", "source": "cerulean-reviewed", "verified": true}}, {"type": "Feature", "geometry": {"type": "Point", "coordinates": [4.88102, 5.79494]}, "properties": {"id": "cer-4810384-0", "class": 1, "date": "2026-03-31", "source": "cerulean-reviewed", "verified": true}}, {"type": "Feature", "geometry": {"type": "Point", "coordinates": [4.81539, 5.99024]}, "properties": {"id": "cer-4810388-0", "class": 1, "date": "2026-03-31", "source": "cerulean-reviewed", "verified": true}}, {"type": "Feature", "geometry": {"type": "Point", "coordinates": [4.81659, 5.98814]}, "properties": {"id": "cer-4810388-1", "class": 1, "date": "2026-03-31", "source": "cerulean-reviewed", "verified": true}}, {"type": "Feature", "geometry": {"type": "Point", "coordinates": [4.79173, 5.93499]}, "properties": {"id": "cer-4811885-0", "class": 1, "date": "2026-03-31", "source": "cerulean-reviewed", "verified": true}}, {"type": "Feature", "geometry": {"type": "Point", "coordinates": [4.83154, 5.94399]}, "properties": {"id": "cer-4811885-1", "class": 1, "date": "2026-03-31", "source": "cerulean-reviewed", "verified": true}}, {"type": "Feature", "geometry": {"type": "Point", "coordinates": [6.40881, 3.91903]}, "properties": {"id": "cer-4811888-0", "class": 1, "date": "2026-03-31", "source": "cerulean-reviewed", "verified": true}}, {"type": "Feature", "geometry": {"type": "Point", "coordinates": [6.42653, 3.92179]}, "properties": {"id": "cer-4811888-1", "class": 1, "date": "2026-03-31", "source": "cerulean-reviewed", "verified": true}}, {"type": "Feature", "geometry": {"type": "Point", "coordinates": [5.26623, 4.8872]}, "properties": {"id": "cer-4811897-0", "class": 1, "date": "2026-03-31", "source": "cerulean-reviewed", "verified": true}}, {"type": "Feature", "geometry": {"type": "Point", "coordinates": [5.26426, 4.88335]}, "properties": {"id": "cer-4811897-1", "class": 1, "date": "2026-03-31", "source": "cerulean-reviewed", "verified": true}}, {"type": "Feature", "geometry": {"type": "Point", "coordinates": [7.88647, 4.10683]}, "properties": {"id": "cer-4814104-0", "class": 1, "date": "2026-04-02", "source": "cerulean-reviewed", "verified": true}}, {"type": "Feature", "geometry": {"type": "Point", "coordinates": [7.8907, 4.11548]}, "properties": {"id": "cer-4814104-1", "class": 1, "date": "2026-04-02", "source": "cerulean-reviewed", "verified": true}}, {"type": "Feature", "geometry": {"type": "Point", "coordinates": [6.58247, 3.97253]}, "properties": {"id": "cer-4824869-0", "class": 1, "date": "2026-04-07", "source": "cerulean-reviewed", "verified": true}}, {"type": "Feature", "geometry": {"type": "Point", "coordinates": [6.43793, 3.95301]}, "properties": {"id": "cer-4824869-1", "class": 1, "date": "2026-04-07", "source": "cerulean-reviewed", "verified": true}}, {"type": "Feature", "geometry": {"type": "Point", "coordinates": [5.11929, 5.39806]}, "properties": {"id": "cer-4824871-0", "class": 1, "date": "2026-04-07", "source": "cerulean-reviewed", "verified": true}}, {"type": "Feature", "geometry": {"type": "Point", "coordinates": [5.1178, 5.40505]}, "properties": {"id": "cer-4824871-1", "class": 1, "date": "2026-04-07", "source": "cerulean-reviewed", "verified": true}}, {"type": "Feature", "geometry": {"type": "Point", "coordinates": [4.92319, 5.5889]}, "properties": {"id": "cer-4824873-0", "class": 1, "date": "2026-04-07", "source": "cerulean-reviewed", "verified": true}}, {"type": "Feature", "geometry": {"type": "Point", "coordinates": [4.96563, 5.50492]}, "properties": {"id": "cer-4824873-1", "class": 1, "date": "2026-04-07", "source": "cerulean-reviewed", "verified": true}}, {"type": "Feature", "geometry": {"type": "Point", "coordinates": [7.3972, 3.91008]}, "properties": {"id": "cer-4825854-0", "class": 1, "date": "2026-04-07", "source": "cerulean-reviewed", "verified": true}}, {"type": "Feature", "geometry": {"type": "Point", "coordinates": [7.39258, 3.90872]}, "properties": {"id": "cer-4825854-1", "class": 1, "date": "2026-04-07", "source": "cerulean-reviewed", "verified": true}}, {"type": "Feature", "geometry": {"type": "Point", "coordinates": [4.95689, 5.86773]}, "properties": {"id": "cer-4834856-0", "class": 1, "date": "2026-04-12", "source": "cerulean-reviewed", "verified": true}}, {"type": "Feature", "geometry": {"type": "Point", "coordinates": [4.95361, 5.86577]}, "properties": {"id": "cer-4834856-1", "class": 1, "date": "2026-04-12", "source": "cerulean-reviewed", "verified": true}}, {"type": "Feature", "geometry": {"type": "Point", "coordinates": [4.78415, 5.91299]}, "properties": {"id": "cer-4834860-0", "class": 1, "date": "2026-04-12", "source": "cerulean-reviewed", "verified": true}}, {"type": "Feature", "geometry": {"type": "Point", "coordinates": [4.78341, 5.91352]}, "properties": {"id": "cer-4834860-1", "class": 1, "date": "2026-04-12", "source": "cerulean-reviewed", "verified": true}}, {"type": "Feature", "geometry": {"type": "Point", "coordinates": [6.4555, 3.96847]}, "properties": {"id": "cer-4835893-0", "class": 1, "date": "2026-04-12", "source": "cerulean-reviewed", "verified": true}}, {"type": "Feature", "geometry": {"type": "Point", "coordinates": [6.44201, 3.9596]}, "properties": {"id": "cer-4835893-1", "class": 1, "date": "2026-04-12", "source": "cerulean-reviewed", "verified": true}}, {"type": "Feature", "geometry": {"type": "Point", "coordinates": [6.22164, 4.13046]}, "properties": {"id": "cer-4835898-0", "class": 1, "date": "2026-04-12", "source": "cerulean-reviewed", "verified": true}}, {"type": "Feature", "geometry": {"type": "Point", "coordinates": [5.30531, 4.83908]}, "properties": {"id": "cer-4835900-0", "class": 1, "date": "2026-04-12", "source": "cerulean-reviewed", "verified": true}}, {"type": "Feature", "geometry": {"type": "Point", "coordinates": [5.30669, 4.84992]}, "properties": {"id": "cer-4835900-1", "class": 1, "date": "2026-04-12", "source": "cerulean-reviewed", "verified": true}}, {"type": "Feature", "geometry": {"type": "Point", "coordinates": [4.81407, 5.97828]}, "properties": {"id": "cer-4835903-0", "class": 1, "date": "2026-04-12", "source": "cerulean-reviewed", "verified": true}}, {"type": "Feature", "geometry": {"type": "Point", "coordinates": [4.83192, 5.87254]}, "properties": {"id": "cer-4835904-0", "class": 1, "date": "2026-04-12", "source": "cerulean-reviewed", "verified": true}}, {"type": "Feature", "geometry": {"type": "Point", "coordinates": [4.83284, 5.8659]}, "properties": {"id": "cer-4835904-1", "class": 1, "date": "2026-04-12", "source": "cerulean-reviewed", "verified": true}}, {"type": "Feature", "geometry": {"type": "Point", "coordinates": [5.00287, 5.59304]}, "properties": {"id": "cer-4852123-0", "class": 1, "date": "2026-04-19", "source": "cerulean-reviewed", "verified": true}}, {"type": "Feature", "geometry": {"type": "Point", "coordinates": [4.99767, 5.58884]}, "properties": {"id": "cer-4852123-1", "class": 1, "date": "2026-04-19", "source": "cerulean-reviewed", "verified": true}}, {"type": "Feature", "geometry": {"type": "Point", "coordinates": [5.28751, 4.80446]}, "properties": {"id": "cer-4852126-0", "class": 1, "date": "2026-04-19", "source": "cerulean-reviewed", "verified": true}}, {"type": "Feature", "geometry": {"type": "Point", "coordinates": [6.47678, 4.04366]}, "properties": {"id": "cer-4852127-0", "class": 1, "date": "2026-04-19", "source": "cerulean-reviewed", "verified": true}}, {"type": "Feature", "geometry": {"type": "Point", "coordinates": [6.51045, 4.07737]}, "properties": {"id": "cer-4852127-1", "class": 1, "date": "2026-04-19", "source": "cerulean-reviewed", "verified": true}}, {"type": "Feature", "geometry": {"type": "Point", "coordinates": [8.17108, 4.16554]}, "properties": {"id": "cer-4854255-0", "class": 1, "date": "2026-04-19", "source": "cerulean-reviewed", "verified": true}}, {"type": "Feature", "geometry": {"type": "Point", "coordinates": [8.17074, 4.13987]}, "properties": {"id": "cer-4854255-1", "class": 1, "date": "2026-04-19", "source": "cerulean-reviewed", "verified": true}}, {"type": "Feature", "geometry": {"type": "Point", "coordinates": [7.50361, 4.02128]}, "properties": {"id": "cer-4854265-0", "class": 1, "date": "2026-04-19", "source": "cerulean-reviewed", "verified": true}}, {"type": "Feature", "geometry": {"type": "Point", "coordinates": [6.80672, 4.18579]}, "properties": {"id": "cer-4854275-0", "class": 1, "date": "2026-04-19", "source": "cerulean-reviewed", "verified": true}}, {"type": "Feature", "geometry": {"type": "Point", "coordinates": [7.24995, 4.2033]}, "properties": {"id": "cer-4854276-0", "class": 1, "date": "2026-04-19", "source": "cerulean-reviewed", "verified": true}}, {"type": "Feature", "geometry": {"type": "Point", "coordinates": [7.25139, 4.19872]}, "properties": {"id": "cer-4854276-1", "class": 1, "date": "2026-04-19", "source": "cerulean-reviewed", "verified": true}}, {"type": "Feature", "geometry": {"type": "Point", "coordinates": [7.69109, 4.3152]}, "properties": {"id": "cer-4854277-0", "class": 1, "date": "2026-04-19", "source": "cerulean-reviewed", "verified": true}}, {"type": "Feature", "geometry": {"type": "Point", "coordinates": [7.67963, 4.31207]}, "properties": {"id": "cer-4854277-1", "class": 1, "date": "2026-04-19", "source": "cerulean-reviewed", "verified": true}}, {"type": "Feature", "geometry": {"type": "Point", "coordinates": [7.86135, 4.42778]}, "properties": {"id": "cer-4854279-0", "class": 1, "date": "2026-04-19", "source": "cerulean-reviewed", "verified": true}}, {"type": "Feature", "geometry": {"type": "Point", "coordinates": [7.83878, 4.39395]}, "properties": {"id": "cer-4854279-1", "class": 1, "date": "2026-04-19", "source": "cerulean-reviewed", "verified": true}}, {"type": "Feature", "geometry": {"type": "Point", "coordinates": [7.2983, 4.23517]}, "properties": {"id": "cer-4854282-0", "class": 1, "date": "2026-04-19", "source": "cerulean-reviewed", "verified": true}}, {"type": "Feature", "geometry": {"type": "Point", "coordinates": [7.30316, 4.24369]}, "properties": {"id": "cer-4854282-1", "class": 1, "date": "2026-04-19", "source": "cerulean-reviewed", "verified": true}}, {"type": "Feature", "geometry": {"type": "Point", "coordinates": [6.49601, 3.98289]}, "properties": {"id": "cer-4869022-0", "class": 1, "date": "2026-04-24", "source": "cerulean-reviewed", "verified": true}}, {"type": "Feature", "geometry": {"type": "Point", "coordinates": [6.47632, 3.98212]}, "properties": {"id": "cer-4869022-1", "class": 1, "date": "2026-04-24", "source": "cerulean-reviewed", "verified": true}}, {"type": "Feature", "geometry": {"type": "Point", "coordinates": [7.71824, 4.28501]}, "properties": {"id": "cer-4873601-0", "class": 1, "date": "2026-04-26", "source": "cerulean-reviewed", "verified": true}}, {"type": "Feature", "geometry": {"type": "Point", "coordinates": [8.3846, 4.32859]}, "properties": {"id": "cer-4873613-0", "class": 1, "date": "2026-04-26", "source": "cerulean-reviewed", "verified": true}}, {"type": "Feature", "geometry": {"type": "Point", "coordinates": [8.38257, 4.32613]}, "properties": {"id": "cer-4873613-1", "class": 1, "date": "2026-04-26", "source": "cerulean-reviewed", "verified": true}}, {"type": "Feature", "geometry": {"type": "Point", "coordinates": [5.28371, 4.65577]}, "properties": {"id": "cer-4887699-0", "class": 1, "date": "2026-05-01", "source": "cerulean-reviewed", "verified": true}}, {"type": "Feature", "geometry": {"type": "Point", "coordinates": [5.31813, 4.76369]}, "properties": {"id": "cer-4887699-1", "class": 1, "date": "2026-05-01", "source": "cerulean-reviewed", "verified": true}}, {"type": "Feature", "geometry": {"type": "Point", "coordinates": [7.82536, 4.38972]}, "properties": {"id": "cer-4889519-0", "class": 1, "date": "2026-05-01", "source": "cerulean-reviewed", "verified": true}}, {"type": "Feature", "geometry": {"type": "Point", "coordinates": [7.82693, 4.38672]}, "properties": {"id": "cer-4889519-1", "class": 1, "date": "2026-05-01", "source": "cerulean-reviewed", "verified": true}}, {"type": "Feature", "geometry": {"type": "Point", "coordinates": [8.41204, 4.42366]}, "properties": {"id": "cer-4942695-0", "class": 1, "date": "2026-05-20", "source": "cerulean-reviewed", "verified": true}}, {"type": "Feature", "geometry": {"type": "Point", "coordinates": [8.42735, 4.27575]}, "properties": {"id": "cer-4942695-1", "class": 1, "date": "2026-05-20", "source": "cerulean-reviewed", "verified": true}}, {"type": "Feature", "geometry": {"type": "Point", "coordinates": [8.04777, 4.36941]}, "properties": {"id": "cer-4942696-0", "class": 1, "date": "2026-05-20", "source": "cerulean-reviewed", "verified": true}}, {"type": "Feature", "geometry": {"type": "Point", "coordinates": [8.04017, 4.38449]}, "properties": {"id": "cer-4942696-1", "class": 1, "date": "2026-05-20", "source": "cerulean-reviewed", "verified": true}}, {"type": "Feature", "geometry": {"type": "Point", "coordinates": [6.35865, 4.12843]}, "properties": {"id": "cer-4976207-0", "class": 1, "date": "2026-05-30", "source": "cerulean-reviewed", "verified": true}}, {"type": "Feature", "geometry": {"type": "Point", "coordinates": [6.34808, 4.12541]}, "properties": {"id": "cer-4976207-1", "class": 1, "date": "2026-05-30", "source": "cerulean-reviewed", "verified": true}}, {"type": "Feature", "geometry": {"type": "Point", "coordinates": [7.84215, 4.39725]}, "properties": {"id": "cer-5004085-0", "class": 1, "date": "2026-06-08", "source": "cerulean-reviewed", "verified": true}}, {"type": "Feature", "geometry": {"type": "Point", "coordinates": [7.8616, 4.3966]}, "properties": {"id": "cer-5004085-1", "class": 1, "date": "2026-06-08", "source": "cerulean-reviewed", "verified": true}}, {"type": "Feature", "geometry": {"type": "Point", "coordinates": [5.84161, 4.30078]}, "properties": {"id": "cer-5108406-0", "class": 1, "date": "2026-07-24", "source": "cerulean-reviewed", "verified": true}}, {"type": "Feature", "geometry": {"type": "Point", "coordinates": [6.41221, 3.94303]}, "properties": {"id": "cer-5108409-0", "class": 1, "date": "2026-07-24", "source": "cerulean-reviewed", "verified": true}}, {"type": "Feature", "geometry": {"type": "Point", "coordinates": [8.42926, 4.41204]}, "properties": {"id": "cer-5176898-0", "class": 1, "date": "2026-08-25", "source": "cerulean-reviewed", "verified": true}}, {"type": "Feature", "geometry": {"type": "Point", "coordinates": [4.91741, 5.87254]}, "properties": {"id": "cer-5035815-0", "class": 1, "date": "2026-06-23", "source": "cerulean-machine", "verified": false}}, {"type": "Feature", "geometry": {"type": "Point", "coordinates": [5.17588, 5.43303]}, "properties": {"id": "cer-3592508-0", "class": 1, "date": "2016-11-18", "source": "cerulean-machine", "verified": false}}, {"type": "Feature", "geometry": {"type": "Point", "coordinates": [6.34838, 4.09344]}, "properties": {"id": "cer-4657273-0", "class": 1, "date": "2026-01-13", "source": "cerulean-machine", "verified": false}}, {"type": "Feature", "geometry": {"type": "Point", "coordinates": [8.39627, 4.09204]}, "properties": {"id": "cer-3081041-0", "class": 1, "date": "2023-10-03", "source": "cerulean-machine", "verified": false}}, {"type": "Feature", "geometry": {"type": "Point", "coordinates": [4.87484, 4.91398]}, "properties": {"id": "cer-4549954-0", "class": 1, "date": "2025-11-26", "source": "cerulean-machine", "verified": false}}, {"type": "Feature", "geometry": {"type": "Point", "coordinates": [7.44353, 3.92859]}, "properties": {"id": "cer-3779243-0", "class": 1, "date": "2023-02-22", "source": "cerulean-machine", "verified": false}}, {"type": "Feature", "geometry": {"type": "Point", "coordinates": [5.14704, 4.40512]}, "properties": {"id": "cer-3791886-0", "class": 1, "date": "2024-12-30", "source": "cerulean-machine", "verified": false}}, {"type": "Feature", "geometry": {"type": "Point", "coordinates": [6.31611, 4.17515]}, "properties": {"id": "cer-3812720-0", "class": 1, "date": "2025-02-04", "source": "cerulean-machine", "verified": false}}, {"type": "Feature", "geometry": {"type": "Point", "coordinates": [7.70345, 4.26026]}, "properties": {"id": "cer-3220466-0", "class": 1, "date": "2023-10-08", "source": "cerulean-machine", "verified": false}}, {"type": "Feature", "geometry": {"type": "Point", "coordinates": [8.56073, 4.07693]}, "properties": {"id": "cer-3109032-0", "class": 1, "date": "2023-07-11", "source": "cerulean-machine", "verified": false}}, {"type": "Feature", "geometry": {"type": "Point", "coordinates": [6.85129, 4.23071]}, "properties": {"id": "cer-4532965-0", "class": 1, "date": "2025-11-21", "source": "cerulean-machine", "verified": false}}, {"type": "Feature", "geometry": {"type": "Point", "coordinates": [4.92668, 5.2882]}, "properties": {"id": "cer-4763935-0", "class": 1, "date": "2026-03-07", "source": "cerulean-machine", "verified": false}}, {"type": "Feature", "geometry": {"type": "Point", "coordinates": [6.38683, 4.21291]}, "properties": {"id": "cer-4811887-0", "class": 1, "date": "2026-03-31", "source": "cerulean-machine", "verified": false}}, {"type": "Feature", "geometry": {"type": "Point", "coordinates": [8.46082, 4.07899]}, "properties": {"id": "cer-3680648-0", "class": 1, "date": "2023-03-25", "source": "cerulean-machine", "verified": false}}, {"type": "Feature", "geometry": {"type": "Point", "coordinates": [4.90437, 4.98882]}, "properties": {"id": "cer-3352969-0", "class": 1, "date": "2024-05-28", "source": "cerulean-machine", "verified": false}}, {"type": "Feature", "geometry": {"type": "Point", "coordinates": [8.53601, 4.29288]}, "properties": {"id": "cer-4942692-0", "class": 1, "date": "2026-05-20", "source": "cerulean-machine", "verified": false}}, {"type": "Feature", "geometry": {"type": "Point", "coordinates": [8.48797, 3.97465]}, "properties": {"id": "cer-3633570-0", "class": 1, "date": "2023-05-12", "source": "cerulean-machine", "verified": false}}, {"type": "Feature", "geometry": {"type": "Point", "coordinates": [5.51067, 4.29188]}, "properties": {"id": "cer-4976197-0", "class": 1, "date": "2026-05-30", "source": "cerulean-machine", "verified": false}}, {"type": "Feature", "geometry": {"type": "Point", "coordinates": [4.9809, 5.68917]}, "properties": {"id": "cer-3592419-0", "class": 1, "date": "2016-11-30", "source": "cerulean-machine", "verified": false}}, {"type": "Feature", "geometry": {"type": "Point", "coordinates": [4.85041, 5.89102]}, "properties": {"id": "cer-3590846-0", "class": 1, "date": "2022-12-29", "source": "cerulean-machine", "verified": false}}, {"type": "Feature", "geometry": {"type": "Point", "coordinates": [8.46906, 4.14422]}, "properties": {"id": "cer-3560542-0", "class": 1, "date": "2024-11-14", "source": "cerulean-machine", "verified": false}}, {"type": "Feature", "geometry": {"type": "Point", "coordinates": [5.01005, 5.455]}, "properties": {"id": "cer-4937448-0", "class": 1, "date": "2026-05-18", "source": "cerulean-machine", "verified": false}}, {"type": "Feature", "geometry": {"type": "Point", "coordinates": [7.60011, 4.27743]}, "properties": {"id": "cer-3127624-0", "class": 1, "date": "2023-12-07", "source": "cerulean-machine", "verified": false}}, {"type": "Feature", "geometry": {"type": "Point", "coordinates": [6.24367, 4.06391]}, "properties": {"id": "cer-3710284-0", "class": 1, "date": "2023-02-10", "source": "cerulean-machine", "verified": false}}, {"type": "Feature", "geometry": {"type": "Point", "coordinates": [7.05869, 4.2201]}, "properties": {"id": "cer-3616118-0", "class": 1, "date": "2024-12-20", "source": "cerulean-machine", "verified": false}}, {"type": "Feature", "geometry": {"type": "Point", "coordinates": [4.37971, 4.57678]}, "properties": {"id": "cer-4172583-0", "class": 1, "date": "2025-06-16", "source": "cerulean-machine", "verified": false}}, {"type": "Feature", "geometry": {"type": "Point", "coordinates": [8.4759, 4.24994]}, "properties": {"id": "cer-3768754-0", "class": 1, "date": "2023-01-17", "source": "cerulean-machine", "verified": false}}, {"type": "Feature", "geometry": {"type": "Point", "coordinates": [8.5092, 4.14076]}, "properties": {"id": "cer-4226675-0", "class": 1, "date": "2025-07-12", "source": "cerulean-machine", "verified": false}}, {"type": "Feature", "geometry": {"type": "Point", "coordinates": [5.03343, 5.6109]}, "properties": {"id": "cer-3590902-0", "class": 1, "date": "2022-07-26", "source": "cerulean-machine", "verified": false}}, {"type": "Feature", "geometry": {"type": "Point", "coordinates": [8.5916, 4.34195]}, "properties": {"id": "cer-3611381-0", "class": 1, "date": "2024-01-31", "source": "cerulean-machine", "verified": false}}, {"type": "Feature", "geometry": {"type": "Point", "coordinates": [4.86311, 5.93565]}, "properties": {"id": "cer-3590884-0", "class": 1, "date": "2022-12-17", "source": "cerulean-machine", "verified": false}}, {"type": "Feature", "geometry": {"type": "Point", "coordinates": [4.94826, 5.70357]}, "properties": {"id": "cer-5162764-0", "class": 1, "date": "2026-08-18", "source": "cerulean-machine", "verified": false}}, {"type": "Feature", "geometry": {"type": "Point", "coordinates": [6.45103, 3.97671]}, "properties": {"id": "cer-5233911-0", "class": 1, "date": "2026-09-22", "source": "cerulean-machine", "verified": false}}, {"type": "Feature", "geometry": {"type": "Point", "coordinates": [4.75124, 5.9309]}, "properties": {"id": "cer-3591860-0", "class": 1, "date": "2019-05-07", "source": "cerulean-machine", "verified": false}}, {"type": "Feature", "geometry": {"type": "Point", "coordinates": [8.23903, 4.30009]}, "properties": {"id": "cer-3611825-0", "class": 1, "date": "2023-12-26", "source": "cerulean-machine", "verified": false}}, {"type": "Feature", "geometry": {"type": "Point", "coordinates": [5.55668, 4.34578]}, "properties": {"id": "cer-5035806-0", "class": 1, "date": "2026-06-23", "source": "cerulean-machine", "verified": false}}, {"type": "Feature", "geometry": {"type": "Point", "coordinates": [7.29009, 4.24688]}, "properties": {"id": "cer-3855916-0", "class": 1, "date": "2025-03-02", "source": "cerulean-machine", "verified": false}}, {"type": "Feature", "geometry": {"type": "Point", "coordinates": [4.85968, 5.95762]}, "properties": {"id": "cer-3592221-0", "class": 1, "date": "2020-03-26", "source": "cerulean-machine", "verified": false}}, {"type": "Feature", "geometry": {"type": "Point", "coordinates": [7.66743, 4.32484]}, "properties": {"id": "cer-4744544-0", "class": 1, "date": "2026-02-25", "source": "cerulean-machine", "verified": false}}, {"type": "Feature", "geometry": {"type": "Point", "coordinates": [5.07975, 5.4756]}, "properties": {"id": "cer-3586340-0", "class": 1, "date": "2024-12-06", "source": "cerulean-machine", "verified": false}}, {"type": "Feature", "geometry": {"type": "Point", "coordinates": [4.83433, 5.29095]}, "properties": {"id": "cer-3591733-0", "class": 1, "date": "2020-06-06", "source": "cerulean-machine", "verified": false}}, {"type": "Feature", "geometry": {"type": "Point", "coordinates": [8.45633, 4.48134]}, "properties": {"id": "cer-3541153-0", "class": 1, "date": "2024-10-26", "source": "cerulean-machine", "verified": false}}, {"type": "Feature", "geometry": {"type": "Point", "coordinates": [7.36599, 4.19334]}, "properties": {"id": "cer-3623618-0", "class": 1, "date": "2023-05-24", "source": "cerulean-machine", "verified": false}}, {"type": "Feature", "geometry": {"type": "Point", "coordinates": [6.69614, 4.05702]}, "properties": {"id": "cer-5214587-0", "class": 1, "date": "2026-09-12", "source": "cerulean-machine", "verified": false}}, {"type": "Feature", "geometry": {"type": "Point", "coordinates": [8.38943, 4.42989]}, "properties": {"id": "cer-4719618-0", "class": 1, "date": "2026-02-13", "source": "cerulean-machine", "verified": false}}, {"type": "Feature", "geometry": {"type": "Point", "coordinates": [8.46803, 4.24859]}, "properties": {"id": "cer-3842251-0", "class": 1, "date": "2025-02-18", "source": "cerulean-machine", "verified": false}}, {"type": "Feature", "geometry": {"type": "Point", "coordinates": [8.36552, 3.90816]}, "properties": {"id": "cer-4001792-0", "class": 1, "date": "2025-05-30", "source": "cerulean-machine", "verified": false}}, {"type": "Feature", "geometry": {"type": "Point", "coordinates": [8.51847, 4.149]}, "properties": {"id": "cer-4506604-0", "class": 1, "date": "2025-11-09", "source": "cerulean-machine", "verified": false}}, {"type": "Feature", "geometry": {"type": "Point", "coordinates": [7.0786, 4.08517]}, "properties": {"id": "cer-4380652-0", "class": 1, "date": "2025-09-10", "source": "cerulean-machine", "verified": false}}, {"type": "Feature", "geometry": {"type": "Point", "coordinates": [5.1299, 5.50069]}, "properties": {"id": "cer-3821097-0", "class": 1, "date": "2025-01-23", "source": "cerulean-machine", "verified": false}}, {"type": "Feature", "geometry": {"type": "Point", "coordinates": [5.2662, 4.34198]}, "properties": {"id": "cer-3602973-0", "class": 1, "date": "2024-12-13", "source": "cerulean-machine", "verified": false}}, {"type": "Feature", "geometry": {"type": "Point", "coordinates": [8.35882, 3.94713]}, "properties": {"id": "cer-3285492-0", "class": 1, "date": "2024-01-12", "source": "cerulean-machine", "verified": false}}, {"type": "Feature", "geometry": {"type": "Point", "coordinates": [4.77831, 5.45637]}, "properties": {"id": "cer-5149295-0", "class": 1, "date": "2023-01-22", "source": "cerulean-machine", "verified": false}}, {"type": "Feature", "geometry": {"type": "Point", "coordinates": [6.86608, 4.31588]}, "properties": {"id": "cer-4764922-0", "class": 1, "date": "2026-03-07", "source": "cerulean-machine", "verified": false}}, {"type": "Feature", "geometry": {"type": "Point", "coordinates": [7.89814, 4.1312]}, "properties": {"id": "cer-4189340-0", "class": 1, "date": "2025-06-23", "source": "cerulean-machine", "verified": false}}, {"type": "Feature", "geometry": {"type": "Point", "coordinates": [6.26152, 4.14013]}, "properties": {"id": "cer-4549955-0", "class": 1, "date": "2025-11-26", "source": "cerulean-machine", "verified": false}}, {"type": "Feature", "geometry": {"type": "Point", "coordinates": [8.65855, 4.36186]}, "properties": {"id": "cer-3616107-0", "class": 1, "date": "2024-12-20", "source": "cerulean-machine", "verified": false}}, {"type": "Feature", "geometry": {"type": "Point", "coordinates": [8.56691, 4.35022]}, "properties": {"id": "cer-3374449-0", "class": 1, "date": "2024-04-24", "source": "cerulean-machine", "verified": false}}, {"type": "Feature", "geometry": {"type": "Point", "coordinates": [5.82682, 4.25818]}, "properties": {"id": "cer-4376374-0", "class": 1, "date": "2025-09-08", "source": "cerulean-machine", "verified": false}}, {"type": "Feature", "geometry": {"type": "Point", "coordinates": [6.43902, 4.13189]}, "properties": {"id": "cer-3957816-0", "class": 1, "date": "2025-05-30", "source": "cerulean-machine", "verified": false}}, {"type": "Feature", "geometry": {"type": "Point", "coordinates": [5.02141, 5.41383]}, "properties": {"id": "cer-3592551-0", "class": 1, "date": "2016-01-23", "source": "cerulean-machine", "verified": false}}, {"type": "Feature", "geometry": {"type": "Point", "coordinates": [4.94245, 5.5642]}, "properties": {"id": "cer-3591923-0", "class": 1, "date": "2016-12-12", "source": "cerulean-machine", "verified": false}}, {"type": "Feature", "geometry": {"type": "Point", "coordinates": [8.06188, 4.2122]}, "properties": {"id": "cer-4565981-0", "class": 1, "date": "2025-12-03", "source": "cerulean-machine", "verified": false}}, {"type": "Feature", "geometry": {"type": "Point", "coordinates": [8.61563, 4.27603]}, "properties": {"id": "cer-3613831-0", "class": 1, "date": "2023-06-05", "source": "cerulean-machine", "verified": false}}, {"type": "Feature", "geometry": {"type": "Point", "coordinates": [8.07014, 4.40243]}, "properties": {"id": "cer-3166334-0", "class": 1, "date": "2023-07-16", "source": "cerulean-machine", "verified": false}}, {"type": "Feature", "geometry": {"type": "Point", "coordinates": [6.00506, 4.14082]}, "properties": {"id": "cer-3417790-0", "class": 1, "date": "2024-02-05", "source": "cerulean-machine", "verified": false}}, {"type": "Feature", "geometry": {"type": "Point", "coordinates": [4.91398, 5.42896]}, "properties": {"id": "cer-3768595-0", "class": 1, "date": "2023-01-22", "source": "cerulean-machine", "verified": false}}, {"type": "Feature", "geometry": {"type": "Point", "coordinates": [5.09692, 5.20987]}, "properties": {"id": "cer-4777224-0", "class": 1, "date": "2026-03-14", "source": "cerulean-machine", "verified": false}}, {"type": "Feature", "geometry": {"type": "Point", "coordinates": [8.47798, 4.14834]}, "properties": {"id": "cer-5004088-0", "class": 1, "date": "2026-06-08", "source": "cerulean-machine", "verified": false}}, {"type": "Feature", "geometry": {"type": "Point", "coordinates": [4.8995, 5.90819]}, "properties": {"id": "cer-3591659-0", "class": 1, "date": "2022-02-20", "source": "cerulean-machine", "verified": false}}, {"type": "Feature", "geometry": {"type": "Point", "coordinates": [7.733, 4.10271]}, "properties": {"id": "cer-4213443-0", "class": 1, "date": "2025-07-05", "source": "cerulean-machine", "verified": false}}, {"type": "Feature", "geometry": {"type": "Point", "coordinates": [5.24317, 4.36873]}, "properties": {"id": "cer-5083076-0", "class": 1, "date": "2026-07-12", "source": "cerulean-machine", "verified": false}}, {"type": "Feature", "geometry": {"type": "Point", "coordinates": [4.81951, 5.63765]}, "properties": {"id": "cer-3591890-0", "class": 1, "date": "2019-03-08", "source": "cerulean-machine", "verified": false}}, {"type": "Feature", "geometry": {"type": "Point", "coordinates": [6.2546, 4.12565]}, "properties": {"id": "cer-4250948-0", "class": 1, "date": "2025-07-22", "source": "cerulean-machine", "verified": false}}, {"type": "Feature", "geometry": {"type": "Point", "coordinates": [8.44574, 4.28982]}, "properties": {"id": "cer-4579861-0", "class": 1, "date": "2025-12-08", "source": "cerulean-machine", "verified": false}}, {"type": "Feature", "geometry": {"type": "Point", "coordinates": [4.74435, 6.04623]}, "properties": {"id": "cer-3591173-0", "class": 1, "date": "2021-12-22", "source": "cerulean-machine", "verified": false}}, {"type": "Feature", "geometry": {"type": "Point", "coordinates": [8.44091, 4.38798]}, "properties": {"id": "cer-3357889-0", "class": 1, "date": "2024-05-18", "source": "cerulean-machine", "verified": false}}, {"type": "Feature", "geometry": {"type": "Point", "coordinates": [7.88538, 4.20325]}, "properties": {"id": "cer-3616130-0", "class": 1, "date": "2024-12-20", "source": "cerulean-machine", "verified": false}}, {"type": "Feature", "geometry": {"type": "Point", "coordinates": [6.32155, 4.08652]}, "properties": {"id": "cer-5133672-0", "class": 1, "date": "2026-08-05", "source": "cerulean-machine", "verified": false}}, {"type": "Feature", "geometry": {"type": "Point", "coordinates": [4.71211, 4.63451]}, "properties": {"id": "cer-3572087-0", "class": 1, "date": "2024-11-24", "source": "cerulean-machine", "verified": false}}, {"type": "Feature", "geometry": {"type": "Point", "coordinates": [4.90917, 5.43377]}, "properties": {"id": "cer-3592402-0", "class": 1, "date": "2019-02-12", "source": "cerulean-machine", "verified": false}}, {"type": "Feature", "geometry": {"type": "Point", "coordinates": [6.35831, 4.15933]}, "properties": {"id": "cer-4477322-0", "class": 1, "date": "2025-10-26", "source": "cerulean-machine", "verified": false}}, {"type": "Feature", "geometry": {"type": "Point", "coordinates": [4.87138, 5.95353]}, "properties": {"id": "cer-3591936-0", "class": 1, "date": "2017-07-16", "source": "cerulean-machine", "verified": false}}, {"type": "Feature", "geometry": {"type": "Point", "coordinates": [8.38663, 4.26882]}, "properties": {"id": "cer-3611407-0", "class": 1, "date": "2024-04-05", "source": "cerulean-machine", "verified": false}}, {"type": "Feature", "geometry": {"type": "Point", "coordinates": [4.8848, 5.26451]}, "properties": {"id": "cer-3592548-0", "class": 1, "date": "2016-01-23", "source": "cerulean-machine", "verified": false}}, {"type": "Feature", "geometry": {"type": "Point", "coordinates": [5.95079, 4.27056]}, "properties": {"id": "cer-3771545-0", "class": 1, "date": "2023-01-10", "source": "cerulean-machine", "verified": false}}, {"type": "Feature", "geometry": {"type": "Point", "coordinates": [6.49939, 4.02128]}, "properties": {"id": "cer-4741315-0", "class": 1, "date": "2026-02-23", "source": "cerulean-machine", "verified": false}}, {"type": "Feature", "geometry": {"type": "Point", "coordinates": [6.52308, 3.98112]}, "properties": {"id": "cer-3650755-0", "class": 1, "date": "2023-04-28", "source": "cerulean-machine", "verified": false}}, {"type": "Feature", "geometry": {"type": "Point", "coordinates": [4.83533, 5.98649]}, "properties": {"id": "cer-3609355-0", "class": 1, "date": "2024-10-07", "source": "cerulean-machine", "verified": false}}, {"type": "Feature", "geometry": {"type": "Point", "coordinates": [5.10172, 5.43062]}, "properties": {"id": "cer-3406106-0", "class": 1, "date": "2024-03-05", "source": "cerulean-machine", "verified": false}}, {"type": "Feature", "geometry": {"type": "Point", "coordinates": [4.90331, 5.86427]}, "properties": {"id": "cer-3592366-0", "class": 1, "date": "2017-12-31", "source": "cerulean-machine", "verified": false}}, {"type": "Feature", "geometry": {"type": "Point", "coordinates": [8.71556, 4.07899]}, "properties": {"id": "cer-3305438-0", "class": 1, "date": "2023-11-13", "source": "cerulean-machine", "verified": false}}, {"type": "Feature", "geometry": {"type": "Point", "coordinates": [6.26112, 3.94266]}, "properties": {"id": "cer-3267763-0", "class": 1, "date": "2023-07-16", "source": "cerulean-machine", "verified": false}}, {"type": "Feature", "geometry": {"type": "Point", "coordinates": [4.8525, 5.98443]}, "properties": {"id": "cer-3592349-0", "class": 1, "date": "2018-07-23", "source": "cerulean-machine", "verified": false}}, {"type": "Feature", "geometry": {"type": "Point", "coordinates": [4.89887, 3.87783]}, "properties": {"id": "cer-3599109-0", "class": 1, "date": "2024-12-11", "source": "cerulean-machine", "verified": false}}, {"type": "Feature", "geometry": {"type": "Point", "coordinates": [5.13571, 5.33209]}, "properties": {"id": "cer-3274191-0", "class": 1, "date": "2024-06-21", "source": "cerulean-machine", "verified": false}}, {"type": "Feature", "geometry": {"type": "Point", "coordinates": [4.97572, 5.82819]}, "properties": {"id": "cer-3591306-0", "class": 1, "date": "2020-11-09", "source": "cerulean-machine", "verified": false}}, {"type": "Feature", "geometry": {"type": "Point", "coordinates": [7.90186, 4.298]}, "properties": {"id": "cer-4492498-0", "class": 1, "date": "2025-11-02", "source": "cerulean-machine", "verified": false}}, {"type": "Feature", "geometry": {"type": "Point", "coordinates": [6.71499, 4.26161]}, "properties": {"id": "cer-4835896-0", "class": 1, "date": "2026-04-12", "source": "cerulean-machine", "verified": false}}, {"type": "Feature", "geometry": {"type": "Point", "coordinates": [4.81367, 6.01599]}, "properties": {"id": "cer-3675136-0", "class": 1, "date": "2023-03-23", "source": "cerulean-machine", "verified": false}}, {"type": "Feature", "geometry": {"type": "Point", "coordinates": [4.93349, 5.77772]}, "properties": {"id": "cer-4902292-0", "class": 1, "date": "2026-05-06", "source": "cerulean-machine", "verified": false}}, {"type": "Feature", "geometry": {"type": "Point", "coordinates": [8.41759, 4.15592]}, "properties": {"id": "cer-3358330-0", "class": 1, "date": "2024-05-18", "source": "cerulean-machine", "verified": false}}, {"type": "Feature", "geometry": {"type": "Point", "coordinates": [4.85899, 5.98166]}, "properties": {"id": "cer-3591201-0", "class": 1, "date": "2021-02-13", "source": "cerulean-machine", "verified": false}}, {"type": "Feature", "geometry": {"type": "Point", "coordinates": [7.20082, 4.22593]}, "properties": {"id": "cer-4338414-0", "class": 1, "date": "2025-08-22", "source": "cerulean-machine", "verified": false}}, {"type": "Feature", "geometry": {"type": "Point", "coordinates": [6.2241, 4.147]}, "properties": {"id": "cer-4657271-0", "class": 1, "date": "2026-01-13", "source": "cerulean-machine", "verified": false}}, {"type": "Feature", "geometry": {"type": "Point", "coordinates": [5.21708, 4.22899]}, "properties": {"id": "cer-3781825-0", "class": 1, "date": "2023-03-23", "source": "cerulean-machine", "verified": false}}, {"type": "Feature", "geometry": {"type": "Point", "coordinates": [5.71181, 4.13252]}, "properties": {"id": "cer-3926186-0", "class": 1, "date": "2025-04-29", "source": "cerulean-machine", "verified": false}}, {"type": "Feature", "geometry": {"type": "Point", "coordinates": [4.80784, 4.40512]}, "properties": {"id": "cer-3137626-0", "class": 1, "date": "2023-11-06", "source": "cerulean-machine", "verified": false}}, {"type": "Feature", "geometry": {"type": "Point", "coordinates": [4.85831, 5.95694]}, "properties": {"id": "cer-3732130-0", "class": 1, "date": "2023-01-10", "source": "cerulean-machine", "verified": false}}, {"type": "Feature", "geometry": {"type": "Point", "coordinates": [7.41883, 3.91076]}, "properties": {"id": "cer-3684645-0", "class": 1, "date": "2023-02-17", "source": "cerulean-machine", "verified": false}}, {"type": "Feature", "geometry": {"type": "Point", "coordinates": [4.95378, 5.63802]}, "properties": {"id": "cer-3591559-0", "class": 1, "date": "2020-11-09", "source": "cerulean-machine", "verified": false}}, {"type": "Feature", "geometry": {"type": "Point", "coordinates": [5.06776, 5.47631]}, "properties": {"id": "cer-3592200-0", "class": 1, "date": "2019-09-28", "source": "cerulean-machine", "verified": false}}, {"type": "Feature", "geometry": {"type": "Point", "coordinates": [8.3537, 4.526]}, "properties": {"id": "cer-3357890-0", "class": 1, "date": "2024-05-18", "source": "cerulean-machine", "verified": false}}, {"type": "Feature", "geometry": {"type": "Point", "coordinates": [8.16353, 4.14562]}, "properties": {"id": "cer-3104268-0", "class": 1, "date": "2023-07-23", "source": "cerulean-machine", "verified": false}}, {"type": "Feature", "geometry": {"type": "Point", "coordinates": [4.93146, 5.37263]}, "properties": {"id": "cer-3614803-0", "class": 1, "date": "2024-12-18", "source": "cerulean-machine", "verified": false}}, {"type": "Feature", "geometry": {"type": "Point", "coordinates": [6.88428, 4.25065]}, "properties": {"id": "cer-5111172-0", "class": 1, "date": "2026-07-26", "source": "cerulean-machine", "verified": false}}, {"type": "Feature", "geometry": {"type": "Point", "coordinates": [5.00559, 4.2853]}, "properties": {"id": "cer-3939665-0", "class": 1, "date": "2025-05-11", "source": "cerulean-machine", "verified": false}}, {"type": "Feature", "geometry": {"type": "Point", "coordinates": [7.97499, 4.00755]}, "properties": {"id": "cer-4177583-0", "class": 1, "date": "2025-06-18", "source": "cerulean-machine", "verified": false}}, {"type": "Feature", "geometry": {"type": "Point", "coordinates": [7.43872, 3.97665]}, "properties": {"id": "cer-3623629-0", "class": 1, "date": "2023-05-24", "source": "cerulean-machine", "verified": false}}, {"type": "Feature", "geometry": {"type": "Point", "coordinates": [7.91634, 4.18407]}, "properties": {"id": "cer-3847548-0", "class": 1, "date": "2025-02-23", "source": "cerulean-machine", "verified": false}}, {"type": "Feature", "geometry": {"type": "Point", "coordinates": [8.34234, 4.2211]}, "properties": {"id": "cer-5039481-0", "class": 1, "date": "2026-06-25", "source": "cerulean-machine", "verified": false}}, {"type": "Feature", "geometry": {"type": "Point", "coordinates": [4.85733, 5.93777]}, "properties": {"id": "cer-3591704-0", "class": 1, "date": "2020-06-30", "source": "cerulean-machine", "verified": false}}, {"type": "Feature", "geometry": {"type": "Point", "coordinates": [8.29634, 4.17647]}, "properties": {"id": "cer-4671447-0", "class": 1, "date": "2026-01-20", "source": "cerulean-machine", "verified": false}}, {"type": "Feature", "geometry": {"type": "Point", "coordinates": [7.22929, 4.31036]}, "properties": {"id": "cer-3162758-0", "class": 1, "date": "2023-12-26", "source": "cerulean-machine", "verified": false}}, {"type": "Feature", "geometry": {"type": "Point", "coordinates": [5.26623, 4.95518]}, "properties": {"id": "cer-3847126-0", "class": 1, "date": "2025-02-23", "source": "cerulean-machine", "verified": false}}, {"type": "Feature", "geometry": {"type": "Point", "coordinates": [5.02931, 4.9809]}, "properties": {"id": "cer-5133669-0", "class": 1, "date": "2026-08-05", "source": "cerulean-machine", "verified": false}}, {"type": "Feature", "geometry": {"type": "Point", "coordinates": [5.02072, 5.55905]}, "properties": {"id": "cer-3592589-0", "class": 1, "date": "2018-12-14", "source": "cerulean-machine", "verified": false}}, {"type": "Feature", "geometry": {"type": "Point", "coordinates": [5.94389, 3.93168]}, "properties": {"id": "cer-3136224-0", "class": 1, "date": "2023-11-30", "source": "cerulean-machine", "verified": false}}, {"type": "Feature", "geometry": {"type": "Point", "coordinates": [5.80044, 4.39899]}, "properties": {"id": "cer-3572089-0", "class": 1, "date": "2024-11-24", "source": "cerulean-machine", "verified": false}}, {"type": "Feature", "geometry": {"type": "Point", "coordinates": [8.28712, 4.32415]}, "properties": {"id": "cer-3068325-0", "class": 1, "date": "2023-12-07", "source": "cerulean-machine", "verified": false}}, {"type": "Feature", "geometry": {"type": "Point", "coordinates": [4.72409, 4.91944]}, "properties": {"id": "cer-3781821-0", "class": 1, "date": "2023-03-23", "source": "cerulean-machine", "verified": false}}, {"type": "Feature", "geometry": {"type": "Point", "coordinates": [6.23709, 4.06111]}, "properties": {"id": "cer-4517563-0", "class": 1, "date": "2025-11-14", "source": "cerulean-machine", "verified": false}}, {"type": "Feature", "geometry": {"type": "Point", "coordinates": [6.97935, 4.22934]}, "properties": {"id": "cer-4942713-0", "class": 1, "date": "2026-05-20", "source": "cerulean-machine", "verified": false}}, {"type": "Feature", "geometry": {"type": "Point", "coordinates": [6.94848, 4.27674]}, "properties": {"id": "cer-4981718-0", "class": 1, "date": "2026-06-01", "source": "cerulean-machine", "verified": false}}, {"type": "Feature", "geometry": {"type": "Point", "coordinates": [4.92291, 5.82996]}, "properties": {"id": "cer-3592285-0", "class": 1, "date": "2015-12-30", "source": "cerulean-machine", "verified": false}}, {"type": "Feature", "geometry": {"type": "Point", "coordinates": [4.97063, 5.48389]}, "properties": {"id": "cer-3591919-0", "class": 1, "date": "2016-12-12", "source": "cerulean-machine", "verified": false}}, {"type": "Feature", "geometry": {"type": "Point", "coordinates": [5.0166, 5.61982]}, "properties": {"id": "cer-3591853-0", "class": 1, "date": "2016-01-11", "source": "cerulean-machine", "verified": false}}, {"type": "Feature", "geometry": {"type": "Point", "coordinates": [8.56825, 4.2726]}, "properties": {"id": "cer-4924525-0", "class": 1, "date": "2026-05-13", "source": "cerulean-machine", "verified": false}}, {"type": "Feature", "geometry": {"type": "Point", "coordinates": [8.60229, 4.21463]}, "properties": {"id": "cer-3728910-0", "class": 1, "date": "2023-02-17", "source": "cerulean-machine", "verified": false}}, {"type": "Feature", "geometry": {"type": "Point", "coordinates": [6.32054, 3.8833]}, "properties": {"id": "cer-4134752-0", "class": 1, "date": "2025-06-04", "source": "cerulean-machine", "verified": false}}, {"type": "Feature", "geometry": {"type": "Point", "coordinates": [8.07907, 4.46354]}, "properties": {"id": "cer-5098900-0", "class": 1, "date": "2026-07-20", "source": "cerulean-machine", "verified": false}}, {"type": "Feature", "geometry": {"type": "Point", "coordinates": [6.67279, 4.16825]}, "properties": {"id": "cer-5164982-0", "class": 1, "date": "2026-08-19", "source": "cerulean-machine", "verified": false}}, {"type": "Feature", "geometry": {"type": "Point", "coordinates": [8.22976, 4.19984]}, "properties": {"id": "cer-5039478-0", "class": 1, "date": "2026-06-25", "source": "cerulean-machine", "verified": false}}, {"type": "Feature", "geometry": {"type": "Point", "coordinates": [8.40317, 4.17686]}, "properties": {"id": "cer-3726810-0", "class": 1, "date": "2023-01-12", "source": "cerulean-machine", "verified": false}}, {"type": "Feature", "geometry": {"type": "Point", "coordinates": [4.93658, 4.99563]}, "properties": {"id": "cer-3590638-0", "class": 1, "date": "2024-02-22", "source": "cerulean-machine", "verified": false}}, {"type": "Feature", "geometry": {"type": "Point", "coordinates": [7.46759, 3.88261]}, "properties": {"id": "cer-4981722-0", "class": 1, "date": "2026-06-01", "source": "cerulean-machine", "verified": false}}, {"type": "Feature", "geometry": {"type": "Point", "coordinates": [4.86898, 5.96864]}, "properties": {"id": "cer-3590959-0", "class": 1, "date": "2022-10-30", "source": "cerulean-machine", "verified": false}}, {"type": "Feature", "geometry": {"type": "Point", "coordinates": [8.42205, 4.2057]}, "properties": {"id": "cer-4148481-0", "class": 1, "date": "2025-06-06", "source": "cerulean-machine", "verified": false}}, {"type": "Feature", "geometry": {"type": "Point", "coordinates": [6.10597, 4.18611]}, "properties": {"id": "cer-3136214-0", "class": 1, "date": "2023-11-30", "source": "cerulean-machine", "verified": false}}, {"type": "Feature", "geometry": {"type": "Point", "coordinates": [7.0477, 4.28155]}, "properties": {"id": "cer-4593490-0", "class": 1, "date": "2025-12-15", "source": "cerulean-machine", "verified": false}}, {"type": "Feature", "geometry": {"type": "Point", "coordinates": [4.81196, 4.03502]}, "properties": {"id": "cer-4821674-0", "class": 1, "date": "2026-04-05", "source": "cerulean-machine", "verified": false}}, {"type": "Feature", "geometry": {"type": "Point", "coordinates": [4.83533, 5.91508]}, "properties": {"id": "cer-3591502-0", "class": 1, "date": "2022-04-21", "source": "cerulean-machine", "verified": false}}, {"type": "Feature", "geometry": {"type": "Point", "coordinates": [7.38138, 4.33096]}, "properties": {"id": "cer-3203126-0", "class": 1, "date": "2023-08-09", "source": "cerulean-machine", "verified": false}}, {"type": "Feature", "geometry": {"type": "Point", "coordinates": [7.2008, 4.31929]}, "properties": {"id": "cer-3746849-0", "class": 1, "date": "2023-01-05", "source": "cerulean-machine", "verified": false}}, {"type": "Feature", "geometry": {"type": "Point", "coordinates": [6.82489, 4.27674]}, "properties": {"id": "cer-3861309-0", "class": 1, "date": "2025-03-07", "source": "cerulean-machine", "verified": false}}, {"type": "Feature", "geometry": {"type": "Point", "coordinates": [8.00592, 4.43673]}, "properties": {"id": "cer-3855936-0", "class": 1, "date": "2025-03-02", "source": "cerulean-machine", "verified": false}}, {"type": "Feature", "geometry": {"type": "Point", "coordinates": [6.76343, 4.33236]}, "properties": {"id": "cer-3378382-0", "class": 1, "date": "2024-04-17", "source": "cerulean-machine", "verified": false}}, {"type": "Feature", "geometry": {"type": "Point", "coordinates": [4.85659, 5.96449]}, "properties": {"id": "cer-3592495-0", "class": 1, "date": "2018-09-21", "source": "cerulean-machine", "verified": false}}, {"type": "Feature", "geometry": {"type": "Point", "coordinates": [4.89644, 5.17694]}, "properties": {"id": "cer-3590143-0", "class": 1, "date": "2024-07-27", "source": "cerulean-machine", "verified": false}}, {"type": "Feature", "geometry": {"type": "Point", "coordinates": [7.49027, 4.11678]}, "properties": {"id": "cer-3747715-0", "class": 1, "date": "2023-01-24", "source": "cerulean-machine", "verified": false}}, {"type": "Feature", "geometry": {"type": "Point", "coordinates": [5.14297, 5.49625]}, "properties": {"id": "cer-3592150-0", "class": 1, "date": "2016-02-16", "source": "cerulean-machine", "verified": false}}, {"type": "Feature", "geometry": {"type": "Point", "coordinates": [8.45945, 4.19435]}, "properties": {"id": "cer-3629205-0", "class": 1, "date": "2023-05-17", "source": "cerulean-machine", "verified": false}}, {"type": "Feature", "geometry": {"type": "Point", "coordinates": [6.56911, 3.90733]}, "properties": {"id": "cer-3586294-0", "class": 1, "date": "2024-12-06", "source": "cerulean-machine", "verified": false}}, {"type": "Feature", "geometry": {"type": "Point", "coordinates": [4.8549, 5.34207]}, "properties": {"id": "cer-3591217-0", "class": 1, "date": "2022-05-27", "source": "cerulean-machine", "verified": false}}, {"type": "Feature", "geometry": {"type": "Point", "coordinates": [8.12539, 4.22731]}, "properties": {"id": "cer-3523943-0", "class": 1, "date": "2024-10-09", "source": "cerulean-machine", "verified": false}}, {"type": "Feature", "geometry": {"type": "Point", "coordinates": [5.24838, 4.37325]}, "properties": {"id": "cer-3614798-0", "class": 1, "date": "2024-12-18", "source": "cerulean-machine", "verified": false}}, {"type": "Feature", "geometry": {"type": "Point", "coordinates": [6.35902, 4.15043]}, "properties": {"id": "cer-3699256-0", "class": 1, "date": "2023-01-29", "source": "cerulean-machine", "verified": false}}, {"type": "Feature", "geometry": {"type": "Point", "coordinates": [7.12944, 4.20742]}, "properties": {"id": "cer-3828245-0", "class": 1, "date": "2025-01-30", "source": "cerulean-machine", "verified": false}}, {"type": "Feature", "geometry": {"type": "Point", "coordinates": [6.48877, 4.2122]}, "properties": {"id": "cer-4657274-0", "class": 1, "date": "2026-01-13", "source": "cerulean-machine", "verified": false}}, {"type": "Feature", "geometry": {"type": "Point", "coordinates": [5.61296, 3.9293]}, "properties": {"id": "cer-5023945-0", "class": 1, "date": "2026-06-18", "source": "cerulean-machine", "verified": false}}, {"type": "Feature", "geometry": {"type": "Point", "coordinates": [5.10246, 5.40081]}, "properties": {"id": "cer-3546677-0", "class": 1, "date": "2024-10-31", "source": "cerulean-machine", "verified": false}}, {"type": "Feature", "geometry": {"type": "Point", "coordinates": [4.75705, 6.0119]}, "properties": {"id": "cer-3591382-0", "class": 1, "date": "2021-05-20", "source": "cerulean-machine", "verified": false}}, {"type": "Feature", "geometry": {"type": "Point", "coordinates": [4.85696, 5.94598]}, "properties": {"id": "cer-3756523-0", "class": 1, "date": "2023-02-15", "source": "cerulean-machine", "verified": false}}, {"type": "Feature", "geometry": {"type": "Point", "coordinates": [4.8305, 5.99608]}, "properties": {"id": "cer-3591298-0", "class": 1, "date": "2021-08-12", "source": "cerulean-machine", "verified": false}}, {"type": "Feature", "geometry": {"type": "Point", "coordinates": [6.41839, 4.08998]}, "properties": {"id": "cer-3156381-0", "class": 1, "date": "2024-01-17", "source": "cerulean-machine", "verified": false}}, {"type": "Feature", "geometry": {"type": "Point", "coordinates": [4.81711, 5.98303]}, "properties": {"id": "cer-4199953-0", "class": 1, "date": "2025-06-28", "source": "cerulean-machine", "verified": false}}, {"type": "Feature", "geometry": {"type": "Point", "coordinates": [6.54991, 4.20124]}, "properties": {"id": "cer-4800537-0", "class": 1, "date": "2026-03-26", "source": "cerulean-machine", "verified": false}}, {"type": "Feature", "geometry": {"type": "Point", "coordinates": [6.81905, 4.30078]}, "properties": {"id": "cer-3417801-0", "class": 1, "date": "2024-02-05", "source": "cerulean-machine", "verified": false}}, {"type": "Feature", "geometry": {"type": "Point", "coordinates": [8.64481, 4.33165]}, "properties": {"id": "cer-3842252-0", "class": 1, "date": "2025-02-18", "source": "cerulean-machine", "verified": false}}, {"type": "Feature", "geometry": {"type": "Point", "coordinates": [4.97641, 5.84364]}, "properties": {"id": "cer-5149267-0", "class": 1, "date": "2016-04-16", "source": "cerulean-machine", "verified": false}}, {"type": "Feature", "geometry": {"type": "Point", "coordinates": [6.0359, 4.12085]}, "properties": {"id": "cer-3614816-0", "class": 1, "date": "2024-12-18", "source": "cerulean-machine", "verified": false}}, {"type": "Feature", "geometry": {"type": "Point", "coordinates": [5.02688, 5.45981]}, "properties": {"id": "cer-3590637-0", "class": 1, "date": "2024-02-22", "source": "cerulean-machine", "verified": false}}, {"type": "Feature", "geometry": {"type": "Point", "coordinates": [6.4222, 4.0955]}, "properties": {"id": "cer-3905402-0", "class": 1, "date": "2025-04-12", "source": "cerulean-machine", "verified": false}}, {"type": "Feature", "geometry": {"type": "Point", "coordinates": [8.47218, 4.21291]}, "properties": {"id": "cer-3906208-0", "class": 1, "date": "2025-04-12", "source": "cerulean-machine", "verified": false}}, {"type": "Feature", "geometry": {"type": "Point", "coordinates": [8.41656, 4.50233]}, "properties": {"id": "cer-4671627-0", "class": 1, "date": "2026-01-20", "source": "cerulean-machine", "verified": false}}, {"type": "Feature", "geometry": {"type": "Point", "coordinates": [5.05265, 5.35203]}, "properties": {"id": "cer-4852124-0", "class": 1, "date": "2026-04-19", "source": "cerulean-machine", "verified": false}}, {"type": "Feature", "geometry": {"type": "Point", "coordinates": [7.71824, 4.42989]}, "properties": {"id": "cer-3573874-0", "class": 1, "date": "2024-11-26", "source": "cerulean-machine", "verified": false}}, {"type": "Feature", "geometry": {"type": "Point", "coordinates": [6.6261, 3.92106]}, "properties": {"id": "cer-3553241-0", "class": 1, "date": "2024-11-07", "source": "cerulean-machine", "verified": false}}, {"type": "Feature", "geometry": {"type": "Point", "coordinates": [5.03134, 5.09863]}, "properties": {"id": "cer-3590185-0", "class": 1, "date": "2024-10-19", "source": "cerulean-machine", "verified": false}}, {"type": "Feature", "geometry": {"type": "Point", "coordinates": [6.62264, 4.0357]}, "properties": {"id": "cer-5133673-0", "class": 1, "date": "2026-08-05", "source": "cerulean-machine", "verified": false}}, {"type": "Feature", "geometry": {"type": "Point", "coordinates": [8.26905, 3.94592]}, "properties": {"id": "cer-4001790-0", "class": 1, "date": "2025-05-30", "source": "cerulean-machine", "verified": false}}, {"type": "Feature", "geometry": {"type": "Point", "coordinates": [4.8559, 4.37216]}, "properties": {"id": "cer-4249606-0", "class": 1, "date": "2025-07-22", "source": "cerulean-machine", "verified": false}}, {"type": "Feature", "geometry": {"type": "Point", "coordinates": [4.82228, 6.01396]}, "properties": {"id": "cer-3590981-0", "class": 1, "date": "2022-12-05", "source": "cerulean-machine", "verified": false}}, {"type": "Feature", "geometry": {"type": "Point", "coordinates": [5.04204, 5.57865]}, "properties": {"id": "cer-3591208-0", "class": 1, "date": "2022-05-27", "source": "cerulean-machine", "verified": false}}, {"type": "Feature", "geometry": {"type": "Point", "coordinates": [7.07211, 4.28226]}, "properties": {"id": "cer-4148477-0", "class": 1, "date": "2025-06-06", "source": "cerulean-machine", "verified": false}}, {"type": "Feature", "geometry": {"type": "Point", "coordinates": [5.17316, 5.25521]}, "properties": {"id": "cer-5134174-0", "class": 1, "date": "2026-08-06", "source": "cerulean-machine", "verified": false}}, {"type": "Feature", "geometry": {"type": "Point", "coordinates": [6.954, 4.17858]}, "properties": {"id": "cer-3920013-0", "class": 1, "date": "2025-04-24", "source": "cerulean-machine", "verified": false}}, {"type": "Feature", "geometry": {"type": "Point", "coordinates": [5.00902, 5.37913]}, "properties": {"id": "cer-5039507-0", "class": 1, "date": "2026-06-25", "source": "cerulean-machine", "verified": false}}, {"type": "Feature", "geometry": {"type": "Point", "coordinates": [8.1518, 4.00068]}, "properties": {"id": "cer-3145602-0", "class": 1, "date": "2023-07-16", "source": "cerulean-machine", "verified": false}}, {"type": "Feature", "geometry": {"type": "Point", "coordinates": [6.33705, 4.1494]}, "properties": {"id": "cer-3136208-0", "class": 1, "date": "2023-11-30", "source": "cerulean-machine", "verified": false}}, {"type": "Feature", "geometry": {"type": "Point", "coordinates": [4.92594, 5.81171]}, "properties": {"id": "cer-3591435-0", "class": 1, "date": "2021-12-22", "source": "cerulean-machine", "verified": false}}, {"type": "Feature", "geometry": {"type": "Point", "coordinates": [6.7188, 4.21838]}, "properties": {"id": "cer-3815527-0", "class": 1, "date": "2025-01-18", "source": "cerulean-machine", "verified": false}}, {"type": "Feature", "geometry": {"type": "Point", "coordinates": [8.55658, 4.17235]}, "properties": {"id": "cer-3074358-0", "class": 1, "date": "2023-11-08", "source": "cerulean-machine", "verified": false}}, {"type": "Feature", "geometry": {"type": "Point", "coordinates": [8.48007, 4.44981]}, "properties": {"id": "cer-5025465-0", "class": 1, "date": "2026-06-18", "source": "cerulean-machine", "verified": false}}, {"type": "Feature", "geometry": {"type": "Point", "coordinates": [4.80409, 5.62051]}, "properties": {"id": "cer-4448262-0", "class": 1, "date": "2025-10-14", "source": "cerulean-machine", "verified": false}}, {"type": "Feature", "geometry": {"type": "Point", "coordinates": [8.57549, 4.26198]}, "properties": {"id": "cer-3612069-0", "class": 1, "date": "2024-01-24", "source": "cerulean-machine", "verified": false}}, {"type": "Feature", "geometry": {"type": "Point", "coordinates": [5.8653, 4.17855]}, "properties": {"id": "cer-4811890-0", "class": 1, "date": "2026-03-31", "source": "cerulean-machine", "verified": false}}, {"type": "Feature", "geometry": {"type": "Point", "coordinates": [4.85213, 5.96106]}, "properties": {"id": "cer-3592125-0", "class": 1, "date": "2016-03-23", "source": "cerulean-machine", "verified": false}}, {"type": "Feature", "geometry": {"type": "Point", "coordinates": [4.78037, 6.03728]}, "properties": {"id": "cer-3592371-0", "class": 1, "date": "2015-07-03", "source": "cerulean-machine", "verified": false}}, {"type": "Feature", "geometry": {"type": "Point", "coordinates": [5.87282, 4.30624]}, "properties": {"id": "cer-3522453-0", "class": 1, "date": "2024-10-07", "source": "cerulean-machine", "verified": false}}, {"type": "Feature", "geometry": {"type": "Point", "coordinates": [4.85213, 5.96998]}, "properties": {"id": "cer-3591798-0", "class": 1, "date": "2020-06-06", "source": "cerulean-machine", "verified": false}}, {"type": "Feature", "geometry": {"type": "Point", "coordinates": [8.57174, 4.28913]}, "properties": {"id": "cer-3609924-0", "class": 1, "date": "2024-07-10", "source": "cerulean-machine", "verified": false}}, {"type": "Feature", "geometry": {"type": "Point", "coordinates": [4.78177, 6.00984]}, "properties": {"id": "cer-3590133-0", "class": 1, "date": "2023-07-09", "source": "cerulean-machine", "verified": false}}, {"type": "Feature", "geometry": {"type": "Point", "coordinates": [7.12461, 4.23623]}, "properties": {"id": "cer-3516422-0", "class": 1, "date": "2024-10-02", "source": "cerulean-machine", "verified": false}}, {"type": "Feature", "geometry": {"type": "Point", "coordinates": [5.06948, 5.32251]}, "properties": {"id": "cer-4715314-0", "class": 1, "date": "2026-02-11", "source": "cerulean-machine", "verified": false}}, {"type": "Feature", "geometry": {"type": "Point", "coordinates": [4.87175, 5.91373]}, "properties": {"id": "cer-3591242-0", "class": 1, "date": "2022-01-27", "source": "cerulean-machine", "verified": false}}, {"type": "Feature", "geometry": {"type": "Point", "coordinates": [7.89537, 4.29322]}, "properties": {"id": "cer-3786740-0", "class": 1, "date": "2024-12-25", "source": "cerulean-machine", "verified": false}}, {"type": "Feature", "geometry": {"type": "Point", "coordinates": [4.89401, 5.89789]}, "properties": {"id": "cer-3591698-0", "class": 1, "date": "2020-10-04", "source": "cerulean-machine", "verified": false}}, {"type": "Feature", "geometry": {"type": "Point", "coordinates": [8.6788, 4.20187]}, "properties": {"id": "cer-3623432-0", "class": 1, "date": "2023-05-24", "source": "cerulean-machine", "verified": false}}, {"type": "Feature", "geometry": {"type": "Point", "coordinates": [5.10896, 5.47631]}, "properties": {"id": "cer-3591887-0", "class": 1, "date": "2019-03-08", "source": "cerulean-machine", "verified": false}}, {"type": "Feature", "geometry": {"type": "Point", "coordinates": [5.65865, 4.41067]}, "properties": {"id": "cer-3821095-0", "class": 1, "date": "2025-01-23", "source": "cerulean-machine", "verified": false}}, {"type": "Feature", "geometry": {"type": "Point", "coordinates": [5.26002, 4.99017]}, "properties": {"id": "cer-5011677-0", "class": 1, "date": "2026-06-11", "source": "cerulean-machine", "verified": false}}, {"type": "Feature", "geometry": {"type": "Point", "coordinates": [8.513, 4.28773]}, "properties": {"id": "cer-3719057-0", "class": 1, "date": "2023-02-05", "source": "cerulean-machine", "verified": false}}, {"type": "Feature", "geometry": {"type": "Point", "coordinates": [8.57926, 4.36395]}, "properties": {"id": "cer-3553690-0", "class": 1, "date": "2024-11-07", "source": "cerulean-machine", "verified": false}}, {"type": "Feature", "geometry": {"type": "Point", "coordinates": [7.19776, 4.19712]}, "properties": {"id": "cer-3603570-0", "class": 1, "date": "2024-12-13", "source": "cerulean-machine", "verified": false}}, {"type": "Feature", "geometry": {"type": "Point", "coordinates": [6.80463, 4.17237]}, "properties": {"id": "cer-4981685-0", "class": 1, "date": "2026-06-01", "source": "cerulean-machine", "verified": false}}, {"type": "Feature", "geometry": {"type": "Point", "coordinates": [4.84185, 6.00125]}, "properties": {"id": "cer-3590844-0", "class": 1, "date": "2022-12-29", "source": "cerulean-machine", "verified": false}}, {"type": "Feature", "geometry": {"type": "Point", "coordinates": [4.83565, 5.78802]}, "properties": {"id": "cer-4174064-0", "class": 1, "date": "2025-06-16", "source": "cerulean-machine", "verified": false}}, {"type": "Feature", "geometry": {"type": "Point", "coordinates": [8.489, 4.16691]}, "properties": {"id": "cer-3611144-0", "class": 1, "date": "2024-04-17", "source": "cerulean-machine", "verified": false}}, {"type": "Feature", "geometry": {"type": "Point", "coordinates": [5.87694, 4.28942]}, "properties": {"id": "cer-3586298-0", "class": 1, "date": "2024-12-06", "source": "cerulean-machine", "verified": false}}, {"type": "Feature", "geometry": {"type": "Point", "coordinates": [5.26102, 4.87066]}, "properties": {"id": "cer-3854361-0", "class": 1, "date": "2025-02-28", "source": "cerulean-machine", "verified": false}}, {"type": "Feature", "geometry": {"type": "Point", "coordinates": [4.83467, 5.94051]}, "properties": {"id": "cer-3591773-0", "class": 1, "date": "2020-01-26", "source": "cerulean-machine", "verified": false}}, {"type": "Feature", "geometry": {"type": "Point", "coordinates": [4.77493, 5.79906]}, "properties": {"id": "cer-5210574-0", "class": 1, "date": "2026-09-10", "source": "cerulean-machine", "verified": false}}, {"type": "Feature", "geometry": {"type": "Point", "coordinates": [7.21659, 4.33611]}, "properties": {"id": "cer-3855923-0", "class": 1, "date": "2025-03-02", "source": "cerulean-machine", "verified": false}}, {"type": "Feature", "geometry": {"type": "Point", "coordinates": [4.69694, 4.7814]}, "properties": {"id": "cer-3072126-0", "class": 1, "date": "2023-11-18", "source": "cerulean-machine", "verified": false}}, {"type": "Feature", "geometry": {"type": "Point", "coordinates": [8.47973, 4.01173]}, "properties": {"id": "cer-3162751-0", "class": 1, "date": "2023-12-26", "source": "cerulean-machine", "verified": false}}, {"type": "Feature", "geometry": {"type": "Point", "coordinates": [8.60945, 4.22934]}, "properties": {"id": "cer-3611154-0", "class": 1, "date": "2024-04-17", "source": "cerulean-machine", "verified": false}}, {"type": "Feature", "geometry": {"type": "Point", "coordinates": [4.95724, 5.55599]}, "properties": {"id": "cer-5197964-0", "class": 1, "date": "2026-09-04", "source": "cerulean-machine", "verified": false}}, {"type": "Feature", "geometry": {"type": "Point", "coordinates": [4.92462, 5.77503]}, "properties": {"id": "cer-3591725-0", "class": 1, "date": "2020-05-01", "source": "cerulean-machine", "verified": false}}, {"type": "Feature", "geometry": {"type": "Point", "coordinates": [8.15357, 4.11472]}, "properties": {"id": "cer-3633569-0", "class": 1, "date": "2023-05-12", "source": "cerulean-machine", "verified": false}}, {"type": "Feature", "geometry": {"type": "Point", "coordinates": [7.48575, 3.81254]}, "properties": {"id": "cer-3662629-0", "class": 1, "date": "2023-04-18", "source": "cerulean-machine", "verified": false}}, {"type": "Feature", "geometry": {"type": "Point", "coordinates": [5.08527, 5.45125]}, "properties": {"id": "cer-4996814-0", "class": 1, "date": "2026-06-06", "source": "cerulean-machine", "verified": false}}, {"type": "Feature", "geometry": {"type": "Point", "coordinates": [7.15416, 4.19025]}, "properties": {"id": "cer-3746846-0", "class": 1, "date": "2023-01-05", "source": "cerulean-machine", "verified": false}}, {"type": "Feature", "geometry": {"type": "Point", "coordinates": [4.85765, 5.98031]}, "properties": {"id": "cer-3591885-0", "class": 1, "date": "2019-03-08", "source": "cerulean-machine", "verified": false}}, {"type": "Feature", "geometry": {"type": "Point", "coordinates": [6.88082, 4.11123]}, "properties": {"id": "cer-4565983-0", "class": 1, "date": "2025-12-03", "source": "cerulean-machine", "verified": false}}, {"type": "Feature", "geometry": {"type": "Point", "coordinates": [6.75139, 4.29457]}, "properties": {"id": "cer-4825850-0", "class": 1, "date": "2026-04-07", "source": "cerulean-machine", "verified": false}}, {"type": "Feature", "geometry": {"type": "Point", "coordinates": [8.23663, 4.16276]}, "properties": {"id": "cer-4873604-0", "class": 1, "date": "2026-04-26", "source": "cerulean-machine", "verified": false}}, {"type": "Feature", "geometry": {"type": "Point", "coordinates": [5.31258, 5.00359]}, "properties": {"id": "cer-4693501-0", "class": 1, "date": "2026-01-30", "source": "cerulean-machine", "verified": false}}, {"type": "Feature", "geometry": {"type": "Point", "coordinates": [7.0388, 4.1676]}, "properties": {"id": "cer-3746847-0", "class": 1, "date": "2023-01-05", "source": "cerulean-machine", "verified": false}}, {"type": "Feature", "geometry": {"type": "Point", "coordinates": [4.91089, 5.84095]}, "properties": {"id": "cer-3591830-0", "class": 1, "date": "2019-11-15", "source": "cerulean-machine", "verified": false}}, {"type": "Feature", "geometry": {"type": "Point", "coordinates": [5.09145, 5.57176]}, "properties": {"id": "cer-3591046-0", "class": 1, "date": "2022-09-24", "source": "cerulean-machine", "verified": false}}, {"type": "Feature", "geometry": {"type": "Point", "coordinates": [4.79176, 5.32459]}, "properties": {"id": "cer-3592180-0", "class": 1, "date": "2018-12-26", "source": "cerulean-machine", "verified": false}}, {"type": "Feature", "geometry": {"type": "Point", "coordinates": [4.88754, 5.91373]}, "properties": {"id": "cer-3591722-0", "class": 1, "date": "2020-07-12", "source": "cerulean-machine", "verified": false}}, {"type": "Feature", "geometry": {"type": "Point", "coordinates": [4.86935, 5.25936]}, "properties": {"id": "cer-3591406-0", "class": 1, "date": "2021-09-29", "source": "cerulean-machine", "verified": false}}, {"type": "Feature", "geometry": {"type": "Point", "coordinates": [6.12551, 4.01648]}, "properties": {"id": "cer-4824868-0", "class": 1, "date": "2026-04-07", "source": "cerulean-machine", "verified": false}}, {"type": "Feature", "geometry": {"type": "Point", "coordinates": [4.98534, 5.7942]}, "properties": {"id": "cer-3590872-0", "class": 1, "date": "2022-07-26", "source": "cerulean-machine", "verified": false}}, {"type": "Feature", "geometry": {"type": "Point", "coordinates": [4.9411, 5.66036]}, "properties": {"id": "cer-3592421-0", "class": 1, "date": "2018-08-28", "source": "cerulean-machine", "verified": false}}, {"type": "Feature", "geometry": {"type": "Point", "coordinates": [6.57841, 4.20742]}, "properties": {"id": "cer-4981678-0", "class": 1, "date": "2026-06-01", "source": "cerulean-machine", "verified": false}}, {"type": "Feature", "geometry": {"type": "Point", "coordinates": [6.02291, 3.99971]}, "properties": {"id": "cer-3318757-0", "class": 1, "date": "2024-07-22", "source": "cerulean-machine", "verified": false}}, {"type": "Feature", "geometry": {"type": "Point", "coordinates": [8.62833, 4.41679]}, "properties": {"id": "cer-3547799-0", "class": 1, "date": "2024-11-02", "source": "cerulean-machine", "verified": false}}, {"type": "Feature", "geometry": {"type": "Point", "coordinates": [4.8329, 5.98715]}, "properties": {"id": "cer-3592524-0", "class": 1, "date": "2016-10-25", "source": "cerulean-machine", "verified": false}}, {"type": "Feature", "geometry": {"type": "Point", "coordinates": [6.42663, 4.01788]}, "properties": {"id": "cer-3918707-0", "class": 1, "date": "2025-04-24", "source": "cerulean-machine", "verified": false}}, {"type": "Feature", "geometry": {"type": "Point", "coordinates": [7.94003, 4.23798]}, "properties": {"id": "cer-5175710-0", "class": 1, "date": "2026-08-24", "source": "cerulean-machine", "verified": false}}, {"type": "Feature", "geometry": {"type": "Point", "coordinates": [8.65271, 4.42366]}, "properties": {"id": "cer-3611112-0", "class": 1, "date": "2024-03-31", "source": "cerulean-machine", "verified": false}}, {"type": "Feature", "geometry": {"type": "Point", "coordinates": [5.00324, 5.79151]}, "properties": {"id": "cer-3591900-0", "class": 1, "date": "2020-02-07", "source": "cerulean-machine", "verified": false}}, {"type": "Feature", "geometry": {"type": "Point", "coordinates": [7.83697, 4.32684]}, "properties": {"id": "cer-3541155-0", "class": 1, "date": "2024-10-26", "source": "cerulean-machine", "verified": false}}, {"type": "Feature", "geometry": {"type": "Point", "coordinates": [6.32398, 3.96844]}, "properties": {"id": "cer-3431285-0", "class": 1, "date": "2024-01-24", "source": "cerulean-machine", "verified": false}}, {"type": "Feature", "geometry": {"type": "Point", "coordinates": [7.79612, 4.13115]}, "properties": {"id": "cer-4579874-0", "class": 1, "date": "2025-12-08", "source": "cerulean-machine", "verified": false}}, {"type": "Feature", "geometry": {"type": "Point", "coordinates": [7.37526, 4.1367]}, "properties": {"id": "cer-4464808-0", "class": 1, "date": "2025-10-21", "source": "cerulean-machine", "verified": false}}, {"type": "Feature", "geometry": {"type": "Point", "coordinates": [4.92531, 5.19138]}, "properties": {"id": "cer-3592217-0", "class": 1, "date": "2020-03-26", "source": "cerulean-machine", "verified": false}}, {"type": "Feature", "geometry": {"type": "Point", "coordinates": [7.39517, 3.87302]}, "properties": {"id": "cer-3743761-0", "class": 1, "date": "2023-01-05", "source": "cerulean-machine", "verified": false}}, {"type": "Feature", "geometry": {"type": "Point", "coordinates": [5.29985, 4.1837]}, "properties": {"id": "cer-3417792-0", "class": 1, "date": "2024-02-05", "source": "cerulean-machine", "verified": false}}, {"type": "Feature", "geometry": {"type": "Point", "coordinates": [8.30566, 4.12193]}, "properties": {"id": "cer-3649050-0", "class": 1, "date": "2023-04-30", "source": "cerulean-machine", "verified": false}}, {"type": "Feature", "geometry": {"type": "Point", "coordinates": [8.56035, 4.32341]}, "properties": {"id": "cer-3662643-0", "class": 1, "date": "2023-04-18", "source": "cerulean-machine", "verified": false}}, {"type": "Feature", "geometry": {"type": "Point", "coordinates": [4.80749, 5.08146]}, "properties": {"id": "cer-3590184-0", "class": 1, "date": "2024-10-19", "source": "cerulean-machine", "verified": false}}, {"type": "Feature", "geometry": {"type": "Point", "coordinates": [8.51818, 4.10854]}, "properties": {"id": "cer-4658651-0", "class": 1, "date": "2026-01-13", "source": "cerulean-machine", "verified": false}}, {"type": "Feature", "geometry": {"type": "Point", "coordinates": [5.89828, 4.30149]}, "properties": {"id": "cer-3406201-0", "class": 1, "date": "2024-03-05", "source": "cerulean-machine", "verified": false}}, {"type": "Feature", "geometry": {"type": "Point", "coordinates": [6.28312, 4.12912]}, "properties": {"id": "cer-4922802-0", "class": 1, "date": "2026-05-13", "source": "cerulean-machine", "verified": false}}, {"type": "Feature", "geometry": {"type": "Point", "coordinates": [6.9423, 4.22353]}, "properties": {"id": "cer-3707269-0", "class": 1, "date": "2023-03-13", "source": "cerulean-machine", "verified": false}}, {"type": "Feature", "geometry": {"type": "Point", "coordinates": [7.00204, 4.19503]}, "properties": {"id": "cer-4438811-0", "class": 1, "date": "2025-10-09", "source": "cerulean-machine", "verified": false}}, {"type": "Feature", "geometry": {"type": "Point", "coordinates": [7.23238, 4.20187]}, "properties": {"id": "cer-4506603-0", "class": 1, "date": "2025-11-09", "source": "cerulean-machine", "verified": false}}, {"type": "Feature", "geometry": {"type": "Point", "coordinates": [6.56293, 3.92724]}, "properties": {"id": "cer-4887704-0", "class": 1, "date": "2026-05-01", "source": "cerulean-machine", "verified": false}}, {"type": "Feature", "geometry": {"type": "Point", "coordinates": [4.82363, 6.00432]}, "properties": {"id": "cer-3590208-0", "class": 1, "date": "2023-08-26", "source": "cerulean-machine", "verified": false}}, {"type": "Feature", "geometry": {"type": "Point", "coordinates": [6.80326, 4.21632]}, "properties": {"id": "cer-3854344-0", "class": 1, "date": "2025-02-28", "source": "cerulean-machine", "verified": false}}, {"type": "Feature", "geometry": {"type": "Point", "coordinates": [4.78209, 5.45225]}, "properties": {"id": "cer-3591629-0", "class": 1, "date": "2022-03-04", "source": "cerulean-machine", "verified": false}}, {"type": "Feature", "geometry": {"type": "Point", "coordinates": [8.0983, 4.46835]}, "properties": {"id": "cer-4629927-0", "class": 1, "date": "2026-01-01", "source": "cerulean-machine", "verified": false}}, {"type": "Feature", "geometry": {"type": "Point", "coordinates": [4.93664, 5.24288]}, "properties": {"id": "cer-3592325-0", "class": 1, "date": "2019-04-25", "source": "cerulean-machine", "verified": false}}, {"type": "Feature", "geometry": {"type": "Point", "coordinates": [8.40895, 4.01854]}, "properties": {"id": "cer-3560547-0", "class": 1, "date": "2024-11-14", "source": "cerulean-machine", "verified": false}}, {"type": "Feature", "geometry": {"type": "Point", "coordinates": [4.89407, 5.85537]}, "properties": {"id": "cer-3590111-0", "class": 1, "date": "2024-09-25", "source": "cerulean-machine", "verified": false}}, {"type": "Feature", "geometry": {"type": "Point", "coordinates": [8.23629, 4.22387]}, "properties": {"id": "cer-4618128-0", "class": 1, "date": "2025-12-27", "source": "cerulean-machine", "verified": false}}, {"type": "Feature", "geometry": {"type": "Point", "coordinates": [8.27608, 4.08514]}, "properties": {"id": "cer-3241373-0", "class": 1, "date": "2023-10-20", "source": "cerulean-machine", "verified": false}}, {"type": "Feature", "geometry": {"type": "Point", "coordinates": [6.48846, 4.19094]}, "properties": {"id": "cer-5212618-0", "class": 1, "date": "2026-09-11", "source": "cerulean-machine", "verified": false}}, {"type": "Feature", "geometry": {"type": "Point", "coordinates": [4.99157, 5.22091]}, "properties": {"id": "cer-4629148-0", "class": 1, "date": "2026-01-01", "source": "cerulean-machine", "verified": false}}, {"type": "Feature", "geometry": {"type": "Point", "coordinates": [6.38475, 3.90046]}, "properties": {"id": "cer-4392269-0", "class": 1, "date": "2025-09-15", "source": "cerulean-machine", "verified": false}}, {"type": "Feature", "geometry": {"type": "Point", "coordinates": [6.47089, 4.27672]}, "properties": {"id": "cer-4754163-0", "class": 1, "date": "2026-03-02", "source": "cerulean-machine", "verified": false}}, {"type": "Feature", "geometry": {"type": "Point", "coordinates": [4.82123, 5.57997]}, "properties": {"id": "cer-3592581-0", "class": 1, "date": "2019-01-07", "source": "cerulean-machine", "verified": false}}, {"type": "Feature", "geometry": {"type": "Point", "coordinates": [6.7428, 4.29732]}, "properties": {"id": "cer-3406203-0", "class": 1, "date": "2024-03-05", "source": "cerulean-machine", "verified": false}}, {"type": "Feature", "geometry": {"type": "Point", "coordinates": [8.13572, 4.16485]}, "properties": {"id": "cer-4438795-0", "class": 1, "date": "2025-10-09", "source": "cerulean-machine", "verified": false}}, {"type": "Feature", "geometry": {"type": "Point", "coordinates": [4.82986, 5.94257]}, "properties": {"id": "cer-3592337-0", "class": 1, "date": "2018-10-15", "source": "cerulean-machine", "verified": false}}, {"type": "Feature", "geometry": {"type": "Point", "coordinates": [6.82966, 4.18402]}, "properties": {"id": "cer-3855925-0", "class": 1, "date": "2025-03-02", "source": "cerulean-machine", "verified": false}}, {"type": "Feature", "geometry": {"type": "Point", "coordinates": [7.38026, 6.08548]}, "properties": {"id": "wc-0", "class": 0, "date": "2024-10-15", "source": "worldcover-tree cover", "verified": false}}, {"type": "Feature", "geometry": {"type": "Point", "coordinates": [7.31693, 4.65608]}, "properties": {"id": "wc-1", "class": 0, "date": "2021-11-15", "source": "worldcover-tree cover", "verified": false}}, {"type": "Feature", "geometry": {"type": "Point", "coordinates": [7.15119, 6.29514]}, "properties": {"id": "wc-2", "class": 0, "date": "2021-05-15", "source": "worldcover-tree cover", "verified": false}}, {"type": "Feature", "geometry": {"type": "Point", "coordinates": [6.35133, 5.86449]}, "properties": {"id": "wc-3", "class": 0, "date": "2024-07-15", "source": "worldcover-tree cover", "verified": false}}, {"type": "Feature", "geometry": {"type": "Point", "coordinates": [6.38097, 5.08242]}, "properties": {"id": "wc-4", "class": 0, "date": "2018-05-15", "source": "worldcover-tree cover", "verified": false}}, {"type": "Feature", "geometry": {"type": "Point", "coordinates": [5.54689, 5.99277]}, "properties": {"id": "wc-5", "class": 0, "date": "2020-12-15", "source": "worldcover-tree cover", "verified": false}}, {"type": "Feature", "geometry": {"type": "Point", "coordinates": [7.54276, 4.87006]}, "properties": {"id": "wc-6", "class": 0, "date": "2019-06-15", "source": "worldcover-tree cover", "verified": false}}, {"type": "Feature", "geometry": {"type": "Point", "coordinates": [7.46596, 4.64153]}, "properties": {"id": "wc-7", "class": 0, "date": "2018-10-15", "source": "worldcover-tree cover", "verified": false}}, {"type": "Feature", "geometry": {"type": "Point", "coordinates": [7.30669, 6.4342]}, "properties": {"id": "wc-8", "class": 0, "date": "2019-03-15", "source": "worldcover-tree cover", "verified": false}}, {"type": "Feature", "geometry": {"type": "Point", "coordinates": [7.3366, 5.87392]}, "properties": {"id": "wc-9", "class": 0, "date": "2024-12-15", "source": "worldcover-tree cover", "verified": false}}, {"type": "Feature", "geometry": {"type": "Point", "coordinates": [7.91359, 5.50552]}, "properties": {"id": "wc-10", "class": 0, "date": "2025-10-15", "source": "worldcover-tree cover", "verified": false}}, {"type": "Feature", "geometry": {"type": "Point", "coordinates": [7.62011, 5.70872]}, "properties": {"id": "wc-11", "class": 0, "date": "2017-10-15", "source": "worldcover-tree cover", "verified": false}}, {"type": "Feature", "geometry": {"type": "Point", "coordinates": [8.04106, 5.8909]}, "properties": {"id": "wc-12", "class": 0, "date": "2021-11-15", "source": "worldcover-tree cover", "verified": false}}, {"type": "Feature", "geometry": {"type": "Point", "coordinates": [6.65451, 4.80834]}, "properties": {"id": "wc-13", "class": 0, "date": "2017-12-15", "source": "worldcover-tree cover", "verified": false}}, {"type": "Feature", "geometry": {"type": "Point", "coordinates": [7.71524, 4.87006]}, "properties": {"id": "wc-14", "class": 0, "date": "2018-02-15", "source": "worldcover-tree cover", "verified": false}}, {"type": "Feature", "geometry": {"type": "Point", "coordinates": [8.12999, 5.68231]}, "properties": {"id": "wc-15", "class": 0, "date": "2023-01-15", "source": "worldcover-tree cover", "verified": false}}, {"type": "Feature", "geometry": {"type": "Point", "coordinates": [7.92949, 5.20261]}, "properties": {"id": "wc-16", "class": 0, "date": "2020-06-15", "source": "worldcover-tree cover", "verified": false}}, {"type": "Feature", "geometry": {"type": "Point", "coordinates": [7.39831, 4.86251]}, "properties": {"id": "wc-17", "class": 0, "date": "2017-05-15", "source": "worldcover-tree cover", "verified": false}}, {"type": "Feature", "geometry": {"type": "Point", "coordinates": [7.12559, 5.39126]}, "properties": {"id": "wc-18", "class": 0, "date": "2020-05-15", "source": "worldcover-tree cover", "verified": false}}, {"type": "Feature", "geometry": {"type": "Point", "coordinates": [7.98662, 5.11961]}, "properties": {"id": "wc-19", "class": 0, "date": "2017-10-15", "source": "worldcover-tree cover", "verified": false}}, {"type": "Feature", "geometry": {"type": "Point", "coordinates": [6.18236, 6.21564]}, "properties": {"id": "wc-20", "class": 0, "date": "2023-10-15", "source": "worldcover-tree cover", "verified": false}}, {"type": "Feature", "geometry": {"type": "Point", "coordinates": [6.31144, 6.36036]}, "properties": {"id": "wc-21", "class": 0, "date": "2017-04-15", "source": "worldcover-tree cover", "verified": false}}, {"type": "Feature", "geometry": {"type": "Point", "coordinates": [7.33364, 5.25678]}, "properties": {"id": "wc-22", "class": 0, "date": "2021-08-15", "source": "worldcover-tree cover", "verified": false}}, {"type": "Feature", "geometry": {"type": "Point", "coordinates": [8.45258, 5.69282]}, "properties": {"id": "wc-23", "class": 0, "date": "2018-02-15", "source": "worldcover-tree cover", "verified": false}}, {"type": "Feature", "geometry": {"type": "Point", "coordinates": [6.61597, 5.11988]}, "properties": {"id": "wc-24", "class": 0, "date": "2020-02-15", "source": "worldcover-tree cover", "verified": false}}, {"type": "Feature", "geometry": {"type": "Point", "coordinates": [5.96568, 6.35309]}, "properties": {"id": "wc-25", "class": 0, "date": "2022-12-15", "source": "worldcover-tree cover", "verified": false}}, {"type": "Feature", "geometry": {"type": "Point", "coordinates": [5.65819, 5.17782]}, "properties": {"id": "wc-26", "class": 0, "date": "2025-02-15", "source": "worldcover-tree cover", "verified": false}}, {"type": "Feature", "geometry": {"type": "Point", "coordinates": [8.17877, 5.18806]}, "properties": {"id": "wc-27", "class": 0, "date": "2021-05-15", "source": "worldcover-tree cover", "verified": false}}, {"type": "Feature", "geometry": {"type": "Point", "coordinates": [6.34998, 5.98172]}, "properties": {"id": "wc-28", "class": 0, "date": "2018-07-15", "source": "worldcover-tree cover", "verified": false}}, {"type": "Feature", "geometry": {"type": "Point", "coordinates": [5.24317, 5.51253]}, "properties": {"id": "wc-29", "class": 0, "date": "2023-06-15", "source": "worldcover-tree cover", "verified": false}}, {"type": "Feature", "geometry": {"type": "Point", "coordinates": [7.19296, 5.74888]}, "properties": {"id": "wc-30", "class": 0, "date": "2019-01-15", "source": "worldcover-tree cover", "verified": false}}, {"type": "Feature", "geometry": {"type": "Point", "coordinates": [7.39778, 5.69175]}, "properties": {"id": "wc-31", "class": 0, "date": "2023-04-15", "source": "worldcover-tree cover", "verified": false}}, {"type": "Feature", "geometry": {"type": "Point", "coordinates": [7.73545, 5.48639]}, "properties": {"id": "wc-32", "class": 0, "date": "2017-10-15", "source": "worldcover-tree cover", "verified": false}}, {"type": "Feature", "geometry": {"type": "Point", "coordinates": [7.11103, 5.04172]}, "properties": {"id": "wc-33", "class": 0, "date": "2024-02-15", "source": "worldcover-tree cover", "verified": false}}, {"type": "Feature", "geometry": {"type": "Point", "coordinates": [7.49318, 5.35515]}, "properties": {"id": "wc-34", "class": 0, "date": "2017-04-15", "source": "worldcover-tree cover", "verified": false}}, {"type": "Feature", "geometry": {"type": "Point", "coordinates": [5.83821, 6.04721]}, "properties": {"id": "wc-35", "class": 0, "date": "2022-06-15", "source": "worldcover-tree cover", "verified": false}}, {"type": "Feature", "geometry": {"type": "Point", "coordinates": [6.80273, 6.54065]}, "properties": {"id": "wc-36", "class": 0, "date": "2024-04-15", "source": "worldcover-tree cover", "verified": false}}, {"type": "Feature", "geometry": {"type": "Point", "coordinates": [7.47916, 6.21537]}, "properties": {"id": "wc-37", "class": 0, "date": "2022-01-15", "source": "worldcover-tree cover", "verified": false}}, {"type": "Feature", "geometry": {"type": "Point", "coordinates": [7.00809, 5.24681]}, "properties": {"id": "wc-38", "class": 0, "date": "2020-08-15", "source": "worldcover-tree cover", "verified": false}}, {"type": "Feature", "geometry": {"type": "Point", "coordinates": [5.65576, 6.33045]}, "properties": {"id": "wc-39", "class": 0, "date": "2017-09-15", "source": "worldcover-tree cover", "verified": false}}, {"type": "Feature", "geometry": {"type": "Point", "coordinates": [6.5009, 4.8299]}, "properties": {"id": "wc-40", "class": 0, "date": "2025-04-15", "source": "worldcover-tree cover", "verified": false}}, {"type": "Feature", "geometry": {"type": "Point", "coordinates": [7.29429, 5.60955]}, "properties": {"id": "wc-41", "class": 0, "date": "2021-02-15", "source": "worldcover-tree cover", "verified": false}}, {"type": "Feature", "geometry": {"type": "Point", "coordinates": [5.97673, 5.55673]}, "properties": {"id": "wc-42", "class": 0, "date": "2019-06-15", "source": "worldcover-tree cover", "verified": false}}, {"type": "Feature", "geometry": {"type": "Point", "coordinates": [7.43173, 5.77637]}, "properties": {"id": "wc-43", "class": 0, "date": "2024-12-15", "source": "worldcover-tree cover", "verified": false}}, {"type": "Feature", "geometry": {"type": "Point", "coordinates": [5.75494, 5.62114]}, "properties": {"id": "wc-44", "class": 0, "date": "2018-02-15", "source": "worldcover-tree cover", "verified": false}}, {"type": "Feature", "geometry": {"type": "Point", "coordinates": [7.55759, 4.79379]}, "properties": {"id": "wc-45", "class": 0, "date": "2017-11-15", "source": "worldcover-tree cover", "verified": false}}, {"type": "Feature", "geometry": {"type": "Point", "coordinates": [6.45104, 5.34275]}, "properties": {"id": "wc-46", "class": 0, "date": "2024-09-15", "source": "worldcover-tree cover", "verified": false}}, {"type": "Feature", "geometry": {"type": "Point", "coordinates": [7.90092, 4.93554]}, "properties": {"id": "wc-47", "class": 0, "date": "2018-11-15", "source": "worldcover-tree cover", "verified": false}}, {"type": "Feature", "geometry": {"type": "Point", "coordinates": [6.82348, 5.81086]}, "properties": {"id": "wc-48", "class": 0, "date": "2025-07-15", "source": "worldcover-tree cover", "verified": false}}, {"type": "Feature", "geometry": {"type": "Point", "coordinates": [8.45554, 6.35874]}, "properties": {"id": "wc-49", "class": 0, "date": "2022-12-15", "source": "worldcover-tree cover", "verified": false}}, {"type": "Feature", "geometry": {"type": "Point", "coordinates": [7.44224, 6.26227]}, "properties": {"id": "wc-50", "class": 0, "date": "2019-06-15", "source": "worldcover-tree cover", "verified": false}}, {"type": "Feature", "geometry": {"type": "Point", "coordinates": [6.12846, 6.56167]}, "properties": {"id": "wc-51", "class": 0, "date": "2025-07-15", "source": "worldcover-tree cover", "verified": false}}, {"type": "Feature", "geometry": {"type": "Point", "coordinates": [6.06324, 5.14683]}, "properties": {"id": "wc-52", "class": 0, "date": "2020-08-15", "source": "worldcover-tree cover", "verified": false}}, {"type": "Feature", "geometry": {"type": "Point", "coordinates": [7.32205, 5.83781]}, "properties": {"id": "wc-53", "class": 0, "date": "2025-03-15", "source": "worldcover-tree cover", "verified": false}}, {"type": "Feature", "geometry": {"type": "Point", "coordinates": [5.68541, 6.56167]}, "properties": {"id": "wc-54", "class": 0, "date": "2017-07-15", "source": "worldcover-tree cover", "verified": false}}, {"type": "Feature", "geometry": {"type": "Point", "coordinates": [6.83642, 5.41471]}, "properties": {"id": "wc-55", "class": 0, "date": "2019-12-15", "source": "worldcover-tree cover", "verified": false}}, {"type": "Feature", "geometry": {"type": "Point", "coordinates": [7.4417, 5.78257]}, "properties": {"id": "wc-56", "class": 0, "date": "2023-11-15", "source": "worldcover-tree cover", "verified": false}}, {"type": "Feature", "geometry": {"type": "Point", "coordinates": [6.87765, 5.52735]}, "properties": {"id": "wc-57", "class": 0, "date": "2024-01-15", "source": "worldcover-tree cover", "verified": false}}, {"type": "Feature", "geometry": {"type": "Point", "coordinates": [8.31028, 5.46268]}, "properties": {"id": "wc-58", "class": 0, "date": "2021-10-15", "source": "worldcover-tree cover", "verified": false}}, {"type": "Feature", "geometry": {"type": "Point", "coordinates": [7.26357, 5.23414]}, "properties": {"id": "wc-59", "class": 0, "date": "2024-08-15", "source": "worldcover-tree cover", "verified": false}}, {"type": "Feature", "geometry": {"type": "Point", "coordinates": [7.78073, 5.40932]}, "properties": {"id": "wc-60", "class": 0, "date": "2022-04-15", "source": "worldcover-tree cover", "verified": false}}, {"type": "Feature", "geometry": {"type": "Point", "coordinates": [6.49308, 5.58395]}, "properties": {"id": "wc-61", "class": 0, "date": "2022-12-15", "source": "worldcover-tree cover", "verified": false}}, {"type": "Feature", "geometry": {"type": "Point", "coordinates": [7.04177, 6.29568]}, "properties": {"id": "wc-62", "class": 0, "date": "2025-08-15", "source": "worldcover-tree cover", "verified": false}}, {"type": "Feature", "geometry": {"type": "Point", "coordinates": [6.33812, 4.80403]}, "properties": {"id": "wc-63", "class": 0, "date": "2017-11-15", "source": "worldcover-tree cover", "verified": false}}, {"type": "Feature", "geometry": {"type": "Point", "coordinates": [6.84612, 5.30367]}, "properties": {"id": "wc-64", "class": 0, "date": "2017-09-15", "source": "worldcover-tree cover", "verified": false}}, {"type": "Feature", "geometry": {"type": "Point", "coordinates": [7.51635, 6.59779]}, "properties": {"id": "wc-65", "class": 0, "date": "2022-02-15", "source": "worldcover-tree cover", "verified": false}}, {"type": "Feature", "geometry": {"type": "Point", "coordinates": [5.70158, 6.43286]}, "properties": {"id": "wc-66", "class": 0, "date": "2023-12-15", "source": "worldcover-tree cover", "verified": false}}, {"type": "Feature", "geometry": {"type": "Point", "coordinates": [6.11336, 6.4342]}, "properties": {"id": "wc-67", "class": 0, "date": "2018-12-15", "source": "worldcover-tree cover", "verified": false}}, {"type": "Feature", "geometry": {"type": "Point", "coordinates": [7.44332, 5.69255]}, "properties": {"id": "wc-68", "class": 0, "date": "2024-09-15", "source": "worldcover-tree cover", "verified": false}}, {"type": "Feature", "geometry": {"type": "Point", "coordinates": [7.68506, 4.80187]}, "properties": {"id": "wc-69", "class": 0, "date": "2019-02-15", "source": "worldcover-tree cover", "verified": false}}, {"type": "Feature", "geometry": {"type": "Point", "coordinates": [6.76419, 4.88299]}, "properties": {"id": "wc-70", "class": 0, "date": "2022-04-15", "source": "worldcover-tree cover", "verified": false}}, {"type": "Feature", "geometry": {"type": "Point", "coordinates": [6.0848, 5.13874]}, "properties": {"id": "wc-71", "class": 0, "date": "2018-03-15", "source": "worldcover-tree cover", "verified": false}}, {"type": "Feature", "geometry": {"type": "Point", "coordinates": [7.33687, 6.40725]}, "properties": {"id": "wc-72", "class": 0, "date": "2022-07-15", "source": "worldcover-tree cover", "verified": false}}, {"type": "Feature", "geometry": {"type": "Point", "coordinates": [7.65083, 5.54002]}, "properties": {"id": "wc-73", "class": 0, "date": "2024-07-15", "source": "worldcover-tree cover", "verified": false}}, {"type": "Feature", "geometry": {"type": "Point", "coordinates": [6.50898, 6.29946]}, "properties": {"id": "wc-74", "class": 0, "date": "2022-10-15", "source": "worldcover-tree cover", "verified": false}}, {"type": "Feature", "geometry": {"type": "Point", "coordinates": [7.84648, 5.95423]}, "properties": {"id": "wc-75", "class": 0, "date": "2019-07-15", "source": "worldcover-tree cover", "verified": false}}, {"type": "Feature", "geometry": {"type": "Point", "coordinates": [6.15729, 4.9439]}, "properties": {"id": "wc-76", "class": 0, "date": "2022-03-15", "source": "worldcover-tree cover", "verified": false}}, {"type": "Feature", "geometry": {"type": "Point", "coordinates": [6.29635, 6.48487]}, "properties": {"id": "wc-77", "class": 0, "date": "2017-01-15", "source": "worldcover-tree cover", "verified": false}}, {"type": "Feature", "geometry": {"type": "Point", "coordinates": [5.33075, 5.95747]}, "properties": {"id": "wc-78", "class": 0, "date": "2025-05-15", "source": "worldcover-tree cover", "verified": false}}, {"type": "Feature", "geometry": {"type": "Point", "coordinates": [7.31989, 6.30458]}, "properties": {"id": "wc-79", "class": 0, "date": "2017-09-15", "source": "worldcover-tree cover", "verified": false}}, {"type": "Feature", "geometry": {"type": "Point", "coordinates": [6.34432, 5.87338]}, "properties": {"id": "wc-80", "class": 0, "date": "2025-07-15", "source": "worldcover-tree cover", "verified": false}}, {"type": "Feature", "geometry": {"type": "Point", "coordinates": [7.33849, 6.04424]}, "properties": {"id": "wc-81", "class": 0, "date": "2023-09-15", "source": "worldcover-tree cover", "verified": false}}, {"type": "Feature", "geometry": {"type": "Point", "coordinates": [5.03404, 6.22481]}, "properties": {"id": "wc-82", "class": 0, "date": "2018-12-15", "source": "worldcover-tree cover", "verified": false}}, {"type": "Feature", "geometry": {"type": "Point", "coordinates": [8.5116, 5.4616]}, "properties": {"id": "wc-83", "class": 0, "date": "2018-06-15", "source": "worldcover-tree cover", "verified": false}}, {"type": "Feature", "geometry": {"type": "Point", "coordinates": [8.36338, 5.45243]}, "properties": {"id": "wc-84", "class": 0, "date": "2020-01-15", "source": "worldcover-tree cover", "verified": false}}, {"type": "Feature", "geometry": {"type": "Point", "coordinates": [7.88394, 5.61925]}, "properties": {"id": "wc-85", "class": 0, "date": "2021-05-15", "source": "worldcover-tree cover", "verified": false}}, {"type": "Feature", "geometry": {"type": "Point", "coordinates": [6.4435, 5.44947]}, "properties": {"id": "wc-86", "class": 0, "date": "2023-03-15", "source": "worldcover-tree cover", "verified": false}}, {"type": "Feature", "geometry": {"type": "Point", "coordinates": [8.47818, 5.36215]}, "properties": {"id": "wc-87", "class": 0, "date": "2020-05-15", "source": "worldcover-tree cover", "verified": false}}, {"type": "Feature", "geometry": {"type": "Point", "coordinates": [6.3993, 6.38165]}, "properties": {"id": "wc-88", "class": 0, "date": "2017-03-15", "source": "worldcover-tree cover", "verified": false}}, {"type": "Feature", "geometry": {"type": "Point", "coordinates": [6.37262, 5.32685]}, "properties": {"id": "wc-89", "class": 0, "date": "2020-10-15", "source": "worldcover-tree cover", "verified": false}}, {"type": "Feature", "geometry": {"type": "Point", "coordinates": [6.34001, 5.85506]}, "properties": {"id": "wc-90", "class": 0, "date": "2023-09-15", "source": "worldcover-tree cover", "verified": false}}, {"type": "Feature", "geometry": {"type": "Point", "coordinates": [7.51555, 5.80197]}, "properties": {"id": "wc-91", "class": 0, "date": "2023-02-15", "source": "worldcover-tree cover", "verified": false}}, {"type": "Feature", "geometry": {"type": "Point", "coordinates": [7.87613, 5.22363]}, "properties": {"id": "wc-92", "class": 0, "date": "2022-05-15", "source": "worldcover-tree cover", "verified": false}}, {"type": "Feature", "geometry": {"type": "Point", "coordinates": [8.34101, 5.55376]}, "properties": {"id": "wc-93", "class": 0, "date": "2025-07-15", "source": "worldcover-tree cover", "verified": false}}, {"type": "Feature", "geometry": {"type": "Point", "coordinates": [7.83166, 5.85829]}, "properties": {"id": "wc-94", "class": 0, "date": "2024-01-15", "source": "worldcover-tree cover", "verified": false}}, {"type": "Feature", "geometry": {"type": "Point", "coordinates": [7.705, 5.26406]}, "properties": {"id": "wc-95", "class": 0, "date": "2017-03-15", "source": "worldcover-tree cover", "verified": false}}, {"type": "Feature", "geometry": {"type": "Point", "coordinates": [6.03791, 4.76819]}, "properties": {"id": "wc-96", "class": 0, "date": "2020-01-15", "source": "worldcover-tree cover", "verified": false}}, {"type": "Feature", "geometry": {"type": "Point", "coordinates": [5.47116, 6.54901]}, "properties": {"id": "wc-97", "class": 0, "date": "2018-08-15", "source": "worldcover-tree cover", "verified": false}}, {"type": "Feature", "geometry": {"type": "Point", "coordinates": [7.41853, 4.458]}, "properties": {"id": "wc-98", "class": 0, "date": "2023-11-15", "source": "worldcover-tree cover", "verified": false}}, {"type": "Feature", "geometry": {"type": "Point", "coordinates": [5.21406, 6.23559]}, "properties": {"id": "wc-99", "class": 0, "date": "2018-12-15", "source": "worldcover-tree cover", "verified": false}}, {"type": "Feature", "geometry": {"type": "Point", "coordinates": [5.26931, 6.59833]}, "properties": {"id": "wc-100", "class": 0, "date": "2024-01-15", "source": "worldcover-tree cover", "verified": false}}, {"type": "Feature", "geometry": {"type": "Point", "coordinates": [7.01024, 5.69067]}, "properties": {"id": "wc-101", "class": 0, "date": "2020-11-15", "source": "worldcover-tree cover", "verified": false}}, {"type": "Feature", "geometry": {"type": "Point", "coordinates": [6.72188, 5.60012]}, "properties": {"id": "wc-102", "class": 0, "date": "2025-09-15", "source": "worldcover-tree cover", "verified": false}}, {"type": "Feature", "geometry": {"type": "Point", "coordinates": [8.41404, 5.53894]}, "properties": {"id": "wc-103", "class": 0, "date": "2020-12-15", "source": "worldcover-tree cover", "verified": false}}, {"type": "Feature", "geometry": {"type": "Point", "coordinates": [4.9063, 6.28544]}, "properties": {"id": "wc-104", "class": 0, "date": "2024-08-15", "source": "worldcover-tree cover", "verified": false}}, {"type": "Feature", "geometry": {"type": "Point", "coordinates": [5.3259, 5.56481]}, "properties": {"id": "wc-105", "class": 0, "date": "2024-12-15", "source": "worldcover-tree cover", "verified": false}}, {"type": "Feature", "geometry": {"type": "Point", "coordinates": [7.74974, 5.37994]}, "properties": {"id": "wc-106", "class": 0, "date": "2017-11-15", "source": "worldcover-tree cover", "verified": false}}, {"type": "Feature", "geometry": {"type": "Point", "coordinates": [7.33741, 6.09922]}, "properties": {"id": "wc-107", "class": 0, "date": "2021-08-15", "source": "worldcover-tree cover", "verified": false}}, {"type": "Feature", "geometry": {"type": "Point", "coordinates": [7.15712, 6.5005]}, "properties": {"id": "wc-108", "class": 0, "date": "2024-01-15", "source": "worldcover-tree cover", "verified": false}}, {"type": "Feature", "geometry": {"type": "Point", "coordinates": [4.95858, 6.17198]}, "properties": {"id": "wc-109", "class": 0, "date": "2022-08-15", "source": "worldcover-tree cover", "verified": false}}, {"type": "Feature", "geometry": {"type": "Point", "coordinates": [6.95904, 5.89144]}, "properties": {"id": "wc-110", "class": 0, "date": "2023-09-15", "source": "worldcover-tree cover", "verified": false}}, {"type": "Feature", "geometry": {"type": "Point", "coordinates": [6.88574, 5.049]}, "properties": {"id": "wc-111", "class": 0, "date": "2023-05-15", "source": "worldcover-tree cover", "verified": false}}, {"type": "Feature", "geometry": {"type": "Point", "coordinates": [5.82743, 6.12051]}, "properties": {"id": "wc-112", "class": 0, "date": "2017-07-15", "source": "worldcover-tree cover", "verified": false}}, {"type": "Feature", "geometry": {"type": "Point", "coordinates": [8.48573, 4.98729]}, "properties": {"id": "wc-113", "class": 0, "date": "2020-12-15", "source": "worldcover-tree cover", "verified": false}}, {"type": "Feature", "geometry": {"type": "Point", "coordinates": [8.09577, 4.80484]}, "properties": {"id": "wc-114", "class": 0, "date": "2017-12-15", "source": "worldcover-tree cover", "verified": false}}, {"type": "Feature", "geometry": {"type": "Point", "coordinates": [6.77982, 6.57973]}, "properties": {"id": "wc-115", "class": 0, "date": "2020-12-15", "source": "worldcover-tree cover", "verified": false}}, {"type": "Feature", "geometry": {"type": "Point", "coordinates": [6.44457, 5.79442]}, "properties": {"id": "wc-116", "class": 0, "date": "2018-03-15", "source": "worldcover-tree cover", "verified": false}}, {"type": "Feature", "geometry": {"type": "Point", "coordinates": [7.85942, 5.43492]}, "properties": {"id": "wc-117", "class": 0, "date": "2024-08-15", "source": "worldcover-tree cover", "verified": false}}, {"type": "Feature", "geometry": {"type": "Point", "coordinates": [8.59352, 5.22202]}, "properties": {"id": "wc-118", "class": 0, "date": "2021-05-15", "source": "worldcover-tree cover", "verified": false}}, {"type": "Feature", "geometry": {"type": "Point", "coordinates": [6.17993, 5.54649]}, "properties": {"id": "wc-119", "class": 0, "date": "2024-09-15", "source": "worldcover-tree cover", "verified": false}}, {"type": "Feature", "geometry": {"type": "Point", "coordinates": [5.89804, 6.27736]}, "properties": {"id": "wc-120", "class": 0, "date": "2017-08-15", "source": "worldcover-tree cover", "verified": false}}, {"type": "Feature", "geometry": {"type": "Point", "coordinates": [8.15829, 4.80187]}, "properties": {"id": "wc-121", "class": 0, "date": "2022-02-15", "source": "worldcover-tree cover", "verified": false}}, {"type": "Feature", "geometry": {"type": "Point", "coordinates": [6.25943, 5.57775]}, "properties": {"id": "wc-122", "class": 0, "date": "2017-08-15", "source": "worldcover-tree cover", "verified": false}}, {"type": "Feature", "geometry": {"type": "Point", "coordinates": [7.33606, 5.30098]}, "properties": {"id": "wc-123", "class": 0, "date": "2021-06-15", "source": "worldcover-tree cover", "verified": false}}, {"type": "Feature", "geometry": {"type": "Point", "coordinates": [6.52919, 4.75768]}, "properties": {"id": "wc-124", "class": 0, "date": "2023-02-15", "source": "worldcover-tree cover", "verified": false}}, {"type": "Feature", "geometry": {"type": "Point", "coordinates": [8.07771, 5.05547]}, "properties": {"id": "wc-125", "class": 0, "date": "2024-06-15", "source": "worldcover-tree cover", "verified": false}}, {"type": "Feature", "geometry": {"type": "Point", "coordinates": [6.11714, 5.46402]}, "properties": {"id": "wc-126", "class": 0, "date": "2023-05-15", "source": "worldcover-tree cover", "verified": false}}, {"type": "Feature", "geometry": {"type": "Point", "coordinates": [8.50109, 5.02771]}, "properties": {"id": "wc-127", "class": 0, "date": "2025-04-15", "source": "worldcover-tree cover", "verified": false}}, {"type": "Feature", "geometry": {"type": "Point", "coordinates": [5.27066, 5.42872]}, "properties": {"id": "wc-128", "class": 0, "date": "2023-07-15", "source": "worldcover-tree cover", "verified": false}}, {"type": "Feature", "geometry": {"type": "Point", "coordinates": [6.6793, 4.91371]}, "properties": {"id": "wc-129", "class": 0, "date": "2022-01-15", "source": "worldcover-tree cover", "verified": false}}, {"type": "Feature", "geometry": {"type": "Point", "coordinates": [5.99048, 4.54073]}, "properties": {"id": "wc-130", "class": 0, "date": "2019-10-15", "source": "worldcover-tree cover", "verified": false}}, {"type": "Feature", "geometry": {"type": "Point", "coordinates": [6.02928, 6.49673]}, "properties": {"id": "wc-131", "class": 0, "date": "2021-02-15", "source": "worldcover-tree cover", "verified": false}}, {"type": "Feature", "geometry": {"type": "Point", "coordinates": [7.39104, 6.50939]}, "properties": {"id": "wc-132", "class": 0, "date": "2018-01-15", "source": "worldcover-tree cover", "verified": false}}, {"type": "Feature", "geometry": {"type": "Point", "coordinates": [6.00368, 4.64988]}, "properties": {"id": "wc-133", "class": 0, "date": "2024-06-15", "source": "worldcover-tree cover", "verified": false}}, {"type": "Feature", "geometry": {"type": "Point", "coordinates": [5.83713, 6.10758]}, "properties": {"id": "wc-134", "class": 0, "date": "2024-04-15", "source": "worldcover-tree cover", "verified": false}}, {"type": "Feature", "geometry": {"type": "Point", "coordinates": [8.4321, 5.29424]}, "properties": {"id": "wc-135", "class": 0, "date": "2025-05-15", "source": "worldcover-tree cover", "verified": false}}, {"type": "Feature", "geometry": {"type": "Point", "coordinates": [7.13421, 6.47112]}, "properties": {"id": "wc-136", "class": 0, "date": "2019-03-15", "source": "worldcover-tree cover", "verified": false}}, {"type": "Feature", "geometry": {"type": "Point", "coordinates": [5.83309, 6.05502]}, "properties": {"id": "wc-137", "class": 0, "date": "2025-05-15", "source": "worldcover-tree cover", "verified": false}}, {"type": "Feature", "geometry": {"type": "Point", "coordinates": [5.95005, 6.11997]}, "properties": {"id": "wc-138", "class": 0, "date": "2018-04-15", "source": "worldcover-tree cover", "verified": false}}, {"type": "Feature", "geometry": {"type": "Point", "coordinates": [5.37172, 5.42845]}, "properties": {"id": "wc-139", "class": 0, "date": "2019-03-15", "source": "worldcover-tree cover", "verified": false}}, {"type": "Feature", "geometry": {"type": "Point", "coordinates": [7.12047, 5.41713]}, "properties": {"id": "wc-140", "class": 0, "date": "2021-10-15", "source": "worldcover-tree cover", "verified": false}}, {"type": "Feature", "geometry": {"type": "Point", "coordinates": [6.86229, 5.34895]}, "properties": {"id": "wc-141", "class": 0, "date": "2024-05-15", "source": "worldcover-tree cover", "verified": false}}, {"type": "Feature", "geometry": {"type": "Point", "coordinates": [5.151, 5.9095]}, "properties": {"id": "wc-142", "class": 0, "date": "2020-12-15", "source": "worldcover-tree cover", "verified": false}}, {"type": "Feature", "geometry": {"type": "Point", "coordinates": [7.88367, 6.55763]}, "properties": {"id": "wc-143", "class": 0, "date": "2020-08-15", "source": "worldcover-tree cover", "verified": false}}, {"type": "Feature", "geometry": {"type": "Point", "coordinates": [8.18524, 5.62464]}, "properties": {"id": "wc-144", "class": 0, "date": "2021-08-15", "source": "worldcover-tree cover", "verified": false}}, {"type": "Feature", "geometry": {"type": "Point", "coordinates": [6.46317, 5.66426]}, "properties": {"id": "wc-145", "class": 0, "date": "2025-07-15", "source": "worldcover-tree cover", "verified": false}}, {"type": "Feature", "geometry": {"type": "Point", "coordinates": [8.17877, 6.0305]}, "properties": {"id": "wc-146", "class": 0, "date": "2019-09-15", "source": "worldcover-tree cover", "verified": false}}, {"type": "Feature", "geometry": {"type": "Point", "coordinates": [6.40765, 6.01541]}, "properties": {"id": "wc-147", "class": 0, "date": "2024-10-15", "source": "worldcover-tree cover", "verified": false}}, {"type": "Feature", "geometry": {"type": "Point", "coordinates": [7.50746, 5.34194]}, "properties": {"id": "wc-148", "class": 0, "date": "2020-09-15", "source": "worldcover-tree cover", "verified": false}}, {"type": "Feature", "geometry": {"type": "Point", "coordinates": [7.53764, 5.57586]}, "properties": {"id": "wc-149", "class": 0, "date": "2022-04-15", "source": "worldcover-tree cover", "verified": false}}, {"type": "Feature", "geometry": {"type": "Point", "coordinates": [5.05614, 5.99978]}, "properties": {"id": "wc-150", "class": 0, "date": "2018-08-15", "source": "worldcover-grassland", "verified": false}}, {"type": "Feature", "geometry": {"type": "Point", "coordinates": [6.58202, 6.28463]}, "properties": {"id": "wc-151", "class": 0, "date": "2021-10-15", "source": "worldcover-grassland", "verified": false}}, {"type": "Feature", "geometry": {"type": "Point", "coordinates": [8.0354, 6.13803]}, "properties": {"id": "wc-152", "class": 0, "date": "2020-04-15", "source": "worldcover-grassland", "verified": false}}, {"type": "Feature", "geometry": {"type": "Point", "coordinates": [6.76123, 5.85587]}, "properties": {"id": "wc-153", "class": 0, "date": "2025-09-15", "source": "worldcover-grassland", "verified": false}}, {"type": "Feature", "geometry": {"type": "Point", "coordinates": [7.53657, 5.2045]}, "properties": {"id": "wc-154", "class": 0, "date": "2025-05-15", "source": "worldcover-grassland", "verified": false}}, {"type": "Feature", "geometry": {"type": "Point", "coordinates": [6.98437, 6.56383]}, "properties": {"id": "wc-155", "class": 0, "date": "2023-02-15", "source": "worldcover-grassland", "verified": false}}, {"type": "Feature", "geometry": {"type": "Point", "coordinates": [7.8799, 4.71348]}, "properties": {"id": "wc-156", "class": 0, "date": "2020-07-15", "source": "worldcover-grassland", "verified": false}}, {"type": "Feature", "geometry": {"type": "Point", "coordinates": [5.88537, 5.82515]}, "properties": {"id": "wc-157", "class": 0, "date": "2022-05-15", "source": "worldcover-grassland", "verified": false}}, {"type": "Feature", "geometry": {"type": "Point", "coordinates": [7.73168, 4.74312]}, "properties": {"id": "wc-158", "class": 0, "date": "2021-06-15", "source": "worldcover-grassland", "verified": false}}, {"type": "Feature", "geometry": {"type": "Point", "coordinates": [6.18882, 5.84185]}, "properties": {"id": "wc-159", "class": 0, "date": "2023-12-15", "source": "worldcover-grassland", "verified": false}}, {"type": "Feature", "geometry": {"type": "Point", "coordinates": [8.41242, 6.1825]}, "properties": {"id": "wc-160", "class": 0, "date": "2024-09-15", "source": "worldcover-grassland", "verified": false}}, {"type": "Feature", "geometry": {"type": "Point", "coordinates": [6.31037, 5.64297]}, "properties": {"id": "wc-161", "class": 0, "date": "2022-10-15", "source": "worldcover-grassland", "verified": false}}, {"type": "Feature", "geometry": {"type": "Point", "coordinates": [6.34244, 5.75615]}, "properties": {"id": "wc-162", "class": 0, "date": "2025-03-15", "source": "worldcover-grassland", "verified": false}}, {"type": "Feature", "geometry": {"type": "Point", "coordinates": [5.66681, 5.6171]}, "properties": {"id": "wc-163", "class": 0, "date": "2022-03-15", "source": "worldcover-grassland", "verified": false}}, {"type": "Feature", "geometry": {"type": "Point", "coordinates": [7.01186, 6.11701]}, "properties": {"id": "wc-164", "class": 0, "date": "2025-02-15", "source": "worldcover-grassland", "verified": false}}, {"type": "Feature", "geometry": {"type": "Point", "coordinates": [8.00818, 5.89333]}, "properties": {"id": "wc-165", "class": 0, "date": "2022-02-15", "source": "worldcover-grassland", "verified": false}}, {"type": "Feature", "geometry": {"type": "Point", "coordinates": [4.93999, 6.39028]}, "properties": {"id": "wc-166", "class": 0, "date": "2017-03-15", "source": "worldcover-grassland", "verified": false}}, {"type": "Feature", "geometry": {"type": "Point", "coordinates": [7.25629, 4.80969]}, "properties": {"id": "wc-167", "class": 0, "date": "2019-11-15", "source": "worldcover-grassland", "verified": false}}, {"type": "Feature", "geometry": {"type": "Point", "coordinates": [6.09881, 6.05961]}, "properties": {"id": "wc-168", "class": 0, "date": "2021-03-15", "source": "worldcover-grassland", "verified": false}}, {"type": "Feature", "geometry": {"type": "Point", "coordinates": [6.19637, 5.80898]}, "properties": {"id": "wc-169", "class": 0, "date": "2020-11-15", "source": "worldcover-grassland", "verified": false}}, {"type": "Feature", "geometry": {"type": "Point", "coordinates": [6.94691, 6.49376]}, "properties": {"id": "wc-170", "class": 0, "date": "2022-11-15", "source": "worldcover-grassland", "verified": false}}, {"type": "Feature", "geometry": {"type": "Point", "coordinates": [5.74577, 6.26981]}, "properties": {"id": "wc-171", "class": 0, "date": "2020-07-15", "source": "worldcover-grassland", "verified": false}}, {"type": "Feature", "geometry": {"type": "Point", "coordinates": [6.78656, 5.20073]}, "properties": {"id": "wc-172", "class": 0, "date": "2024-05-15", "source": "worldcover-grassland", "verified": false}}, {"type": "Feature", "geometry": {"type": "Point", "coordinates": [7.8481, 5.93402]}, "properties": {"id": "wc-173", "class": 0, "date": "2022-01-15", "source": "worldcover-grassland", "verified": false}}, {"type": "Feature", "geometry": {"type": "Point", "coordinates": [8.03297, 5.17162]}, "properties": {"id": "wc-174", "class": 0, "date": "2021-01-15", "source": "worldcover-grassland", "verified": false}}, {"type": "Feature", "geometry": {"type": "Point", "coordinates": [6.41601, 5.8211]}, "properties": {"id": "wc-175", "class": 0, "date": "2018-04-15", "source": "worldcover-grassland", "verified": false}}, {"type": "Feature", "geometry": {"type": "Point", "coordinates": [7.43685, 6.21807]}, "properties": {"id": "wc-176", "class": 0, "date": "2017-12-15", "source": "worldcover-grassland", "verified": false}}, {"type": "Feature", "geometry": {"type": "Point", "coordinates": [6.88062, 5.67746]}, "properties": {"id": "wc-177", "class": 0, "date": "2022-05-15", "source": "worldcover-grassland", "verified": false}}, {"type": "Feature", "geometry": {"type": "Point", "coordinates": [5.80425, 5.46914]}, "properties": {"id": "wc-178", "class": 0, "date": "2023-03-15", "source": "worldcover-grassland", "verified": false}}, {"type": "Feature", "geometry": {"type": "Point", "coordinates": [6.64804, 6.15662]}, "properties": {"id": "wc-179", "class": 0, "date": "2020-12-15", "source": "worldcover-grassland", "verified": false}}, {"type": "Feature", "geometry": {"type": "Point", "coordinates": [6.18478, 5.75023]}, "properties": {"id": "wc-180", "class": 0, "date": "2021-01-15", "source": "worldcover-grassland", "verified": false}}, {"type": "Feature", "geometry": {"type": "Point", "coordinates": [7.24686, 4.96734]}, "properties": {"id": "wc-181", "class": 0, "date": "2024-05-15", "source": "worldcover-grassland", "verified": false}}, {"type": "Feature", "geometry": {"type": "Point", "coordinates": [6.19125, 5.3511]}, "properties": {"id": "wc-182", "class": 0, "date": "2021-10-15", "source": "worldcover-grassland", "verified": false}}, {"type": "Feature", "geometry": {"type": "Point", "coordinates": [7.88718, 6.34284]}, "properties": {"id": "wc-183", "class": 0, "date": "2021-12-15", "source": "worldcover-grassland", "verified": false}}, {"type": "Feature", "geometry": {"type": "Point", "coordinates": [5.977, 5.72301]}, "properties": {"id": "wc-184", "class": 0, "date": "2025-12-15", "source": "worldcover-grassland", "verified": false}}, {"type": "Feature", "geometry": {"type": "Point", "coordinates": [8.04807, 4.60137]}, "properties": {"id": "wc-185", "class": 0, "date": "2023-02-15", "source": "worldcover-grassland", "verified": false}}, {"type": "Feature", "geometry": {"type": "Point", "coordinates": [7.47674, 5.76963]}, "properties": {"id": "wc-186", "class": 0, "date": "2019-07-15", "source": "worldcover-grassland", "verified": false}}, {"type": "Feature", "geometry": {"type": "Point", "coordinates": [8.02112, 4.86817]}, "properties": {"id": "wc-187", "class": 0, "date": "2025-01-15", "source": "worldcover-grassland", "verified": false}}, {"type": "Feature", "geometry": {"type": "Point", "coordinates": [6.55264, 6.42747]}, "properties": {"id": "wc-188", "class": 0, "date": "2022-08-15", "source": "worldcover-grassland", "verified": false}}, {"type": "Feature", "geometry": {"type": "Point", "coordinates": [7.38107, 6.52583]}, "properties": {"id": "wc-189", "class": 0, "date": "2024-02-15", "source": "worldcover-grassland", "verified": false}}, {"type": "Feature", "geometry": {"type": "Point", "coordinates": [5.7614, 5.93267]}, "properties": {"id": "wc-190", "class": 0, "date": "2024-08-15", "source": "worldcover-grassland", "verified": false}}, {"type": "Feature", "geometry": {"type": "Point", "coordinates": [6.65047, 6.16094]}, "properties": {"id": "wc-191", "class": 0, "date": "2020-10-15", "source": "worldcover-grassland", "verified": false}}, {"type": "Feature", "geometry": {"type": "Point", "coordinates": [8.50809, 6.54523]}, "properties": {"id": "wc-192", "class": 0, "date": "2022-12-15", "source": "worldcover-grassland", "verified": false}}, {"type": "Feature", "geometry": {"type": "Point", "coordinates": [6.35456, 4.87491]}, "properties": {"id": "wc-193", "class": 0, "date": "2022-03-15", "source": "worldcover-grassland", "verified": false}}, {"type": "Feature", "geometry": {"type": "Point", "coordinates": [8.40299, 6.30997]}, "properties": {"id": "wc-194", "class": 0, "date": "2018-03-15", "source": "worldcover-grassland", "verified": false}}, {"type": "Feature", "geometry": {"type": "Point", "coordinates": [8.03378, 4.95037]}, "properties": {"id": "wc-195", "class": 0, "date": "2024-07-15", "source": "worldcover-grassland", "verified": false}}, {"type": "Feature", "geometry": {"type": "Point", "coordinates": [7.99767, 4.9536]}, "properties": {"id": "wc-196", "class": 0, "date": "2017-11-15", "source": "worldcover-grassland", "verified": false}}, {"type": "Feature", "geometry": {"type": "Point", "coordinates": [6.50117, 5.79092]}, "properties": {"id": "wc-197", "class": 0, "date": "2018-07-15", "source": "worldcover-grassland", "verified": false}}, {"type": "Feature", "geometry": {"type": "Point", "coordinates": [6.92131, 5.22579]}, "properties": {"id": "wc-198", "class": 0, "date": "2017-05-15", "source": "worldcover-grassland", "verified": false}}, {"type": "Feature", "geometry": {"type": "Point", "coordinates": [6.04572, 5.34787]}, "properties": {"id": "wc-199", "class": 0, "date": "2017-10-15", "source": "worldcover-grassland", "verified": false}}, {"type": "Feature", "geometry": {"type": "Point", "coordinates": [7.26411, 6.05017]}, "properties": {"id": "wc-200", "class": 0, "date": "2025-08-15", "source": "worldcover-grassland", "verified": false}}, {"type": "Feature", "geometry": {"type": "Point", "coordinates": [6.2155, 5.3829]}, "properties": {"id": "wc-201", "class": 0, "date": "2018-06-15", "source": "worldcover-grassland", "verified": false}}, {"type": "Feature", "geometry": {"type": "Point", "coordinates": [7.24821, 4.81885]}, "properties": {"id": "wc-202", "class": 0, "date": "2025-05-15", "source": "worldcover-grassland", "verified": false}}, {"type": "Feature", "geometry": {"type": "Point", "coordinates": [7.28162, 6.10811]}, "properties": {"id": "wc-203", "class": 0, "date": "2021-01-15", "source": "worldcover-grassland", "verified": false}}, {"type": "Feature", "geometry": {"type": "Point", "coordinates": [7.26842, 4.82397]}, "properties": {"id": "wc-204", "class": 0, "date": "2017-07-15", "source": "worldcover-grassland", "verified": false}}, {"type": "Feature", "geometry": {"type": "Point", "coordinates": [5.88564, 5.90438]}, "properties": {"id": "wc-205", "class": 0, "date": "2025-12-15", "source": "worldcover-grassland", "verified": false}}, {"type": "Feature", "geometry": {"type": "Point", "coordinates": [7.07789, 6.08009]}, "properties": {"id": "wc-206", "class": 0, "date": "2017-04-15", "source": "worldcover-grassland", "verified": false}}, {"type": "Feature", "geometry": {"type": "Point", "coordinates": [8.37065, 6.26065]}, "properties": {"id": "wc-207", "class": 0, "date": "2020-04-15", "source": "worldcover-grassland", "verified": false}}, {"type": "Feature", "geometry": {"type": "Point", "coordinates": [7.80525, 6.1992]}, "properties": {"id": "wc-208", "class": 0, "date": "2022-10-15", "source": "worldcover-grassland", "verified": false}}, {"type": "Feature", "geometry": {"type": "Point", "coordinates": [7.59505, 4.71564]}, "properties": {"id": "wc-209", "class": 0, "date": "2021-11-15", "source": "worldcover-grassland", "verified": false}}, {"type": "Feature", "geometry": {"type": "Point", "coordinates": [5.95221, 5.34302]}, "properties": {"id": "wc-210", "class": 0, "date": "2021-02-15", "source": "worldcover-grassland", "verified": false}}, {"type": "Feature", "geometry": {"type": "Point", "coordinates": [6.25566, 5.88767]}, "properties": {"id": "wc-211", "class": 0, "date": "2017-05-15", "source": "worldcover-grassland", "verified": false}}, {"type": "Feature", "geometry": {"type": "Point", "coordinates": [6.79034, 4.93069]}, "properties": {"id": "wc-212", "class": 0, "date": "2025-06-15", "source": "worldcover-grassland", "verified": false}}, {"type": "Feature", "geometry": {"type": "Point", "coordinates": [8.16449, 6.28113]}, "properties": {"id": "wc-213", "class": 0, "date": "2017-08-15", "source": "worldcover-grassland", "verified": false}}, {"type": "Feature", "geometry": {"type": "Point", "coordinates": [6.42571, 5.81032]}, "properties": {"id": "wc-214", "class": 0, "date": "2017-07-15", "source": "worldcover-grassland", "verified": false}}, {"type": "Feature", "geometry": {"type": "Point", "coordinates": [7.16062, 6.45576]}, "properties": {"id": "wc-215", "class": 0, "date": "2019-02-15", "source": "worldcover-grassland", "verified": false}}, {"type": "Feature", "geometry": {"type": "Point", "coordinates": [6.60762, 4.84823]}, "properties": {"id": "wc-216", "class": 0, "date": "2023-06-15", "source": "worldcover-grassland", "verified": false}}, {"type": "Feature", "geometry": {"type": "Point", "coordinates": [5.15585, 6.36575]}, "properties": {"id": "wc-217", "class": 0, "date": "2018-12-15", "source": "worldcover-grassland", "verified": false}}, {"type": "Feature", "geometry": {"type": "Point", "coordinates": [8.15533, 4.77951]}, "properties": {"id": "wc-218", "class": 0, "date": "2025-01-15", "source": "worldcover-grassland", "verified": false}}, {"type": "Feature", "geometry": {"type": "Point", "coordinates": [5.87675, 5.7761]}, "properties": {"id": "wc-219", "class": 0, "date": "2018-06-15", "source": "worldcover-grassland", "verified": false}}, {"type": "Feature", "geometry": {"type": "Point", "coordinates": [7.24309, 4.74636]}, "properties": {"id": "wc-220", "class": 0, "date": "2024-04-15", "source": "worldcover-grassland", "verified": false}}, {"type": "Feature", "geometry": {"type": "Point", "coordinates": [6.79276, 5.5004]}, "properties": {"id": "wc-221", "class": 0, "date": "2019-02-15", "source": "worldcover-grassland", "verified": false}}, {"type": "Feature", "geometry": {"type": "Point", "coordinates": [6.81163, 6.16552]}, "properties": {"id": "wc-222", "class": 0, "date": "2021-05-15", "source": "worldcover-grassland", "verified": false}}, {"type": "Feature", "geometry": {"type": "Point", "coordinates": [5.9072, 5.79766]}, "properties": {"id": "wc-223", "class": 0, "date": "2017-06-15", "source": "worldcover-grassland", "verified": false}}, {"type": "Feature", "geometry": {"type": "Point", "coordinates": [6.25, 5.69741]}, "properties": {"id": "wc-224", "class": 0, "date": "2019-04-15", "source": "worldcover-grassland", "verified": false}}, {"type": "Feature", "geometry": {"type": "Point", "coordinates": [6.89867, 5.46887]}, "properties": {"id": "wc-225", "class": 0, "date": "2018-01-15", "source": "worldcover-grassland", "verified": false}}, {"type": "Feature", "geometry": {"type": "Point", "coordinates": [7.92033, 6.02403]}, "properties": {"id": "wc-226", "class": 0, "date": "2021-01-15", "source": "worldcover-grassland", "verified": false}}, {"type": "Feature", "geometry": {"type": "Point", "coordinates": [6.34513, 6.42369]}, "properties": {"id": "wc-227", "class": 0, "date": "2021-08-15", "source": "worldcover-grassland", "verified": false}}, {"type": "Feature", "geometry": {"type": "Point", "coordinates": [6.88735, 6.55521]}, "properties": {"id": "wc-228", "class": 0, "date": "2017-09-15", "source": "worldcover-grassland", "verified": false}}, {"type": "Feature", "geometry": {"type": "Point", "coordinates": [8.53019, 6.36387]}, "properties": {"id": "wc-229", "class": 0, "date": "2023-09-15", "source": "worldcover-grassland", "verified": false}}, {"type": "Feature", "geometry": {"type": "Point", "coordinates": [7.61768, 5.89872]}, "properties": {"id": "wc-230", "class": 0, "date": "2023-05-15", "source": "worldcover-grassland", "verified": false}}, {"type": "Feature", "geometry": {"type": "Point", "coordinates": [6.97063, 4.93986]}, "properties": {"id": "wc-231", "class": 0, "date": "2023-09-15", "source": "worldcover-grassland", "verified": false}}, {"type": "Feature", "geometry": {"type": "Point", "coordinates": [7.1113, 6.11027]}, "properties": {"id": "wc-232", "class": 0, "date": "2019-06-15", "source": "worldcover-grassland", "verified": false}}, {"type": "Feature", "geometry": {"type": "Point", "coordinates": [7.06199, 6.47517]}, "properties": {"id": "wc-233", "class": 0, "date": "2017-09-15", "source": "worldcover-grassland", "verified": false}}, {"type": "Feature", "geometry": {"type": "Point", "coordinates": [6.91376, 6.29838]}, "properties": {"id": "wc-234", "class": 0, "date": "2025-03-15", "source": "worldcover-grassland", "verified": false}}, {"type": "Feature", "geometry": {"type": "Point", "coordinates": [6.17993, 6.38731]}, "properties": {"id": "wc-235", "class": 0, "date": "2021-04-15", "source": "worldcover-grassland", "verified": false}}, {"type": "Feature", "geometry": {"type": "Point", "coordinates": [5.99937, 5.70333]}, "properties": {"id": "wc-236", "class": 0, "date": "2018-08-15", "source": "worldcover-grassland", "verified": false}}, {"type": "Feature", "geometry": {"type": "Point", "coordinates": [6.70059, 4.94659]}, "properties": {"id": "wc-237", "class": 0, "date": "2022-11-15", "source": "worldcover-grassland", "verified": false}}, {"type": "Feature", "geometry": {"type": "Point", "coordinates": [6.34513, 5.62249]}, "properties": {"id": "wc-238", "class": 0, "date": "2020-03-15", "source": "worldcover-grassland", "verified": false}}, {"type": "Feature", "geometry": {"type": "Point", "coordinates": [7.35412, 6.49565]}, "properties": {"id": "wc-239", "class": 0, "date": "2025-12-15", "source": "worldcover-grassland", "verified": false}}, {"type": "Feature", "geometry": {"type": "Point", "coordinates": [7.3719, 4.77196]}, "properties": {"id": "wc-240", "class": 0, "date": "2024-11-15", "source": "worldcover-grassland", "verified": false}}, {"type": "Feature", "geometry": {"type": "Point", "coordinates": [6.05219, 5.57775]}, "properties": {"id": "wc-241", "class": 0, "date": "2022-03-15", "source": "worldcover-grassland", "verified": false}}, {"type": "Feature", "geometry": {"type": "Point", "coordinates": [5.92661, 5.96879]}, "properties": {"id": "wc-242", "class": 0, "date": "2020-08-15", "source": "worldcover-grassland", "verified": false}}, {"type": "Feature", "geometry": {"type": "Point", "coordinates": [5.77326, 6.2081]}, "properties": {"id": "wc-243", "class": 0, "date": "2022-08-15", "source": "worldcover-grassland", "verified": false}}, {"type": "Feature", "geometry": {"type": "Point", "coordinates": [6.13142, 4.76064]}, "properties": {"id": "wc-244", "class": 0, "date": "2018-05-15", "source": "worldcover-grassland", "verified": false}}, {"type": "Feature", "geometry": {"type": "Point", "coordinates": [8.3941, 6.34123]}, "properties": {"id": "wc-245", "class": 0, "date": "2022-12-15", "source": "worldcover-grassland", "verified": false}}, {"type": "Feature", "geometry": {"type": "Point", "coordinates": [6.22116, 5.88066]}, "properties": {"id": "wc-246", "class": 0, "date": "2025-04-15", "source": "worldcover-grassland", "verified": false}}, {"type": "Feature", "geometry": {"type": "Point", "coordinates": [5.89642, 6.03131]}, "properties": {"id": "wc-247", "class": 0, "date": "2023-02-15", "source": "worldcover-grassland", "verified": false}}, {"type": "Feature", "geometry": {"type": "Point", "coordinates": [6.26994, 5.44651]}, "properties": {"id": "wc-248", "class": 0, "date": "2024-07-15", "source": "worldcover-grassland", "verified": false}}, {"type": "Feature", "geometry": {"type": "Point", "coordinates": [7.55139, 6.22049]}, "properties": {"id": "wc-249", "class": 0, "date": "2020-02-15", "source": "worldcover-grassland", "verified": false}}, {"type": "Feature", "geometry": {"type": "Point", "coordinates": [7.79609, 6.19786]}, "properties": {"id": "wc-250", "class": 0, "date": "2024-07-15", "source": "worldcover-grassland", "verified": false}}, {"type": "Feature", "geometry": {"type": "Point", "coordinates": [6.2314, 5.94992]}, "properties": {"id": "wc-251", "class": 0, "date": "2021-08-15", "source": "worldcover-grassland", "verified": false}}, {"type": "Feature", "geometry": {"type": "Point", "coordinates": [6.52192, 6.40779]}, "properties": {"id": "wc-252", "class": 0, "date": "2022-10-15", "source": "worldcover-grassland", "verified": false}}, {"type": "Feature", "geometry": {"type": "Point", "coordinates": [5.54931, 6.28032]}, "properties": {"id": "wc-253", "class": 0, "date": "2024-02-15", "source": "worldcover-grassland", "verified": false}}, {"type": "Feature", "geometry": {"type": "Point", "coordinates": [8.17176, 6.14584]}, "properties": {"id": "wc-254", "class": 0, "date": "2025-07-15", "source": "worldcover-grassland", "verified": false}}, {"type": "Feature", "geometry": {"type": "Point", "coordinates": [6.12765, 6.00786]}, "properties": {"id": "wc-255", "class": 0, "date": "2025-02-15", "source": "worldcover-grassland", "verified": false}}, {"type": "Feature", "geometry": {"type": "Point", "coordinates": [6.47988, 6.56976]}, "properties": {"id": "wc-256", "class": 0, "date": "2019-05-15", "source": "worldcover-grassland", "verified": false}}, {"type": "Feature", "geometry": {"type": "Point", "coordinates": [7.48509, 4.64799]}, "properties": {"id": "wc-257", "class": 0, "date": "2023-02-15", "source": "worldcover-grassland", "verified": false}}, {"type": "Feature", "geometry": {"type": "Point", "coordinates": [7.93164, 6.34177]}, "properties": {"id": "wc-258", "class": 0, "date": "2025-05-15", "source": "worldcover-grassland", "verified": false}}, {"type": "Feature", "geometry": {"type": "Point", "coordinates": [5.9673, 5.3503]}, "properties": {"id": "wc-259", "class": 0, "date": "2020-08-15", "source": "worldcover-grassland", "verified": false}}, {"type": "Feature", "geometry": {"type": "Point", "coordinates": [5.67867, 6.24798]}, "properties": {"id": "wc-260", "class": 0, "date": "2022-09-15", "source": "worldcover-grassland", "verified": false}}, {"type": "Feature", "geometry": {"type": "Point", "coordinates": [5.1766, 6.29245]}, "properties": {"id": "wc-261", "class": 0, "date": "2021-03-15", "source": "worldcover-grassland", "verified": false}}, {"type": "Feature", "geometry": {"type": "Point", "coordinates": [7.76186, 5.27376]}, "properties": {"id": "wc-262", "class": 0, "date": "2017-08-15", "source": "worldcover-grassland", "verified": false}}, {"type": "Feature", "geometry": {"type": "Point", "coordinates": [6.61624, 6.18977]}, "properties": {"id": "wc-263", "class": 0, "date": "2023-05-15", "source": "worldcover-grassland", "verified": false}}, {"type": "Feature", "geometry": {"type": "Point", "coordinates": [7.37595, 4.72507]}, "properties": {"id": "wc-264", "class": 0, "date": "2025-06-15", "source": "worldcover-grassland", "verified": false}}, {"type": "Feature", "geometry": {"type": "Point", "coordinates": [6.1131, 5.84724]}, "properties": {"id": "wc-265", "class": 0, "date": "2018-01-15", "source": "worldcover-grassland", "verified": false}}, {"type": "Feature", "geometry": {"type": "Point", "coordinates": [6.41547, 6.34365]}, "properties": {"id": "wc-266", "class": 0, "date": "2025-08-15", "source": "worldcover-grassland", "verified": false}}, {"type": "Feature", "geometry": {"type": "Point", "coordinates": [7.47027, 6.40968]}, "properties": {"id": "wc-267", "class": 0, "date": "2017-08-15", "source": "worldcover-grassland", "verified": false}}, {"type": "Feature", "geometry": {"type": "Point", "coordinates": [6.3136, 5.36862]}, "properties": {"id": "wc-268", "class": 0, "date": "2017-12-15", "source": "worldcover-grassland", "verified": false}}, {"type": "Feature", "geometry": {"type": "Point", "coordinates": [7.55678, 6.28922]}, "properties": {"id": "wc-269", "class": 0, "date": "2019-02-15", "source": "worldcover-grassland", "verified": false}}, {"type": "Feature", "geometry": {"type": "Point", "coordinates": [8.42886, 6.40537]}, "properties": {"id": "wc-270", "class": 0, "date": "2018-08-15", "source": "worldcover-grassland", "verified": false}}, {"type": "Feature", "geometry": {"type": "Point", "coordinates": [7.77561, 6.12267]}, "properties": {"id": "wc-271", "class": 0, "date": "2019-06-15", "source": "worldcover-grassland", "verified": false}}, {"type": "Feature", "geometry": {"type": "Point", "coordinates": [7.36355, 6.43474]}, "properties": {"id": "wc-272", "class": 0, "date": "2022-10-15", "source": "worldcover-grassland", "verified": false}}, {"type": "Feature", "geometry": {"type": "Point", "coordinates": [5.90963, 5.4298]}, "properties": {"id": "wc-273", "class": 0, "date": "2025-03-15", "source": "worldcover-grassland", "verified": false}}, {"type": "Feature", "geometry": {"type": "Point", "coordinates": [5.93226, 5.86988]}, "properties": {"id": "wc-274", "class": 0, "date": "2018-11-15", "source": "worldcover-grassland", "verified": false}}, {"type": "Feature", "geometry": {"type": "Point", "coordinates": [5.23158, 6.19031]}, "properties": {"id": "wc-275", "class": 0, "date": "2017-03-15", "source": "worldcover-grassland", "verified": false}}, {"type": "Feature", "geometry": {"type": "Point", "coordinates": [6.51464, 6.38516]}, "properties": {"id": "wc-276", "class": 0, "date": "2021-05-15", "source": "worldcover-grassland", "verified": false}}, {"type": "Feature", "geometry": {"type": "Point", "coordinates": [6.50521, 6.35821]}, "properties": {"id": "wc-277", "class": 0, "date": "2020-03-15", "source": "worldcover-grassland", "verified": false}}, {"type": "Feature", "geometry": {"type": "Point", "coordinates": [8.50486, 4.97327]}, "properties": {"id": "wc-278", "class": 0, "date": "2024-11-15", "source": "worldcover-grassland", "verified": false}}, {"type": "Feature", "geometry": {"type": "Point", "coordinates": [6.08749, 5.80251]}, "properties": {"id": "wc-279", "class": 0, "date": "2023-03-15", "source": "worldcover-grassland", "verified": false}}, {"type": "Feature", "geometry": {"type": "Point", "coordinates": [6.03063, 5.88416]}, "properties": {"id": "wc-280", "class": 0, "date": "2024-08-15", "source": "worldcover-grassland", "verified": false}}, {"type": "Feature", "geometry": {"type": "Point", "coordinates": [7.94862, 5.93833]}, "properties": {"id": "wc-281", "class": 0, "date": "2024-12-15", "source": "worldcover-grassland", "verified": false}}, {"type": "Feature", "geometry": {"type": "Point", "coordinates": [5.87271, 6.01406]}, "properties": {"id": "wc-282", "class": 0, "date": "2021-11-15", "source": "worldcover-grassland", "verified": false}}, {"type": "Feature", "geometry": {"type": "Point", "coordinates": [6.23248, 5.76397]}, "properties": {"id": "wc-283", "class": 0, "date": "2022-07-15", "source": "worldcover-grassland", "verified": false}}, {"type": "Feature", "geometry": {"type": "Point", "coordinates": [8.16125, 5.86638]}, "properties": {"id": "wc-284", "class": 0, "date": "2021-01-15", "source": "worldcover-grassland", "verified": false}}, {"type": "Feature", "geometry": {"type": "Point", "coordinates": [6.29231, 6.32964]}, "properties": {"id": "wc-285", "class": 0, "date": "2020-08-15", "source": "worldcover-grassland", "verified": false}}, {"type": "Feature", "geometry": {"type": "Point", "coordinates": [6.22521, 5.47992]}, "properties": {"id": "wc-286", "class": 0, "date": "2021-08-15", "source": "worldcover-grassland", "verified": false}}, {"type": "Feature", "geometry": {"type": "Point", "coordinates": [5.91906, 5.98064]}, "properties": {"id": "wc-287", "class": 0, "date": "2025-04-15", "source": "worldcover-grassland", "verified": false}}, {"type": "Feature", "geometry": {"type": "Point", "coordinates": [6.40172, 6.23451]}, "properties": {"id": "wc-288", "class": 0, "date": "2018-08-15", "source": "worldcover-grassland", "verified": false}}, {"type": "Feature", "geometry": {"type": "Point", "coordinates": [5.95355, 5.44731]}, "properties": {"id": "wc-289", "class": 0, "date": "2020-03-15", "source": "worldcover-grassland", "verified": false}}, {"type": "Feature", "geometry": {"type": "Point", "coordinates": [6.16107, 5.45971]}, "properties": {"id": "wc-290", "class": 0, "date": "2019-06-15", "source": "worldcover-grassland", "verified": false}}, {"type": "Feature", "geometry": {"type": "Point", "coordinates": [7.94647, 4.75929]}, "properties": {"id": "wc-291", "class": 0, "date": "2022-07-15", "source": "worldcover-grassland", "verified": false}}, {"type": "Feature", "geometry": {"type": "Point", "coordinates": [5.78755, 6.05449]}, "properties": {"id": "wc-292", "class": 0, "date": "2019-01-15", "source": "worldcover-grassland", "verified": false}}, {"type": "Feature", "geometry": {"type": "Point", "coordinates": [7.96964, 6.05718]}, "properties": {"id": "wc-293", "class": 0, "date": "2024-05-15", "source": "worldcover-grassland", "verified": false}}, {"type": "Feature", "geometry": {"type": "Point", "coordinates": [6.09315, 5.64943]}, "properties": {"id": "wc-294", "class": 0, "date": "2019-02-15", "source": "worldcover-grassland", "verified": false}}, {"type": "Feature", "geometry": {"type": "Point", "coordinates": [6.42409, 5.80224]}, "properties": {"id": "wc-295", "class": 0, "date": "2022-02-15", "source": "worldcover-grassland", "verified": false}}, {"type": "Feature", "geometry": {"type": "Point", "coordinates": [7.12289, 4.94336]}, "properties": {"id": "wc-296", "class": 0, "date": "2025-01-15", "source": "worldcover-grassland", "verified": false}}, {"type": "Feature", "geometry": {"type": "Point", "coordinates": [6.80866, 5.48909]}, "properties": {"id": "wc-297", "class": 0, "date": "2020-06-15", "source": "worldcover-grassland", "verified": false}}, {"type": "Feature", "geometry": {"type": "Point", "coordinates": [5.8851, 5.36431]}, "properties": {"id": "wc-298", "class": 0, "date": "2018-10-15", "source": "worldcover-grassland", "verified": false}}, {"type": "Feature", "geometry": {"type": "Point", "coordinates": [8.03917, 6.23586]}, "properties": {"id": "wc-299", "class": 0, "date": "2019-09-15", "source": "worldcover-grassland", "verified": false}}, {"type": "Feature", "geometry": {"type": "Point", "coordinates": [8.3526, 6.25149]}, "properties": {"id": "wc-300", "class": 0, "date": "2022-04-15", "source": "worldcover-cropland", "verified": false}}, {"type": "Feature", "geometry": {"type": "Point", "coordinates": [8.39329, 6.10596]}, "properties": {"id": "wc-301", "class": 0, "date": "2022-02-15", "source": "worldcover-cropland", "verified": false}}, {"type": "Feature", "geometry": {"type": "Point", "coordinates": [6.47233, 5.97822]}, "properties": {"id": "wc-302", "class": 0, "date": "2017-07-15", "source": "worldcover-cropland", "verified": false}}, {"type": "Feature", "geometry": {"type": "Point", "coordinates": [7.65514, 6.02484]}, "properties": {"id": "wc-303", "class": 0, "date": "2023-08-15", "source": "worldcover-cropland", "verified": false}}, {"type": "Feature", "geometry": {"type": "Point", "coordinates": [6.72512, 5.9863]}, "properties": {"id": "wc-304", "class": 0, "date": "2019-10-15", "source": "worldcover-cropland", "verified": false}}, {"type": "Feature", "geometry": {"type": "Point", "coordinates": [7.98015, 5.93914]}, "properties": {"id": "wc-305", "class": 0, "date": "2023-06-15", "source": "worldcover-cropland", "verified": false}}, {"type": "Feature", "geometry": {"type": "Point", "coordinates": [6.62783, 6.23532]}, "properties": {"id": "wc-306", "class": 0, "date": "2018-01-15", "source": "worldcover-cropland", "verified": false}}, {"type": "Feature", "geometry": {"type": "Point", "coordinates": [6.51788, 6.09976]}, "properties": {"id": "wc-307", "class": 0, "date": "2020-04-15", "source": "worldcover-cropland", "verified": false}}, {"type": "Feature", "geometry": {"type": "Point", "coordinates": [6.88789, 5.76424]}, "properties": {"id": "wc-308", "class": 0, "date": "2024-12-15", "source": "worldcover-cropland", "verified": false}}, {"type": "Feature", "geometry": {"type": "Point", "coordinates": [8.01896, 6.58916]}, "properties": {"id": "wc-309", "class": 0, "date": "2021-02-15", "source": "worldcover-cropland", "verified": false}}, {"type": "Feature", "geometry": {"type": "Point", "coordinates": [6.91942, 6.33799]}, "properties": {"id": "wc-310", "class": 0, "date": "2025-01-15", "source": "worldcover-cropland", "verified": false}}, {"type": "Feature", "geometry": {"type": "Point", "coordinates": [7.65919, 5.88848]}, "properties": {"id": "wc-311", "class": 0, "date": "2024-09-15", "source": "worldcover-cropland", "verified": false}}, {"type": "Feature", "geometry": {"type": "Point", "coordinates": [5.98428, 5.37428]}, "properties": {"id": "wc-312", "class": 0, "date": "2018-08-15", "source": "worldcover-cropland", "verified": false}}, {"type": "Feature", "geometry": {"type": "Point", "coordinates": [8.24507, 6.32991]}, "properties": {"id": "wc-313", "class": 0, "date": "2017-03-15", "source": "worldcover-cropland", "verified": false}}, {"type": "Feature", "geometry": {"type": "Point", "coordinates": [6.99596, 6.45415]}, "properties": {"id": "wc-314", "class": 0, "date": "2023-10-15", "source": "worldcover-cropland", "verified": false}}, {"type": "Feature", "geometry": {"type": "Point", "coordinates": [7.02884, 6.31724]}, "properties": {"id": "wc-315", "class": 0, "date": "2020-04-15", "source": "worldcover-cropland", "verified": false}}, {"type": "Feature", "geometry": {"type": "Point", "coordinates": [8.04968, 6.30026]}, "properties": {"id": "wc-316", "class": 0, "date": "2023-01-15", "source": "worldcover-cropland", "verified": false}}, {"type": "Feature", "geometry": {"type": "Point", "coordinates": [8.19171, 6.48433]}, "properties": {"id": "wc-317", "class": 0, "date": "2020-12-15", "source": "worldcover-cropland", "verified": false}}, {"type": "Feature", "geometry": {"type": "Point", "coordinates": [7.55516, 6.06904]}, "properties": {"id": "wc-318", "class": 0, "date": "2022-12-15", "source": "worldcover-cropland", "verified": false}}, {"type": "Feature", "geometry": {"type": "Point", "coordinates": [8.26474, 6.41426]}, "properties": {"id": "wc-319", "class": 0, "date": "2022-10-15", "source": "worldcover-cropland", "verified": false}}, {"type": "Feature", "geometry": {"type": "Point", "coordinates": [7.03207, 6.28895]}, "properties": {"id": "wc-320", "class": 0, "date": "2024-07-15", "source": "worldcover-cropland", "verified": false}}, {"type": "Feature", "geometry": {"type": "Point", "coordinates": [7.93191, 6.36036]}, "properties": {"id": "wc-321", "class": 0, "date": "2018-04-15", "source": "worldcover-cropland", "verified": false}}, {"type": "Feature", "geometry": {"type": "Point", "coordinates": [7.95832, 6.50212]}, "properties": {"id": "wc-322", "class": 0, "date": "2017-06-15", "source": "worldcover-cropland", "verified": false}}, {"type": "Feature", "geometry": {"type": "Point", "coordinates": [6.68308, 6.50778]}, "properties": {"id": "wc-323", "class": 0, "date": "2025-03-15", "source": "worldcover-cropland", "verified": false}}, {"type": "Feature", "geometry": {"type": "Point", "coordinates": [7.65164, 6.0561]}, "properties": {"id": "wc-324", "class": 0, "date": "2019-06-15", "source": "worldcover-cropland", "verified": false}}, {"type": "Feature", "geometry": {"type": "Point", "coordinates": [8.1335, 6.4811]}, "properties": {"id": "wc-325", "class": 0, "date": "2024-05-15", "source": "worldcover-cropland", "verified": false}}, {"type": "Feature", "geometry": {"type": "Point", "coordinates": [7.59289, 6.4819]}, "properties": {"id": "wc-326", "class": 0, "date": "2023-09-15", "source": "worldcover-cropland", "verified": false}}, {"type": "Feature", "geometry": {"type": "Point", "coordinates": [6.83103, 5.74807]}, "properties": {"id": "wc-327", "class": 0, "date": "2023-07-15", "source": "worldcover-cropland", "verified": false}}, {"type": "Feature", "geometry": {"type": "Point", "coordinates": [8.2006, 6.17737]}, "properties": {"id": "wc-328", "class": 0, "date": "2023-01-15", "source": "worldcover-cropland", "verified": false}}, {"type": "Feature", "geometry": {"type": "Point", "coordinates": [7.68209, 5.98523]}, "properties": {"id": "wc-329", "class": 0, "date": "2019-10-15", "source": "worldcover-cropland", "verified": false}}, {"type": "Feature", "geometry": {"type": "Point", "coordinates": [8.24049, 6.59105]}, "properties": {"id": "wc-330", "class": 0, "date": "2021-12-15", "source": "worldcover-cropland", "verified": false}}, {"type": "Feature", "geometry": {"type": "Point", "coordinates": [7.75243, 5.9227]}, "properties": {"id": "wc-331", "class": 0, "date": "2022-05-15", "source": "worldcover-cropland", "verified": false}}, {"type": "Feature", "geometry": {"type": "Point", "coordinates": [6.51518, 6.09221]}, "properties": {"id": "wc-332", "class": 0, "date": "2018-12-15", "source": "worldcover-cropland", "verified": false}}, {"type": "Feature", "geometry": {"type": "Point", "coordinates": [8.3437, 6.29272]}, "properties": {"id": "wc-333", "class": 0, "date": "2022-01-15", "source": "worldcover-cropland", "verified": false}}, {"type": "Feature", "geometry": {"type": "Point", "coordinates": [7.69557, 6.27628]}, "properties": {"id": "wc-334", "class": 0, "date": "2025-05-15", "source": "worldcover-cropland", "verified": false}}, {"type": "Feature", "geometry": {"type": "Point", "coordinates": [8.11005, 5.97471]}, "properties": {"id": "wc-335", "class": 0, "date": "2025-09-15", "source": "worldcover-cropland", "verified": false}}, {"type": "Feature", "geometry": {"type": "Point", "coordinates": [6.77632, 6.40618]}, "properties": {"id": "wc-336", "class": 0, "date": "2021-04-15", "source": "worldcover-cropland", "verified": false}}, {"type": "Feature", "geometry": {"type": "Point", "coordinates": [8.17311, 6.25984]}, "properties": {"id": "wc-337", "class": 0, "date": "2019-07-15", "source": "worldcover-cropland", "verified": false}}, {"type": "Feature", "geometry": {"type": "Point", "coordinates": [8.09226, 5.95801]}, "properties": {"id": "wc-338", "class": 0, "date": "2022-03-15", "source": "worldcover-cropland", "verified": false}}, {"type": "Feature", "geometry": {"type": "Point", "coordinates": [6.76797, 6.24394]}, "properties": {"id": "wc-339", "class": 0, "date": "2021-07-15", "source": "worldcover-cropland", "verified": false}}, {"type": "Feature", "geometry": {"type": "Point", "coordinates": [7.95752, 6.39297]}, "properties": {"id": "wc-340", "class": 0, "date": "2020-07-15", "source": "worldcover-cropland", "verified": false}}, {"type": "Feature", "geometry": {"type": "Point", "coordinates": [8.2801, 6.3927]}, "properties": {"id": "wc-341", "class": 0, "date": "2022-04-15", "source": "worldcover-cropland", "verified": false}}, {"type": "Feature", "geometry": {"type": "Point", "coordinates": [6.72269, 5.93052]}, "properties": {"id": "wc-342", "class": 0, "date": "2019-10-15", "source": "worldcover-cropland", "verified": false}}, {"type": "Feature", "geometry": {"type": "Point", "coordinates": [8.29654, 6.32344]}, "properties": {"id": "wc-343", "class": 0, "date": "2020-08-15", "source": "worldcover-cropland", "verified": false}}, {"type": "Feature", "geometry": {"type": "Point", "coordinates": [8.2898, 6.29973]}, "properties": {"id": "wc-344", "class": 0, "date": "2025-03-15", "source": "worldcover-cropland", "verified": false}}, {"type": "Feature", "geometry": {"type": "Point", "coordinates": [8.4162, 6.3733]}, "properties": {"id": "wc-345", "class": 0, "date": "2019-05-15", "source": "worldcover-cropland", "verified": false}}, {"type": "Feature", "geometry": {"type": "Point", "coordinates": [7.04582, 6.43744]}, "properties": {"id": "wc-346", "class": 0, "date": "2018-12-15", "source": "worldcover-cropland", "verified": false}}, {"type": "Feature", "geometry": {"type": "Point", "coordinates": [6.92158, 6.24367]}, "properties": {"id": "wc-347", "class": 0, "date": "2021-09-15", "source": "worldcover-cropland", "verified": false}}, {"type": "Feature", "geometry": {"type": "Point", "coordinates": [6.71757, 6.25957]}, "properties": {"id": "wc-348", "class": 0, "date": "2018-05-15", "source": "worldcover-cropland", "verified": false}}, {"type": "Feature", "geometry": {"type": "Point", "coordinates": [7.15846, 6.44337]}, "properties": {"id": "wc-349", "class": 0, "date": "2023-09-15", "source": "worldcover-cropland", "verified": false}}, {"type": "Feature", "geometry": {"type": "Point", "coordinates": [8.3057, 6.18977]}, "properties": {"id": "wc-350", "class": 0, "date": "2018-02-15", "source": "worldcover-cropland", "verified": false}}, {"type": "Feature", "geometry": {"type": "Point", "coordinates": [8.56145, 6.5517]}, "properties": {"id": "wc-351", "class": 0, "date": "2019-07-15", "source": "worldcover-cropland", "verified": false}}, {"type": "Feature", "geometry": {"type": "Point", "coordinates": [8.09927, 6.46762]}, "properties": {"id": "wc-352", "class": 0, "date": "2025-10-15", "source": "worldcover-cropland", "verified": false}}, {"type": "Feature", "geometry": {"type": "Point", "coordinates": [6.68523, 6.32398]}, "properties": {"id": "wc-353", "class": 0, "date": "2022-08-15", "source": "worldcover-cropland", "verified": false}}, {"type": "Feature", "geometry": {"type": "Point", "coordinates": [7.63331, 6.08844]}, "properties": {"id": "wc-354", "class": 0, "date": "2025-12-15", "source": "worldcover-cropland", "verified": false}}, {"type": "Feature", "geometry": {"type": "Point", "coordinates": [8.00468, 6.5959]}, "properties": {"id": "wc-355", "class": 0, "date": "2020-03-15", "source": "worldcover-cropland", "verified": false}}, {"type": "Feature", "geometry": {"type": "Point", "coordinates": [8.36203, 6.41965]}, "properties": {"id": "wc-356", "class": 0, "date": "2025-03-15", "source": "worldcover-cropland", "verified": false}}, {"type": "Feature", "geometry": {"type": "Point", "coordinates": [7.79016, 6.17711]}, "properties": {"id": "wc-357", "class": 0, "date": "2025-08-15", "source": "worldcover-cropland", "verified": false}}, {"type": "Feature", "geometry": {"type": "Point", "coordinates": [5.71532, 6.10542]}, "properties": {"id": "wc-358", "class": 0, "date": "2022-06-15", "source": "worldcover-cropland", "verified": false}}, {"type": "Feature", "geometry": {"type": "Point", "coordinates": [8.03459, 6.22642]}, "properties": {"id": "wc-359", "class": 0, "date": "2023-10-15", "source": "worldcover-cropland", "verified": false}}, {"type": "Feature", "geometry": {"type": "Point", "coordinates": [8.20949, 6.35713]}, "properties": {"id": "wc-360", "class": 0, "date": "2018-04-15", "source": "worldcover-cropland", "verified": false}}, {"type": "Feature", "geometry": {"type": "Point", "coordinates": [8.03971, 6.01325]}, "properties": {"id": "wc-361", "class": 0, "date": "2017-05-15", "source": "worldcover-cropland", "verified": false}}, {"type": "Feature", "geometry": {"type": "Point", "coordinates": [6.96254, 6.42908]}, "properties": {"id": "wc-362", "class": 0, "date": "2017-03-15", "source": "worldcover-cropland", "verified": false}}, {"type": "Feature", "geometry": {"type": "Point", "coordinates": [8.51187, 6.49646]}, "properties": {"id": "wc-363", "class": 0, "date": "2025-05-15", "source": "worldcover-cropland", "verified": false}}, {"type": "Feature", "geometry": {"type": "Point", "coordinates": [8.56657, 6.55494]}, "properties": {"id": "wc-364", "class": 0, "date": "2017-01-15", "source": "worldcover-cropland", "verified": false}}, {"type": "Feature", "geometry": {"type": "Point", "coordinates": [7.92221, 6.35848]}, "properties": {"id": "wc-365", "class": 0, "date": "2020-07-15", "source": "worldcover-cropland", "verified": false}}, {"type": "Feature", "geometry": {"type": "Point", "coordinates": [7.82924, 6.19893]}, "properties": {"id": "wc-366", "class": 0, "date": "2019-09-15", "source": "worldcover-cropland", "verified": false}}, {"type": "Feature", "geometry": {"type": "Point", "coordinates": [7.91574, 6.27466]}, "properties": {"id": "wc-367", "class": 0, "date": "2019-03-15", "source": "worldcover-cropland", "verified": false}}, {"type": "Feature", "geometry": {"type": "Point", "coordinates": [8.5275, 6.3388]}, "properties": {"id": "wc-368", "class": 0, "date": "2019-07-15", "source": "worldcover-cropland", "verified": false}}, {"type": "Feature", "geometry": {"type": "Point", "coordinates": [8.40811, 6.58701]}, "properties": {"id": "wc-369", "class": 0, "date": "2024-01-15", "source": "worldcover-cropland", "verified": false}}, {"type": "Feature", "geometry": {"type": "Point", "coordinates": [8.31864, 6.05152]}, "properties": {"id": "wc-370", "class": 0, "date": "2018-11-15", "source": "worldcover-cropland", "verified": false}}, {"type": "Feature", "geometry": {"type": "Point", "coordinates": [8.31594, 6.40645]}, "properties": {"id": "wc-371", "class": 0, "date": "2017-05-15", "source": "worldcover-cropland", "verified": false}}, {"type": "Feature", "geometry": {"type": "Point", "coordinates": [8.2863, 6.43286]}, "properties": {"id": "wc-372", "class": 0, "date": "2024-08-15", "source": "worldcover-cropland", "verified": false}}, {"type": "Feature", "geometry": {"type": "Point", "coordinates": [8.2607, 6.32667]}, "properties": {"id": "wc-373", "class": 0, "date": "2024-01-15", "source": "worldcover-cropland", "verified": false}}, {"type": "Feature", "geometry": {"type": "Point", "coordinates": [8.36742, 6.56114]}, "properties": {"id": "wc-374", "class": 0, "date": "2017-08-15", "source": "worldcover-cropland", "verified": false}}, {"type": "Feature", "geometry": {"type": "Point", "coordinates": [6.9329, 6.44903]}, "properties": {"id": "wc-375", "class": 0, "date": "2017-03-15", "source": "worldcover-cropland", "verified": false}}, {"type": "Feature", "geometry": {"type": "Point", "coordinates": [8.13323, 6.17037]}, "properties": {"id": "wc-376", "class": 0, "date": "2025-07-15", "source": "worldcover-cropland", "verified": false}}, {"type": "Feature", "geometry": {"type": "Point", "coordinates": [8.43991, 6.17603]}, "properties": {"id": "wc-377", "class": 0, "date": "2025-07-15", "source": "worldcover-cropland", "verified": false}}, {"type": "Feature", "geometry": {"type": "Point", "coordinates": [8.2068, 6.05341]}, "properties": {"id": "wc-378", "class": 0, "date": "2023-11-15", "source": "worldcover-cropland", "verified": false}}, {"type": "Feature", "geometry": {"type": "Point", "coordinates": [8.32079, 6.38596]}, "properties": {"id": "wc-379", "class": 0, "date": "2025-12-15", "source": "worldcover-cropland", "verified": false}}, {"type": "Feature", "geometry": {"type": "Point", "coordinates": [6.59684, 6.32614]}, "properties": {"id": "wc-380", "class": 0, "date": "2020-08-15", "source": "worldcover-cropland", "verified": false}}, {"type": "Feature", "geometry": {"type": "Point", "coordinates": [8.05858, 5.87312]}, "properties": {"id": "wc-381", "class": 0, "date": "2021-04-15", "source": "worldcover-cropland", "verified": false}}, {"type": "Feature", "geometry": {"type": "Point", "coordinates": [7.74435, 6.23639]}, "properties": {"id": "wc-382", "class": 0, "date": "2023-02-15", "source": "worldcover-cropland", "verified": false}}, {"type": "Feature", "geometry": {"type": "Point", "coordinates": [7.91979, 6.43178]}, "properties": {"id": "wc-383", "class": 0, "date": "2021-01-15", "source": "worldcover-cropland", "verified": false}}, {"type": "Feature", "geometry": {"type": "Point", "coordinates": [7.84083, 5.90842]}, "properties": {"id": "wc-384", "class": 0, "date": "2017-03-15", "source": "worldcover-cropland", "verified": false}}, {"type": "Feature", "geometry": {"type": "Point", "coordinates": [7.88826, 6.19004]}, "properties": {"id": "wc-385", "class": 0, "date": "2017-10-15", "source": "worldcover-cropland", "verified": false}}, {"type": "Feature", "geometry": {"type": "Point", "coordinates": [6.95149, 4.89539]}, "properties": {"id": "wc-386", "class": 0, "date": "2025-05-15", "source": "worldcover-cropland", "verified": false}}, {"type": "Feature", "geometry": {"type": "Point", "coordinates": [8.1335, 6.50912]}, "properties": {"id": "wc-387", "class": 0, "date": "2021-03-15", "source": "worldcover-cropland", "verified": false}}, {"type": "Feature", "geometry": {"type": "Point", "coordinates": [7.84999, 6.53338]}, "properties": {"id": "wc-388", "class": 0, "date": "2022-01-15", "source": "worldcover-cropland", "verified": false}}, {"type": "Feature", "geometry": {"type": "Point", "coordinates": [7.86212, 5.82757]}, "properties": {"id": "wc-389", "class": 0, "date": "2019-09-15", "source": "worldcover-cropland", "verified": false}}, {"type": "Feature", "geometry": {"type": "Point", "coordinates": [6.81728, 5.89602]}, "properties": {"id": "wc-390", "class": 0, "date": "2024-04-15", "source": "worldcover-cropland", "verified": false}}, {"type": "Feature", "geometry": {"type": "Point", "coordinates": [6.60331, 5.62949]}, "properties": {"id": "wc-391", "class": 0, "date": "2024-05-15", "source": "worldcover-cropland", "verified": false}}, {"type": "Feature", "geometry": {"type": "Point", "coordinates": [8.14751, 6.40698]}, "properties": {"id": "wc-392", "class": 0, "date": "2017-12-15", "source": "worldcover-cropland", "verified": false}}, {"type": "Feature", "geometry": {"type": "Point", "coordinates": [7.51608, 6.03293]}, "properties": {"id": "wc-393", "class": 0, "date": "2023-10-15", "source": "worldcover-cropland", "verified": false}}, {"type": "Feature", "geometry": {"type": "Point", "coordinates": [6.00961, 5.31445]}, "properties": {"id": "wc-394", "class": 0, "date": "2017-07-15", "source": "worldcover-cropland", "verified": false}}, {"type": "Feature", "geometry": {"type": "Point", "coordinates": [8.35987, 6.39755]}, "properties": {"id": "wc-395", "class": 0, "date": "2024-02-15", "source": "worldcover-cropland", "verified": false}}, {"type": "Feature", "geometry": {"type": "Point", "coordinates": [7.55031, 6.25661]}, "properties": {"id": "wc-396", "class": 0, "date": "2018-03-15", "source": "worldcover-cropland", "verified": false}}, {"type": "Feature", "geometry": {"type": "Point", "coordinates": [7.69287, 5.92863]}, "properties": {"id": "wc-397", "class": 0, "date": "2021-03-15", "source": "worldcover-cropland", "verified": false}}, {"type": "Feature", "geometry": {"type": "Point", "coordinates": [7.9497, 5.99223]}, "properties": {"id": "wc-398", "class": 0, "date": "2025-11-15", "source": "worldcover-cropland", "verified": false}}, {"type": "Feature", "geometry": {"type": "Point", "coordinates": [8.1467, 6.49915]}, "properties": {"id": "wc-399", "class": 0, "date": "2023-04-15", "source": "worldcover-cropland", "verified": false}}, {"type": "Feature", "geometry": {"type": "Point", "coordinates": [6.7014, 6.39001]}, "properties": {"id": "wc-400", "class": 0, "date": "2022-03-15", "source": "worldcover-cropland", "verified": false}}, {"type": "Feature", "geometry": {"type": "Point", "coordinates": [7.8543, 5.8874]}, "properties": {"id": "wc-401", "class": 0, "date": "2024-07-15", "source": "worldcover-cropland", "verified": false}}, {"type": "Feature", "geometry": {"type": "Point", "coordinates": [6.80004, 5.75777]}, "properties": {"id": "wc-402", "class": 0, "date": "2024-09-15", "source": "worldcover-cropland", "verified": false}}, {"type": "Feature", "geometry": {"type": "Point", "coordinates": [8.01492, 6.04047]}, "properties": {"id": "wc-403", "class": 0, "date": "2019-08-15", "source": "worldcover-cropland", "verified": false}}, {"type": "Feature", "geometry": {"type": "Point", "coordinates": [6.94907, 6.43016]}, "properties": {"id": "wc-404", "class": 0, "date": "2019-07-15", "source": "worldcover-cropland", "verified": false}}, {"type": "Feature", "geometry": {"type": "Point", "coordinates": [7.68587, 6.1383]}, "properties": {"id": "wc-405", "class": 0, "date": "2018-08-15", "source": "worldcover-cropland", "verified": false}}, {"type": "Feature", "geometry": {"type": "Point", "coordinates": [7.96991, 6.40106]}, "properties": {"id": "wc-406", "class": 0, "date": "2018-12-15", "source": "worldcover-cropland", "verified": false}}, {"type": "Feature", "geometry": {"type": "Point", "coordinates": [8.33643, 6.39513]}, "properties": {"id": "wc-407", "class": 0, "date": "2021-05-15", "source": "worldcover-cropland", "verified": false}}, {"type": "Feature", "geometry": {"type": "Point", "coordinates": [8.05211, 6.03293]}, "properties": {"id": "wc-408", "class": 0, "date": "2021-08-15", "source": "worldcover-cropland", "verified": false}}, {"type": "Feature", "geometry": {"type": "Point", "coordinates": [7.26087, 6.02457]}, "properties": {"id": "wc-409", "class": 0, "date": "2024-08-15", "source": "worldcover-cropland", "verified": false}}, {"type": "Feature", "geometry": {"type": "Point", "coordinates": [7.14391, 6.31643]}, "properties": {"id": "wc-410", "class": 0, "date": "2018-03-15", "source": "worldcover-cropland", "verified": false}}, {"type": "Feature", "geometry": {"type": "Point", "coordinates": [8.15344, 6.51047]}, "properties": {"id": "wc-411", "class": 0, "date": "2017-12-15", "source": "worldcover-cropland", "verified": false}}, {"type": "Feature", "geometry": {"type": "Point", "coordinates": [8.56065, 6.49969]}, "properties": {"id": "wc-412", "class": 0, "date": "2017-04-15", "source": "worldcover-cropland", "verified": false}}, {"type": "Feature", "geometry": {"type": "Point", "coordinates": [8.11328, 6.1127]}, "properties": {"id": "wc-413", "class": 0, "date": "2024-07-15", "source": "worldcover-cropland", "verified": false}}, {"type": "Feature", "geometry": {"type": "Point", "coordinates": [7.87128, 5.92028]}, "properties": {"id": "wc-414", "class": 0, "date": "2017-01-15", "source": "worldcover-cropland", "verified": false}}, {"type": "Feature", "geometry": {"type": "Point", "coordinates": [7.59262, 6.4086]}, "properties": {"id": "wc-415", "class": 0, "date": "2019-02-15", "source": "worldcover-cropland", "verified": false}}, {"type": "Feature", "geometry": {"type": "Point", "coordinates": [7.95213, 6.4051]}, "properties": {"id": "wc-416", "class": 0, "date": "2021-07-15", "source": "worldcover-cropland", "verified": false}}, {"type": "Feature", "geometry": {"type": "Point", "coordinates": [6.44511, 5.77367]}, "properties": {"id": "wc-417", "class": 0, "date": "2023-04-15", "source": "worldcover-cropland", "verified": false}}, {"type": "Feature", "geometry": {"type": "Point", "coordinates": [7.87828, 6.345]}, "properties": {"id": "wc-418", "class": 0, "date": "2022-06-15", "source": "worldcover-cropland", "verified": false}}, {"type": "Feature", "geometry": {"type": "Point", "coordinates": [7.7907, 6.56922]}, "properties": {"id": "wc-419", "class": 0, "date": "2024-02-15", "source": "worldcover-cropland", "verified": false}}, {"type": "Feature", "geometry": {"type": "Point", "coordinates": [7.94431, 6.33045]}, "properties": {"id": "wc-420", "class": 0, "date": "2025-02-15", "source": "worldcover-cropland", "verified": false}}, {"type": "Feature", "geometry": {"type": "Point", "coordinates": [7.08516, 6.40321]}, "properties": {"id": "wc-421", "class": 0, "date": "2018-02-15", "source": "worldcover-cropland", "verified": false}}, {"type": "Feature", "geometry": {"type": "Point", "coordinates": [7.62334, 6.52179]}, "properties": {"id": "wc-422", "class": 0, "date": "2021-05-15", "source": "worldcover-cropland", "verified": false}}, {"type": "Feature", "geometry": {"type": "Point", "coordinates": [7.94296, 6.35389]}, "properties": {"id": "wc-423", "class": 0, "date": "2019-02-15", "source": "worldcover-cropland", "verified": false}}, {"type": "Feature", "geometry": {"type": "Point", "coordinates": [7.60987, 6.09572]}, "properties": {"id": "wc-424", "class": 0, "date": "2020-07-15", "source": "worldcover-cropland", "verified": false}}, {"type": "Feature", "geometry": {"type": "Point", "coordinates": [8.00387, 6.38489]}, "properties": {"id": "wc-425", "class": 0, "date": "2017-05-15", "source": "worldcover-cropland", "verified": false}}, {"type": "Feature", "geometry": {"type": "Point", "coordinates": [7.15496, 6.32991]}, "properties": {"id": "wc-426", "class": 0, "date": "2024-08-15", "source": "worldcover-cropland", "verified": false}}, {"type": "Feature", "geometry": {"type": "Point", "coordinates": [8.21434, 6.51532]}, "properties": {"id": "wc-427", "class": 0, "date": "2025-11-15", "source": "worldcover-cropland", "verified": false}}, {"type": "Feature", "geometry": {"type": "Point", "coordinates": [8.05561, 6.29272]}, "properties": {"id": "wc-428", "class": 0, "date": "2021-03-15", "source": "worldcover-cropland", "verified": false}}, {"type": "Feature", "geometry": {"type": "Point", "coordinates": [6.75045, 6.20459]}, "properties": {"id": "wc-429", "class": 0, "date": "2023-11-15", "source": "worldcover-cropland", "verified": false}}, {"type": "Feature", "geometry": {"type": "Point", "coordinates": [7.9718, 6.23936]}, "properties": {"id": "wc-430", "class": 0, "date": "2021-04-15", "source": "worldcover-cropland", "verified": false}}, {"type": "Feature", "geometry": {"type": "Point", "coordinates": [8.4294, 6.40698]}, "properties": {"id": "wc-431", "class": 0, "date": "2018-06-15", "source": "worldcover-cropland", "verified": false}}, {"type": "Feature", "geometry": {"type": "Point", "coordinates": [7.90685, 6.35767]}, "properties": {"id": "wc-432", "class": 0, "date": "2020-10-15", "source": "worldcover-cropland", "verified": false}}, {"type": "Feature", "geometry": {"type": "Point", "coordinates": [8.25935, 6.11512]}, "properties": {"id": "wc-433", "class": 0, "date": "2023-06-15", "source": "worldcover-cropland", "verified": false}}, {"type": "Feature", "geometry": {"type": "Point", "coordinates": [8.00872, 5.96151]}, "properties": {"id": "wc-434", "class": 0, "date": "2023-08-15", "source": "worldcover-cropland", "verified": false}}, {"type": "Feature", "geometry": {"type": "Point", "coordinates": [8.37119, 6.40995]}, "properties": {"id": "wc-435", "class": 0, "date": "2017-02-15", "source": "worldcover-cropland", "verified": false}}, {"type": "Feature", "geometry": {"type": "Point", "coordinates": [8.27768, 6.12294]}, "properties": {"id": "wc-436", "class": 0, "date": "2020-06-15", "source": "worldcover-cropland", "verified": false}}, {"type": "Feature", "geometry": {"type": "Point", "coordinates": [8.2677, 6.08009]}, "properties": {"id": "wc-437", "class": 0, "date": "2025-05-15", "source": "worldcover-cropland", "verified": false}}, {"type": "Feature", "geometry": {"type": "Point", "coordinates": [7.06064, 6.27897]}, "properties": {"id": "wc-438", "class": 0, "date": "2019-05-15", "source": "worldcover-cropland", "verified": false}}, {"type": "Feature", "geometry": {"type": "Point", "coordinates": [7.9753, 6.27709]}, "properties": {"id": "wc-439", "class": 0, "date": "2024-05-15", "source": "worldcover-cropland", "verified": false}}, {"type": "Feature", "geometry": {"type": "Point", "coordinates": [8.48357, 6.34311]}, "properties": {"id": "wc-440", "class": 0, "date": "2018-11-15", "source": "worldcover-cropland", "verified": false}}, {"type": "Feature", "geometry": {"type": "Point", "coordinates": [7.8985, 5.95585]}, "properties": {"id": "wc-441", "class": 0, "date": "2025-06-15", "source": "worldcover-cropland", "verified": false}}, {"type": "Feature", "geometry": {"type": "Point", "coordinates": [8.35152, 6.27331]}, "properties": {"id": "wc-442", "class": 0, "date": "2025-02-15", "source": "worldcover-cropland", "verified": false}}, {"type": "Feature", "geometry": {"type": "Point", "coordinates": [8.0548, 6.48136]}, "properties": {"id": "wc-443", "class": 0, "date": "2019-12-15", "source": "worldcover-cropland", "verified": false}}, {"type": "Feature", "geometry": {"type": "Point", "coordinates": [6.60034, 6.12644]}, "properties": {"id": "wc-444", "class": 0, "date": "2019-10-15", "source": "worldcover-cropland", "verified": false}}, {"type": "Feature", "geometry": {"type": "Point", "coordinates": [7.75135, 6.5296]}, "properties": {"id": "wc-445", "class": 0, "date": "2024-05-15", "source": "worldcover-cropland", "verified": false}}, {"type": "Feature", "geometry": {"type": "Point", "coordinates": [7.92814, 6.42639]}, "properties": {"id": "wc-446", "class": 0, "date": "2020-10-15", "source": "worldcover-cropland", "verified": false}}, {"type": "Feature", "geometry": {"type": "Point", "coordinates": [8.1246, 6.30431]}, "properties": {"id": "wc-447", "class": 0, "date": "2018-11-15", "source": "worldcover-cropland", "verified": false}}, {"type": "Feature", "geometry": {"type": "Point", "coordinates": [7.97908, 6.58566]}, "properties": {"id": "wc-448", "class": 0, "date": "2021-07-15", "source": "worldcover-cropland", "verified": false}}, {"type": "Feature", "geometry": {"type": "Point", "coordinates": [8.52211, 6.48945]}, "properties": {"id": "wc-449", "class": 0, "date": "2020-07-15", "source": "worldcover-cropland", "verified": false}}, {"type": "Feature", "geometry": {"type": "Point", "coordinates": [6.09261, 4.70863]}, "properties": {"id": "wc-450", "class": 0, "date": "2021-04-15", "source": "worldcover-built-up", "verified": false}}, {"type": "Feature", "geometry": {"type": "Point", "coordinates": [7.15604, 4.75498]}, "properties": {"id": "wc-451", "class": 0, "date": "2019-02-15", "source": "worldcover-built-up", "verified": false}}, {"type": "Feature", "geometry": {"type": "Point", "coordinates": [6.0503, 5.88875]}, "properties": {"id": "wc-452", "class": 0, "date": "2023-06-15", "source": "worldcover-built-up", "verified": false}}, {"type": "Feature", "geometry": {"type": "Point", "coordinates": [5.95517, 5.64431]}, "properties": {"id": "wc-453", "class": 0, "date": "2020-12-15", "source": "worldcover-built-up", "verified": false}}, {"type": "Feature", "geometry": {"type": "Point", "coordinates": [6.09261, 6.59132]}, "properties": {"id": "wc-454", "class": 0, "date": "2024-04-15", "source": "worldcover-built-up", "verified": false}}, {"type": "Feature", "geometry": {"type": "Point", "coordinates": [7.13664, 5.7893]}, "properties": {"id": "wc-455", "class": 0, "date": "2022-06-15", "source": "worldcover-built-up", "verified": false}}, {"type": "Feature", "geometry": {"type": "Point", "coordinates": [6.36561, 6.29407]}, "properties": {"id": "wc-456", "class": 0, "date": "2021-06-15", "source": "worldcover-built-up", "verified": false}}, {"type": "Feature", "geometry": {"type": "Point", "coordinates": [7.07681, 4.84203]}, "properties": {"id": "wc-457", "class": 0, "date": "2021-05-15", "source": "worldcover-built-up", "verified": false}}, {"type": "Feature", "geometry": {"type": "Point", "coordinates": [6.72889, 6.16013]}, "properties": {"id": "wc-458", "class": 0, "date": "2018-12-15", "source": "worldcover-built-up", "verified": false}}, {"type": "Feature", "geometry": {"type": "Point", "coordinates": [6.85852, 5.77259]}, "properties": {"id": "wc-459", "class": 0, "date": "2022-02-15", "source": "worldcover-built-up", "verified": false}}, {"type": "Feature", "geometry": {"type": "Point", "coordinates": [7.45275, 4.58601]}, "properties": {"id": "wc-460", "class": 0, "date": "2023-08-15", "source": "worldcover-built-up", "verified": false}}, {"type": "Feature", "geometry": {"type": "Point", "coordinates": [7.03531, 4.80376]}, "properties": {"id": "wc-461", "class": 0, "date": "2024-10-15", "source": "worldcover-built-up", "verified": false}}, {"type": "Feature", "geometry": {"type": "Point", "coordinates": [5.5892, 6.46169]}, "properties": {"id": "wc-462", "class": 0, "date": "2022-09-15", "source": "worldcover-built-up", "verified": false}}, {"type": "Feature", "geometry": {"type": "Point", "coordinates": [7.44009, 5.83485]}, "properties": {"id": "wc-463", "class": 0, "date": "2022-05-15", "source": "worldcover-built-up", "verified": false}}, {"type": "Feature", "geometry": {"type": "Point", "coordinates": [6.48931, 5.92674]}, "properties": {"id": "wc-464", "class": 0, "date": "2018-07-15", "source": "worldcover-built-up", "verified": false}}, {"type": "Feature", "geometry": {"type": "Point", "coordinates": [5.57411, 6.3318]}, "properties": {"id": "wc-465", "class": 0, "date": "2025-06-15", "source": "worldcover-built-up", "verified": false}}, {"type": "Feature", "geometry": {"type": "Point", "coordinates": [7.34253, 4.68168]}, "properties": {"id": "wc-466", "class": 0, "date": "2017-03-15", "source": "worldcover-built-up", "verified": false}}, {"type": "Feature", "geometry": {"type": "Point", "coordinates": [8.00953, 5.30933]}, "properties": {"id": "wc-467", "class": 0, "date": "2019-01-15", "source": "worldcover-built-up", "verified": false}}, {"type": "Feature", "geometry": {"type": "Point", "coordinates": [6.82025, 6.07901]}, "properties": {"id": "wc-468", "class": 0, "date": "2021-06-15", "source": "worldcover-built-up", "verified": false}}, {"type": "Feature", "geometry": {"type": "Point", "coordinates": [6.80085, 6.18357]}, "properties": {"id": "wc-469", "class": 0, "date": "2022-11-15", "source": "worldcover-built-up", "verified": false}}, {"type": "Feature", "geometry": {"type": "Point", "coordinates": [6.96632, 5.4112]}, "properties": {"id": "wc-470", "class": 0, "date": "2022-07-15", "source": "worldcover-built-up", "verified": false}}, {"type": "Feature", "geometry": {"type": "Point", "coordinates": [7.10052, 5.9413]}, "properties": {"id": "wc-471", "class": 0, "date": "2018-11-15", "source": "worldcover-built-up", "verified": false}}, {"type": "Feature", "geometry": {"type": "Point", "coordinates": [7.47512, 6.38785]}, "properties": {"id": "wc-472", "class": 0, "date": "2022-05-15", "source": "worldcover-built-up", "verified": false}}, {"type": "Feature", "geometry": {"type": "Point", "coordinates": [7.0407, 5.53436]}, "properties": {"id": "wc-473", "class": 0, "date": "2024-02-15", "source": "worldcover-built-up", "verified": false}}, {"type": "Feature", "geometry": {"type": "Point", "coordinates": [7.52794, 5.55646]}, "properties": {"id": "wc-474", "class": 0, "date": "2017-06-15", "source": "worldcover-built-up", "verified": false}}, {"type": "Feature", "geometry": {"type": "Point", "coordinates": [8.22324, 4.79406]}, "properties": {"id": "wc-475", "class": 0, "date": "2024-11-15", "source": "worldcover-built-up", "verified": false}}, {"type": "Feature", "geometry": {"type": "Point", "coordinates": [7.47701, 6.45064]}, "properties": {"id": "wc-476", "class": 0, "date": "2019-09-15", "source": "worldcover-built-up", "verified": false}}, {"type": "Feature", "geometry": {"type": "Point", "coordinates": [7.12424, 5.28696]}, "properties": {"id": "wc-477", "class": 0, "date": "2019-03-15", "source": "worldcover-built-up", "verified": false}}, {"type": "Feature", "geometry": {"type": "Point", "coordinates": [5.60402, 6.45603]}, "properties": {"id": "wc-478", "class": 0, "date": "2023-02-15", "source": "worldcover-built-up", "verified": false}}, {"type": "Feature", "geometry": {"type": "Point", "coordinates": [5.81854, 5.46268]}, "properties": {"id": "wc-479", "class": 0, "date": "2024-12-15", "source": "worldcover-built-up", "verified": false}}, {"type": "Feature", "geometry": {"type": "Point", "coordinates": [6.53135, 6.18896]}, "properties": {"id": "wc-480", "class": 0, "date": "2017-02-15", "source": "worldcover-built-up", "verified": false}}, {"type": "Feature", "geometry": {"type": "Point", "coordinates": [7.78639, 4.99052]}, "properties": {"id": "wc-481", "class": 0, "date": "2024-06-15", "source": "worldcover-built-up", "verified": false}}, {"type": "Feature", "geometry": {"type": "Point", "coordinates": [7.31208, 5.21043]}, "properties": {"id": "wc-482", "class": 0, "date": "2018-03-15", "source": "worldcover-built-up", "verified": false}}, {"type": "Feature", "geometry": {"type": "Point", "coordinates": [6.4629, 5.82515]}, "properties": {"id": "wc-483", "class": 0, "date": "2022-10-15", "source": "worldcover-built-up", "verified": false}}, {"type": "Feature", "geometry": {"type": "Point", "coordinates": [6.97548, 4.80214]}, "properties": {"id": "wc-484", "class": 0, "date": "2023-02-15", "source": "worldcover-built-up", "verified": false}}, {"type": "Feature", "geometry": {"type": "Point", "coordinates": [8.33858, 4.95603]}, "properties": {"id": "wc-485", "class": 0, "date": "2023-06-15", "source": "worldcover-built-up", "verified": false}}, {"type": "Feature", "geometry": {"type": "Point", "coordinates": [7.79582, 6.15339]}, "properties": {"id": "wc-486", "class": 0, "date": "2023-04-15", "source": "worldcover-built-up", "verified": false}}, {"type": "Feature", "geometry": {"type": "Point", "coordinates": [8.33696, 5.02744]}, "properties": {"id": "wc-487", "class": 0, "date": "2019-04-15", "source": "worldcover-built-up", "verified": false}}, {"type": "Feature", "geometry": {"type": "Point", "coordinates": [7.48482, 6.39486]}, "properties": {"id": "wc-488", "class": 0, "date": "2020-06-15", "source": "worldcover-built-up", "verified": false}}, {"type": "Feature", "geometry": {"type": "Point", "coordinates": [5.85788, 5.63623]}, "properties": {"id": "wc-489", "class": 0, "date": "2020-10-15", "source": "worldcover-built-up", "verified": false}}, {"type": "Feature", "geometry": {"type": "Point", "coordinates": [6.21038, 5.89063]}, "properties": {"id": "wc-490", "class": 0, "date": "2024-08-15", "source": "worldcover-built-up", "verified": false}}, {"type": "Feature", "geometry": {"type": "Point", "coordinates": [6.20877, 5.15895]}, "properties": {"id": "wc-491", "class": 0, "date": "2022-08-15", "source": "worldcover-built-up", "verified": false}}, {"type": "Feature", "geometry": {"type": "Point", "coordinates": [7.69179, 6.02349]}, "properties": {"id": "wc-492", "class": 0, "date": "2022-05-15", "source": "worldcover-built-up", "verified": false}}, {"type": "Feature", "geometry": {"type": "Point", "coordinates": [5.66088, 6.37869]}, "properties": {"id": "wc-493", "class": 0, "date": "2019-03-15", "source": "worldcover-built-up", "verified": false}}, {"type": "Feature", "geometry": {"type": "Point", "coordinates": [6.96443, 4.84769]}, "properties": {"id": "wc-494", "class": 0, "date": "2019-03-15", "source": "worldcover-built-up", "verified": false}}, {"type": "Feature", "geometry": {"type": "Point", "coordinates": [6.42382, 5.67773]}, "properties": {"id": "wc-495", "class": 0, "date": "2019-11-15", "source": "worldcover-built-up", "verified": false}}, {"type": "Feature", "geometry": {"type": "Point", "coordinates": [7.13583, 4.78921]}, "properties": {"id": "wc-496", "class": 0, "date": "2020-12-15", "source": "worldcover-built-up", "verified": false}}, {"type": "Feature", "geometry": {"type": "Point", "coordinates": [5.5035, 5.35137]}, "properties": {"id": "wc-497", "class": 0, "date": "2018-04-15", "source": "worldcover-built-up", "verified": false}}, {"type": "Feature", "geometry": {"type": "Point", "coordinates": [6.99111, 4.80403]}, "properties": {"id": "wc-498", "class": 0, "date": "2018-10-15", "source": "worldcover-built-up", "verified": false}}, {"type": "Feature", "geometry": {"type": "Point", "coordinates": [7.12505, 5.53247]}, "properties": {"id": "wc-499", "class": 0, "date": "2023-03-15", "source": "worldcover-built-up", "verified": false}}, {"type": "Feature", "geometry": {"type": "Point", "coordinates": [5.77057, 5.52466]}, "properties": {"id": "wc-500", "class": 0, "date": "2023-01-15", "source": "worldcover-built-up", "verified": false}}, {"type": "Feature", "geometry": {"type": "Point", "coordinates": [7.49264, 6.51209]}, "properties": {"id": "wc-501", "class": 0, "date": "2019-05-15", "source": "worldcover-built-up", "verified": false}}, {"type": "Feature", "geometry": {"type": "Point", "coordinates": [7.40505, 5.61575]}, "properties": {"id": "wc-502", "class": 0, "date": "2024-09-15", "source": "worldcover-built-up", "verified": false}}, {"type": "Feature", "geometry": {"type": "Point", "coordinates": [7.3808, 5.14629]}, "properties": {"id": "wc-503", "class": 0, "date": "2022-08-15", "source": "worldcover-built-up", "verified": false}}, {"type": "Feature", "geometry": {"type": "Point", "coordinates": [7.20293, 4.97489]}, "properties": {"id": "wc-504", "class": 0, "date": "2020-07-15", "source": "worldcover-built-up", "verified": false}}, {"type": "Feature", "geometry": {"type": "Point", "coordinates": [6.18074, 5.42818]}, "properties": {"id": "wc-505", "class": 0, "date": "2020-11-15", "source": "worldcover-built-up", "verified": false}}, {"type": "Feature", "geometry": {"type": "Point", "coordinates": [7.32771, 5.09724]}, "properties": {"id": "wc-506", "class": 0, "date": "2024-10-15", "source": "worldcover-built-up", "verified": false}}, {"type": "Feature", "geometry": {"type": "Point", "coordinates": [7.08786, 5.52762]}, "properties": {"id": "wc-507", "class": 0, "date": "2025-07-15", "source": "worldcover-built-up", "verified": false}}, {"type": "Feature", "geometry": {"type": "Point", "coordinates": [5.68541, 6.35659]}, "properties": {"id": "wc-508", "class": 0, "date": "2021-08-15", "source": "worldcover-built-up", "verified": false}}, {"type": "Feature", "geometry": {"type": "Point", "coordinates": [5.6121, 6.43286]}, "properties": {"id": "wc-509", "class": 0, "date": "2020-06-15", "source": "worldcover-built-up", "verified": false}}, {"type": "Feature", "geometry": {"type": "Point", "coordinates": [6.3489, 4.65931]}, "properties": {"id": "wc-510", "class": 0, "date": "2018-12-15", "source": "worldcover-built-up", "verified": false}}, {"type": "Feature", "geometry": {"type": "Point", "coordinates": [5.56872, 6.35416]}, "properties": {"id": "wc-511", "class": 0, "date": "2023-01-15", "source": "worldcover-built-up", "verified": false}}, {"type": "Feature", "geometry": {"type": "Point", "coordinates": [5.70077, 5.602]}, "properties": {"id": "wc-512", "class": 0, "date": "2023-01-15", "source": "worldcover-built-up", "verified": false}}, {"type": "Feature", "geometry": {"type": "Point", "coordinates": [7.03665, 5.51604]}, "properties": {"id": "wc-513", "class": 0, "date": "2018-01-15", "source": "worldcover-built-up", "verified": false}}, {"type": "Feature", "geometry": {"type": "Point", "coordinates": [6.27291, 6.02349]}, "properties": {"id": "wc-514", "class": 0, "date": "2018-02-15", "source": "worldcover-built-up", "verified": false}}, {"type": "Feature", "geometry": {"type": "Point", "coordinates": [6.8569, 5.93267]}, "properties": {"id": "wc-515", "class": 0, "date": "2024-06-15", "source": "worldcover-built-up", "verified": false}}, {"type": "Feature", "geometry": {"type": "Point", "coordinates": [6.82564, 6.14396]}, "properties": {"id": "wc-516", "class": 0, "date": "2020-09-15", "source": "worldcover-built-up", "verified": false}}, {"type": "Feature", "geometry": {"type": "Point", "coordinates": [7.03396, 5.57559]}, "properties": {"id": "wc-517", "class": 0, "date": "2017-07-15", "source": "worldcover-built-up", "verified": false}}, {"type": "Feature", "geometry": {"type": "Point", "coordinates": [7.26572, 5.47831]}, "properties": {"id": "wc-518", "class": 0, "date": "2025-04-15", "source": "worldcover-built-up", "verified": false}}, {"type": "Feature", "geometry": {"type": "Point", "coordinates": [6.4346, 5.45998]}, "properties": {"id": "wc-519", "class": 0, "date": "2025-12-15", "source": "worldcover-built-up", "verified": false}}, {"type": "Feature", "geometry": {"type": "Point", "coordinates": [5.60321, 6.27062]}, "properties": {"id": "wc-520", "class": 0, "date": "2024-01-15", "source": "worldcover-built-up", "verified": false}}, {"type": "Feature", "geometry": {"type": "Point", "coordinates": [6.65128, 5.08619]}, "properties": {"id": "wc-521", "class": 0, "date": "2019-04-15", "source": "worldcover-built-up", "verified": false}}, {"type": "Feature", "geometry": {"type": "Point", "coordinates": [6.86067, 6.20729]}, "properties": {"id": "wc-522", "class": 0, "date": "2020-02-15", "source": "worldcover-built-up", "verified": false}}, {"type": "Feature", "geometry": {"type": "Point", "coordinates": [5.59297, 6.19813]}, "properties": {"id": "wc-523", "class": 0, "date": "2023-03-15", "source": "worldcover-built-up", "verified": false}}, {"type": "Feature", "geometry": {"type": "Point", "coordinates": [5.8277, 5.49178]}, "properties": {"id": "wc-524", "class": 0, "date": "2022-04-15", "source": "worldcover-built-up", "verified": false}}, {"type": "Feature", "geometry": {"type": "Point", "coordinates": [7.91925, 4.63128]}, "properties": {"id": "wc-525", "class": 0, "date": "2021-12-15", "source": "worldcover-built-up", "verified": false}}, {"type": "Feature", "geometry": {"type": "Point", "coordinates": [8.10089, 6.33692]}, "properties": {"id": "wc-526", "class": 0, "date": "2017-03-15", "source": "worldcover-built-up", "verified": false}}, {"type": "Feature", "geometry": {"type": "Point", "coordinates": [6.57312, 5.09643]}, "properties": {"id": "wc-527", "class": 0, "date": "2022-12-15", "source": "worldcover-built-up", "verified": false}}, {"type": "Feature", "geometry": {"type": "Point", "coordinates": [6.14031, 6.12644]}, "properties": {"id": "wc-528", "class": 0, "date": "2017-02-15", "source": "worldcover-built-up", "verified": false}}, {"type": "Feature", "geometry": {"type": "Point", "coordinates": [7.47943, 6.24071]}, "properties": {"id": "wc-529", "class": 0, "date": "2019-01-15", "source": "worldcover-built-up", "verified": false}}, {"type": "Feature", "geometry": {"type": "Point", "coordinates": [7.25494, 5.42387]}, "properties": {"id": "wc-530", "class": 0, "date": "2020-12-15", "source": "worldcover-built-up", "verified": false}}, {"type": "Feature", "geometry": {"type": "Point", "coordinates": [8.02678, 4.91075]}, "properties": {"id": "wc-531", "class": 0, "date": "2018-08-15", "source": "worldcover-built-up", "verified": false}}, {"type": "Feature", "geometry": {"type": "Point", "coordinates": [7.95806, 5.00211]}, "properties": {"id": "wc-532", "class": 0, "date": "2017-06-15", "source": "worldcover-built-up", "verified": false}}, {"type": "Feature", "geometry": {"type": "Point", "coordinates": [7.84352, 5.10937]}, "properties": {"id": "wc-533", "class": 0, "date": "2021-02-15", "source": "worldcover-built-up", "verified": false}}, {"type": "Feature", "geometry": {"type": "Point", "coordinates": [7.89284, 5.01747]}, "properties": {"id": "wc-534", "class": 0, "date": "2018-02-15", "source": "worldcover-built-up", "verified": false}}, {"type": "Feature", "geometry": {"type": "Point", "coordinates": [7.48267, 5.30637]}, "properties": {"id": "wc-535", "class": 0, "date": "2023-07-15", "source": "worldcover-built-up", "verified": false}}, {"type": "Feature", "geometry": {"type": "Point", "coordinates": [7.50423, 6.43825]}, "properties": {"id": "wc-536", "class": 0, "date": "2021-01-15", "source": "worldcover-built-up", "verified": false}}, {"type": "Feature", "geometry": {"type": "Point", "coordinates": [6.91996, 4.92207]}, "properties": {"id": "wc-537", "class": 0, "date": "2019-04-15", "source": "worldcover-built-up", "verified": false}}, {"type": "Feature", "geometry": {"type": "Point", "coordinates": [6.57743, 4.92988]}, "properties": {"id": "wc-538", "class": 0, "date": "2025-12-15", "source": "worldcover-built-up", "verified": false}}, {"type": "Feature", "geometry": {"type": "Point", "coordinates": [8.04133, 4.91857]}, "properties": {"id": "wc-539", "class": 0, "date": "2017-02-15", "source": "worldcover-built-up", "verified": false}}, {"type": "Feature", "geometry": {"type": "Point", "coordinates": [5.65388, 5.90815]}, "properties": {"id": "wc-540", "class": 0, "date": "2024-12-15", "source": "worldcover-built-up", "verified": false}}, {"type": "Feature", "geometry": {"type": "Point", "coordinates": [6.78521, 6.41992]}, "properties": {"id": "wc-541", "class": 0, "date": "2021-08-15", "source": "worldcover-built-up", "verified": false}}, {"type": "Feature", "geometry": {"type": "Point", "coordinates": [5.59189, 6.27601]}, "properties": {"id": "wc-542", "class": 0, "date": "2017-03-15", "source": "worldcover-built-up", "verified": false}}, {"type": "Feature", "geometry": {"type": "Point", "coordinates": [7.01348, 4.84176]}, "properties": {"id": "wc-543", "class": 0, "date": "2018-08-15", "source": "worldcover-built-up", "verified": false}}, {"type": "Feature", "geometry": {"type": "Point", "coordinates": [7.37783, 5.08484]}, "properties": {"id": "wc-544", "class": 0, "date": "2017-12-15", "source": "worldcover-built-up", "verified": false}}, {"type": "Feature", "geometry": {"type": "Point", "coordinates": [8.33508, 6.06742]}, "properties": {"id": "wc-545", "class": 0, "date": "2024-03-15", "source": "worldcover-built-up", "verified": false}}, {"type": "Feature", "geometry": {"type": "Point", "coordinates": [6.69116, 6.4978]}, "properties": {"id": "wc-546", "class": 0, "date": "2017-04-15", "source": "worldcover-built-up", "verified": false}}, {"type": "Feature", "geometry": {"type": "Point", "coordinates": [7.56675, 4.95495]}, "properties": {"id": "wc-547", "class": 0, "date": "2025-12-15", "source": "worldcover-built-up", "verified": false}}, {"type": "Feature", "geometry": {"type": "Point", "coordinates": [7.24767, 5.9863]}, "properties": {"id": "wc-548", "class": 0, "date": "2022-10-15", "source": "worldcover-built-up", "verified": false}}, {"type": "Feature", "geometry": {"type": "Point", "coordinates": [7.04905, 6.21214]}, "properties": {"id": "wc-549", "class": 0, "date": "2019-03-15", "source": "worldcover-built-up", "verified": false}}, {"type": "Feature", "geometry": {"type": "Point", "coordinates": [7.97988, 5.00265]}, "properties": {"id": "wc-550", "class": 0, "date": "2021-03-15", "source": "worldcover-built-up", "verified": false}}, {"type": "Feature", "geometry": {"type": "Point", "coordinates": [5.61237, 6.27547]}, "properties": {"id": "wc-551", "class": 0, "date": "2022-08-15", "source": "worldcover-built-up", "verified": false}}, {"type": "Feature", "geometry": {"type": "Point", "coordinates": [7.84648, 5.76154]}, "properties": {"id": "wc-552", "class": 0, "date": "2025-09-15", "source": "worldcover-built-up", "verified": false}}, {"type": "Feature", "geometry": {"type": "Point", "coordinates": [7.10214, 4.89674]}, "properties": {"id": "wc-553", "class": 0, "date": "2024-02-15", "source": "worldcover-built-up", "verified": false}}, {"type": "Feature", "geometry": {"type": "Point", "coordinates": [6.21227, 6.27251]}, "properties": {"id": "wc-554", "class": 0, "date": "2022-07-15", "source": "worldcover-built-up", "verified": false}}, {"type": "Feature", "geometry": {"type": "Point", "coordinates": [7.00108, 4.90698]}, "properties": {"id": "wc-555", "class": 0, "date": "2021-09-15", "source": "worldcover-built-up", "verified": false}}, {"type": "Feature", "geometry": {"type": "Point", "coordinates": [7.0954, 4.74286]}, "properties": {"id": "wc-556", "class": 0, "date": "2024-07-15", "source": "worldcover-built-up", "verified": false}}, {"type": "Feature", "geometry": {"type": "Point", "coordinates": [7.06333, 5.92028]}, "properties": {"id": "wc-557", "class": 0, "date": "2025-05-15", "source": "worldcover-built-up", "verified": false}}, {"type": "Feature", "geometry": {"type": "Point", "coordinates": [6.99812, 4.84904]}, "properties": {"id": "wc-558", "class": 0, "date": "2025-06-15", "source": "worldcover-built-up", "verified": false}}, {"type": "Feature", "geometry": {"type": "Point", "coordinates": [7.92302, 4.98217]}, "properties": {"id": "wc-559", "class": 0, "date": "2018-06-15", "source": "worldcover-built-up", "verified": false}}, {"type": "Feature", "geometry": {"type": "Point", "coordinates": [5.64067, 6.37438]}, "properties": {"id": "wc-560", "class": 0, "date": "2020-08-15", "source": "worldcover-built-up", "verified": false}}, {"type": "Feature", "geometry": {"type": "Point", "coordinates": [6.8631, 6.14072]}, "properties": {"id": "wc-561", "class": 0, "date": "2025-07-15", "source": "worldcover-built-up", "verified": false}}, {"type": "Feature", "geometry": {"type": "Point", "coordinates": [5.79752, 5.56293]}, "properties": {"id": "wc-562", "class": 0, "date": "2023-07-15", "source": "worldcover-built-up", "verified": false}}, {"type": "Feature", "geometry": {"type": "Point", "coordinates": [5.68702, 5.57425]}, "properties": {"id": "wc-563", "class": 0, "date": "2024-04-15", "source": "worldcover-built-up", "verified": false}}, {"type": "Feature", "geometry": {"type": "Point", "coordinates": [7.30157, 6.45361]}, "properties": {"id": "wc-564", "class": 0, "date": "2024-01-15", "source": "worldcover-built-up", "verified": false}}, {"type": "Feature", "geometry": {"type": "Point", "coordinates": [5.64903, 6.32802]}, "properties": {"id": "wc-565", "class": 0, "date": "2019-04-15", "source": "worldcover-built-up", "verified": false}}, {"type": "Feature", "geometry": {"type": "Point", "coordinates": [7.89284, 5.0013]}, "properties": {"id": "wc-566", "class": 0, "date": "2021-03-15", "source": "worldcover-built-up", "verified": false}}, {"type": "Feature", "geometry": {"type": "Point", "coordinates": [6.88412, 5.84563]}, "properties": {"id": "wc-567", "class": 0, "date": "2023-02-15", "source": "worldcover-built-up", "verified": false}}, {"type": "Feature", "geometry": {"type": "Point", "coordinates": [7.38188, 4.98486]}, "properties": {"id": "wc-568", "class": 0, "date": "2022-03-15", "source": "worldcover-built-up", "verified": false}}, {"type": "Feature", "geometry": {"type": "Point", "coordinates": [5.77892, 5.52843]}, "properties": {"id": "wc-569", "class": 0, "date": "2020-10-15", "source": "worldcover-built-up", "verified": false}}, {"type": "Feature", "geometry": {"type": "Point", "coordinates": [7.36032, 4.69758]}, "properties": {"id": "wc-570", "class": 0, "date": "2017-02-15", "source": "worldcover-built-up", "verified": false}}, {"type": "Feature", "geometry": {"type": "Point", "coordinates": [7.89957, 5.04469]}, "properties": {"id": "wc-571", "class": 0, "date": "2024-05-15", "source": "worldcover-built-up", "verified": false}}, {"type": "Feature", "geometry": {"type": "Point", "coordinates": [8.1176, 6.18169]}, "properties": {"id": "wc-572", "class": 0, "date": "2017-11-15", "source": "worldcover-built-up", "verified": false}}, {"type": "Feature", "geometry": {"type": "Point", "coordinates": [7.39724, 5.54757]}, "properties": {"id": "wc-573", "class": 0, "date": "2022-07-15", "source": "worldcover-built-up", "verified": false}}, {"type": "Feature", "geometry": {"type": "Point", "coordinates": [5.6369, 6.26954]}, "properties": {"id": "wc-574", "class": 0, "date": "2019-04-15", "source": "worldcover-built-up", "verified": false}}, {"type": "Feature", "geometry": {"type": "Point", "coordinates": [7.52552, 6.43151]}, "properties": {"id": "wc-575", "class": 0, "date": "2025-02-15", "source": "worldcover-built-up", "verified": false}}, {"type": "Feature", "geometry": {"type": "Point", "coordinates": [6.98329, 5.94696]}, "properties": {"id": "wc-576", "class": 0, "date": "2019-12-15", "source": "worldcover-built-up", "verified": false}}, {"type": "Feature", "geometry": {"type": "Point", "coordinates": [5.58246, 6.24744]}, "properties": {"id": "wc-577", "class": 0, "date": "2025-11-15", "source": "worldcover-built-up", "verified": false}}, {"type": "Feature", "geometry": {"type": "Point", "coordinates": [7.40963, 5.97768]}, "properties": {"id": "wc-578", "class": 0, "date": "2017-10-15", "source": "worldcover-built-up", "verified": false}}, {"type": "Feature", "geometry": {"type": "Point", "coordinates": [6.8251, 6.20082]}, "properties": {"id": "wc-579", "class": 0, "date": "2025-03-15", "source": "worldcover-built-up", "verified": false}}, {"type": "Feature", "geometry": {"type": "Point", "coordinates": [5.10087, 6.34527]}, "properties": {"id": "wc-580", "class": 0, "date": "2024-06-15", "source": "worldcover-built-up", "verified": false}}, {"type": "Feature", "geometry": {"type": "Point", "coordinates": [7.356, 4.89054]}, "properties": {"id": "wc-581", "class": 0, "date": "2022-03-15", "source": "worldcover-built-up", "verified": false}}, {"type": "Feature", "geometry": {"type": "Point", "coordinates": [7.23716, 6.13641]}, "properties": {"id": "wc-582", "class": 0, "date": "2018-04-15", "source": "worldcover-built-up", "verified": false}}, {"type": "Feature", "geometry": {"type": "Point", "coordinates": [7.23985, 5.53194]}, "properties": {"id": "wc-583", "class": 0, "date": "2021-01-15", "source": "worldcover-built-up", "verified": false}}, {"type": "Feature", "geometry": {"type": "Point", "coordinates": [7.29186, 5.24115]}, "properties": {"id": "wc-584", "class": 0, "date": "2017-03-15", "source": "worldcover-built-up", "verified": false}}, {"type": "Feature", "geometry": {"type": "Point", "coordinates": [8.32322, 4.97058]}, "properties": {"id": "wc-585", "class": 0, "date": "2025-04-15", "source": "worldcover-built-up", "verified": false}}, {"type": "Feature", "geometry": {"type": "Point", "coordinates": [6.74776, 6.02107]}, "properties": {"id": "wc-586", "class": 0, "date": "2021-08-15", "source": "worldcover-built-up", "verified": false}}, {"type": "Feature", "geometry": {"type": "Point", "coordinates": [6.22763, 5.53975]}, "properties": {"id": "wc-587", "class": 0, "date": "2018-12-15", "source": "worldcover-built-up", "verified": false}}, {"type": "Feature", "geometry": {"type": "Point", "coordinates": [5.64714, 6.31266]}, "properties": {"id": "wc-588", "class": 0, "date": "2023-05-15", "source": "worldcover-built-up", "verified": false}}, {"type": "Feature", "geometry": {"type": "Point", "coordinates": [6.94449, 6.11189]}, "properties": {"id": "wc-589", "class": 0, "date": "2021-02-15", "source": "worldcover-built-up", "verified": false}}, {"type": "Feature", "geometry": {"type": "Point", "coordinates": [7.5204, 6.46843]}, "properties": {"id": "wc-590", "class": 0, "date": "2018-04-15", "source": "worldcover-built-up", "verified": false}}, {"type": "Feature", "geometry": {"type": "Point", "coordinates": [5.93981, 5.47049]}, "properties": {"id": "wc-591", "class": 0, "date": "2020-11-15", "source": "worldcover-built-up", "verified": false}}, {"type": "Feature", "geometry": {"type": "Point", "coordinates": [6.50251, 6.45145]}, "properties": {"id": "wc-592", "class": 0, "date": "2022-06-15", "source": "worldcover-built-up", "verified": false}}, {"type": "Feature", "geometry": {"type": "Point", "coordinates": [6.92616, 6.18142]}, "properties": {"id": "wc-593", "class": 0, "date": "2020-08-15", "source": "worldcover-built-up", "verified": false}}, {"type": "Feature", "geometry": {"type": "Point", "coordinates": [6.10447, 4.96923]}, "properties": {"id": "wc-594", "class": 0, "date": "2024-02-15", "source": "worldcover-built-up", "verified": false}}, {"type": "Feature", "geometry": {"type": "Point", "coordinates": [7.56917, 5.00319]}, "properties": {"id": "wc-595", "class": 0, "date": "2023-01-15", "source": "worldcover-built-up", "verified": false}}, {"type": "Feature", "geometry": {"type": "Point", "coordinates": [7.54357, 6.41615]}, "properties": {"id": "wc-596", "class": 0, "date": "2022-01-15", "source": "worldcover-built-up", "verified": false}}, {"type": "Feature", "geometry": {"type": "Point", "coordinates": [6.97413, 5.84913]}, "properties": {"id": "wc-597", "class": 0, "date": "2020-08-15", "source": "worldcover-built-up", "verified": false}}, {"type": "Feature", "geometry": {"type": "Point", "coordinates": [5.66627, 6.32721]}, "properties": {"id": "wc-598", "class": 0, "date": "2018-03-15", "source": "worldcover-built-up", "verified": false}}, {"type": "Feature", "geometry": {"type": "Point", "coordinates": [6.37262, 4.85631]}, "properties": {"id": "wc-599", "class": 0, "date": "2017-06-15", "source": "worldcover-built-up", "verified": false}}, {"type": "Feature", "geometry": {"type": "Point", "coordinates": [6.5998, 4.47147]}, "properties": {"id": "wc-600", "class": 0, "date": "2022-01-15", "source": "worldcover-water", "verified": false}}, {"type": "Feature", "geometry": {"type": "Point", "coordinates": [5.33614, 5.21636]}, "properties": {"id": "wc-601", "class": 0, "date": "2021-07-15", "source": "worldcover-water", "verified": false}}, {"type": "Feature", "geometry": {"type": "Point", "coordinates": [5.1192, 5.32658]}, "properties": {"id": "wc-602", "class": 0, "date": "2023-10-15", "source": "worldcover-water", "verified": false}}, {"type": "Feature", "geometry": {"type": "Point", "coordinates": [4.84728, 5.69417]}, "properties": {"id": "wc-603", "class": 0, "date": "2020-04-15", "source": "worldcover-water", "verified": false}}, {"type": "Feature", "geometry": {"type": "Point", "coordinates": [7.0636, 4.28714]}, "properties": {"id": "wc-604", "class": 0, "date": "2017-08-15", "source": "worldcover-water", "verified": false}}, {"type": "Feature", "geometry": {"type": "Point", "coordinates": [7.40047, 4.32595]}, "properties": {"id": "wc-605", "class": 0, "date": "2020-05-15", "source": "worldcover-water", "verified": false}}, {"type": "Feature", "geometry": {"type": "Point", "coordinates": [5.33614, 4.67225]}, "properties": {"id": "wc-606", "class": 0, "date": "2024-01-15", "source": "worldcover-water", "verified": false}}, {"type": "Feature", "geometry": {"type": "Point", "coordinates": [5.98482, 4.43913]}, "properties": {"id": "wc-607", "class": 0, "date": "2018-11-15", "source": "worldcover-water", "verified": false}}, {"type": "Feature", "geometry": {"type": "Point", "coordinates": [5.55713, 4.31813]}, "properties": {"id": "wc-608", "class": 0, "date": "2019-10-15", "source": "worldcover-water", "verified": false}}, {"type": "Feature", "geometry": {"type": "Point", "coordinates": [5.41996, 5.15033]}, "properties": {"id": "wc-609", "class": 0, "date": "2018-12-15", "source": "worldcover-water", "verified": false}}, {"type": "Feature", "geometry": {"type": "Point", "coordinates": [7.59073, 4.26154]}, "properties": {"id": "wc-610", "class": 0, "date": "2020-08-15", "source": "worldcover-water", "verified": false}}, {"type": "Feature", "geometry": {"type": "Point", "coordinates": [7.10484, 4.16668]}, "properties": {"id": "wc-611", "class": 0, "date": "2025-08-15", "source": "worldcover-water", "verified": false}}, {"type": "Feature", "geometry": {"type": "Point", "coordinates": [5.04401, 6.25741]}, "properties": {"id": "wc-612", "class": 0, "date": "2025-01-15", "source": "worldcover-water", "verified": false}}, {"type": "Feature", "geometry": {"type": "Point", "coordinates": [6.16026, 4.23324]}, "properties": {"id": "wc-614", "class": 0, "date": "2022-10-15", "source": "worldcover-water", "verified": false}}, {"type": "Feature", "geometry": {"type": "Point", "coordinates": [6.45454, 4.06481]}, "properties": {"id": "wc-615", "class": 0, "date": "2018-02-15", "source": "worldcover-water", "verified": false}}, {"type": "Feature", "geometry": {"type": "Point", "coordinates": [8.46551, 4.58574]}, "properties": {"id": "wc-616", "class": 0, "date": "2022-02-15", "source": "worldcover-water", "verified": false}}, {"type": "Feature", "geometry": {"type": "Point", "coordinates": [5.51751, 4.77735]}, "properties": {"id": "wc-618", "class": 0, "date": "2022-11-15", "source": "worldcover-water", "verified": false}}, {"type": "Feature", "geometry": {"type": "Point", "coordinates": [4.97798, 5.87797]}, "properties": {"id": "wc-619", "class": 0, "date": "2018-03-15", "source": "worldcover-water", "verified": false}}, {"type": "Feature", "geometry": {"type": "Point", "coordinates": [7.93515, 4.33969]}, "properties": {"id": "wc-620", "class": 0, "date": "2019-12-15", "source": "worldcover-water", "verified": false}}, {"type": "Feature", "geometry": {"type": "Point", "coordinates": [7.95536, 4.31005]}, "properties": {"id": "wc-621", "class": 0, "date": "2022-04-15", "source": "worldcover-water", "verified": false}}, {"type": "Feature", "geometry": {"type": "Point", "coordinates": [6.82052, 4.29118]}, "properties": {"id": "wc-622", "class": 0, "date": "2022-05-15", "source": "worldcover-water", "verified": false}}, {"type": "Feature", "geometry": {"type": "Point", "coordinates": [5.00547, 5.53544]}, "properties": {"id": "wc-623", "class": 0, "date": "2023-07-15", "source": "worldcover-water", "verified": false}}, {"type": "Feature", "geometry": {"type": "Point", "coordinates": [4.8683, 5.84671]}, "properties": {"id": "wc-625", "class": 0, "date": "2023-05-15", "source": "worldcover-water", "verified": false}}, {"type": "Feature", "geometry": {"type": "Point", "coordinates": [4.92058, 5.49394]}, "properties": {"id": "wc-626", "class": 0, "date": "2021-08-15", "source": "worldcover-water", "verified": false}}, {"type": "Feature", "geometry": {"type": "Point", "coordinates": [7.27489, 4.23486]}, "properties": {"id": "wc-627", "class": 0, "date": "2023-01-15", "source": "worldcover-water", "verified": false}}, {"type": "Feature", "geometry": {"type": "Point", "coordinates": [5.97592, 4.1656]}, "properties": {"id": "wc-628", "class": 0, "date": "2017-05-15", "source": "worldcover-water", "verified": false}}, {"type": "Feature", "geometry": {"type": "Point", "coordinates": [8.45581, 4.48225]}, "properties": {"id": "wc-629", "class": 0, "date": "2022-07-15", "source": "worldcover-water", "verified": false}}, {"type": "Feature", "geometry": {"type": "Point", "coordinates": [6.7103, 4.36961]}, "properties": {"id": "wc-630", "class": 0, "date": "2018-01-15", "source": "worldcover-water", "verified": false}}, {"type": "Feature", "geometry": {"type": "Point", "coordinates": [7.80148, 4.26908]}, "properties": {"id": "wc-631", "class": 0, "date": "2019-05-15", "source": "worldcover-water", "verified": false}}, {"type": "Feature", "geometry": {"type": "Point", "coordinates": [5.5671, 5.51819]}, "properties": {"id": "wc-632", "class": 0, "date": "2020-04-15", "source": "worldcover-water", "verified": false}}, {"type": "Feature", "geometry": {"type": "Point", "coordinates": [7.24066, 4.09661]}, "properties": {"id": "wc-633", "class": 0, "date": "2019-01-15", "source": "worldcover-water", "verified": false}}, {"type": "Feature", "geometry": {"type": "Point", "coordinates": [7.37379, 4.19389]}, "properties": {"id": "wc-634", "class": 0, "date": "2017-10-15", "source": "worldcover-water", "verified": false}}, {"type": "Feature", "geometry": {"type": "Point", "coordinates": [5.61803, 5.56401]}, "properties": {"id": "wc-635", "class": 0, "date": "2023-06-15", "source": "worldcover-water", "verified": false}}, {"type": "Feature", "geometry": {"type": "Point", "coordinates": [6.67257, 4.23378]}, "properties": {"id": "wc-636", "class": 0, "date": "2017-05-15", "source": "worldcover-water", "verified": false}}, {"type": "Feature", "geometry": {"type": "Point", "coordinates": [6.87765, 4.29576]}, "properties": {"id": "wc-637", "class": 0, "date": "2018-02-15", "source": "worldcover-water", "verified": false}}, {"type": "Feature", "geometry": {"type": "Point", "coordinates": [5.621, 5.31095]}, "properties": {"id": "wc-638", "class": 0, "date": "2021-05-15", "source": "worldcover-water", "verified": false}}, {"type": "Feature", "geometry": {"type": "Point", "coordinates": [4.9195, 5.65779]}, "properties": {"id": "wc-639", "class": 0, "date": "2023-08-15", "source": "worldcover-water", "verified": false}}, {"type": "Feature", "geometry": {"type": "Point", "coordinates": [6.78468, 4.19524]}, "properties": {"id": "wc-640", "class": 0, "date": "2024-08-15", "source": "worldcover-water", "verified": false}}, {"type": "Feature", "geometry": {"type": "Point", "coordinates": [6.11525, 4.17099]}, "properties": {"id": "wc-641", "class": 0, "date": "2023-04-15", "source": "worldcover-water", "verified": false}}, {"type": "Feature", "geometry": {"type": "Point", "coordinates": [7.08786, 4.30088]}, "properties": {"id": "wc-642", "class": 0, "date": "2021-07-15", "source": "worldcover-water", "verified": false}}, {"type": "Feature", "geometry": {"type": "Point", "coordinates": [5.71101, 4.58035]}, "properties": {"id": "wc-643", "class": 0, "date": "2024-03-15", "source": "worldcover-water", "verified": false}}, {"type": "Feature", "geometry": {"type": "Point", "coordinates": [7.82115, 4.25022]}, "properties": {"id": "wc-644", "class": 0, "date": "2021-02-15", "source": "worldcover-water", "verified": false}}, {"type": "Feature", "geometry": {"type": "Point", "coordinates": [8.54097, 4.80511]}, "properties": {"id": "wc-645", "class": 0, "date": "2025-12-15", "source": "worldcover-water", "verified": false}}, {"type": "Feature", "geometry": {"type": "Point", "coordinates": [7.34307, 4.4677]}, "properties": {"id": "wc-646", "class": 0, "date": "2021-12-15", "source": "worldcover-water", "verified": false}}, {"type": "Feature", "geometry": {"type": "Point", "coordinates": [8.31972, 4.56256]}, "properties": {"id": "wc-647", "class": 0, "date": "2017-01-15", "source": "worldcover-water", "verified": false}}, {"type": "Feature", "geometry": {"type": "Point", "coordinates": [8.16907, 4.34481]}, "properties": {"id": "wc-648", "class": 0, "date": "2021-05-15", "source": "worldcover-water", "verified": false}}, {"type": "Feature", "geometry": {"type": "Point", "coordinates": [7.99821, 4.42539]}, "properties": {"id": "wc-649", "class": 0, "date": "2023-05-15", "source": "worldcover-water", "verified": false}}, {"type": "Feature", "geometry": {"type": "Point", "coordinates": [7.11292, 4.09068]}, "properties": {"id": "wc-650", "class": 0, "date": "2021-04-15", "source": "worldcover-water", "verified": false}}, {"type": "Feature", "geometry": {"type": "Point", "coordinates": [8.18147, 4.97758]}, "properties": {"id": "wc-651", "class": 0, "date": "2018-07-15", "source": "worldcover-water", "verified": false}}, {"type": "Feature", "geometry": {"type": "Point", "coordinates": [5.3542, 5.08754]}, "properties": {"id": "wc-652", "class": 0, "date": "2020-02-15", "source": "worldcover-water", "verified": false}}, {"type": "Feature", "geometry": {"type": "Point", "coordinates": [7.01105, 4.20737]}, "properties": {"id": "wc-653", "class": 0, "date": "2022-03-15", "source": "worldcover-water", "verified": false}}, {"type": "Feature", "geometry": {"type": "Point", "coordinates": [5.92607, 4.26208]}, "properties": {"id": "wc-654", "class": 0, "date": "2022-12-15", "source": "worldcover-water", "verified": false}}, {"type": "Feature", "geometry": {"type": "Point", "coordinates": [8.40892, 4.27259]}, "properties": {"id": "wc-656", "class": 0, "date": "2020-08-15", "source": "worldcover-water", "verified": false}}, {"type": "Feature", "geometry": {"type": "Point", "coordinates": [5.85788, 4.26881]}, "properties": {"id": "wc-657", "class": 0, "date": "2024-07-15", "source": "worldcover-water", "verified": false}}, {"type": "Feature", "geometry": {"type": "Point", "coordinates": [5.31431, 5.03337]}, "properties": {"id": "wc-658", "class": 0, "date": "2021-08-15", "source": "worldcover-water", "verified": false}}, {"type": "Feature", "geometry": {"type": "Point", "coordinates": [5.61803, 4.48576]}, "properties": {"id": "wc-659", "class": 0, "date": "2024-10-15", "source": "worldcover-water", "verified": false}}, {"type": "Feature", "geometry": {"type": "Point", "coordinates": [7.15146, 4.37338]}, "properties": {"id": "wc-660", "class": 0, "date": "2025-11-15", "source": "worldcover-water", "verified": false}}, {"type": "Feature", "geometry": {"type": "Point", "coordinates": [5.56171, 4.50866]}, "properties": {"id": "wc-661", "class": 0, "date": "2019-07-15", "source": "worldcover-water", "verified": false}}, {"type": "Feature", "geometry": {"type": "Point", "coordinates": [6.81998, 4.05807]}, "properties": {"id": "wc-663", "class": 0, "date": "2018-10-15", "source": "worldcover-water", "verified": false}}, {"type": "Feature", "geometry": {"type": "Point", "coordinates": [8.20195, 4.34266]}, "properties": {"id": "wc-664", "class": 0, "date": "2022-03-15", "source": "worldcover-water", "verified": false}}, {"type": "Feature", "geometry": {"type": "Point", "coordinates": [6.97871, 4.6895]}, "properties": {"id": "wc-666", "class": 0, "date": "2017-03-15", "source": "worldcover-water", "verified": false}}, {"type": "Feature", "geometry": {"type": "Point", "coordinates": [6.59199, 5.5667]}, "properties": {"id": "wc-667", "class": 0, "date": "2018-06-15", "source": "worldcover-water", "verified": false}}, {"type": "Feature", "geometry": {"type": "Point", "coordinates": [5.44448, 5.39422]}, "properties": {"id": "wc-668", "class": 0, "date": "2023-03-15", "source": "worldcover-water", "verified": false}}, {"type": "Feature", "geometry": {"type": "Point", "coordinates": [8.03917, 4.48764]}, "properties": {"id": "wc-669", "class": 0, "date": "2019-08-15", "source": "worldcover-water", "verified": false}}, {"type": "Feature", "geometry": {"type": "Point", "coordinates": [7.83705, 4.50489]}, "properties": {"id": "wc-670", "class": 0, "date": "2017-08-15", "source": "worldcover-water", "verified": false}}, {"type": "Feature", "geometry": {"type": "Point", "coordinates": [8.2995, 4.55286]}, "properties": {"id": "wc-671", "class": 0, "date": "2021-03-15", "source": "worldcover-water", "verified": false}}, {"type": "Feature", "geometry": {"type": "Point", "coordinates": [5.20517, 4.93231]}, "properties": {"id": "wc-672", "class": 0, "date": "2018-11-15", "source": "worldcover-water", "verified": false}}, {"type": "Feature", "geometry": {"type": "Point", "coordinates": [7.54303, 4.39898]}, "properties": {"id": "wc-673", "class": 0, "date": "2023-10-15", "source": "worldcover-water", "verified": false}}, {"type": "Feature", "geometry": {"type": "Point", "coordinates": [7.12451, 4.52699]}, "properties": {"id": "wc-674", "class": 0, "date": "2017-05-15", "source": "worldcover-water", "verified": false}}, {"type": "Feature", "geometry": {"type": "Point", "coordinates": [5.66304, 4.37068]}, "properties": {"id": "wc-675", "class": 0, "date": "2022-08-15", "source": "worldcover-water", "verified": false}}, {"type": "Feature", "geometry": {"type": "Point", "coordinates": [8.17985, 4.44075]}, "properties": {"id": "wc-676", "class": 0, "date": "2024-03-15", "source": "worldcover-water", "verified": false}}, {"type": "Feature", "geometry": {"type": "Point", "coordinates": [6.52596, 4.06049]}, "properties": {"id": "wc-677", "class": 0, "date": "2017-03-15", "source": "worldcover-water", "verified": false}}, {"type": "Feature", "geometry": {"type": "Point", "coordinates": [6.55641, 4.53831]}, "properties": {"id": "wc-678", "class": 0, "date": "2025-12-15", "source": "worldcover-water", "verified": false}}, {"type": "Feature", "geometry": {"type": "Point", "coordinates": [5.93415, 4.05457]}, "properties": {"id": "wc-679", "class": 0, "date": "2023-01-15", "source": "worldcover-water", "verified": false}}, {"type": "Feature", "geometry": {"type": "Point", "coordinates": [6.70544, 4.38685]}, "properties": {"id": "wc-680", "class": 0, "date": "2017-01-15", "source": "worldcover-water", "verified": false}}, {"type": "Feature", "geometry": {"type": "Point", "coordinates": [8.40488, 4.71213]}, "properties": {"id": "wc-681", "class": 0, "date": "2021-03-15", "source": "worldcover-water", "verified": false}}, {"type": "Feature", "geometry": {"type": "Point", "coordinates": [7.96345, 4.48818]}, "properties": {"id": "wc-682", "class": 0, "date": "2020-10-15", "source": "worldcover-water", "verified": false}}, {"type": "Feature", "geometry": {"type": "Point", "coordinates": [5.09198, 5.45082]}, "properties": {"id": "wc-683", "class": 0, "date": "2022-03-15", "source": "worldcover-water", "verified": false}}, {"type": "Feature", "geometry": {"type": "Point", "coordinates": [4.85159, 5.59338]}, "properties": {"id": "wc-685", "class": 0, "date": "2021-09-15", "source": "worldcover-water", "verified": false}}, {"type": "Feature", "geometry": {"type": "Point", "coordinates": [6.53512, 4.29469]}, "properties": {"id": "wc-686", "class": 0, "date": "2024-09-15", "source": "worldcover-water", "verified": false}}, {"type": "Feature", "geometry": {"type": "Point", "coordinates": [5.64337, 4.41946]}, "properties": {"id": "wc-687", "class": 0, "date": "2017-01-15", "source": "worldcover-water", "verified": false}}, {"type": "Feature", "geometry": {"type": "Point", "coordinates": [6.05704, 4.25507]}, "properties": {"id": "wc-688", "class": 0, "date": "2018-02-15", "source": "worldcover-water", "verified": false}}, {"type": "Feature", "geometry": {"type": "Point", "coordinates": [6.70356, 4.44614]}, "properties": {"id": "wc-689", "class": 0, "date": "2017-10-15", "source": "worldcover-water", "verified": false}}, {"type": "Feature", "geometry": {"type": "Point", "coordinates": [7.57753, 4.23917]}, "properties": {"id": "wc-690", "class": 0, "date": "2021-04-15", "source": "worldcover-water", "verified": false}}, {"type": "Feature", "geometry": {"type": "Point", "coordinates": [7.94539, 4.34077]}, "properties": {"id": "wc-691", "class": 0, "date": "2021-10-15", "source": "worldcover-water", "verified": false}}, {"type": "Feature", "geometry": {"type": "Point", "coordinates": [6.20365, 4.03328]}, "properties": {"id": "wc-692", "class": 0, "date": "2021-03-15", "source": "worldcover-water", "verified": false}}, {"type": "Feature", "geometry": {"type": "Point", "coordinates": [7.25899, 4.34643]}, "properties": {"id": "wc-693", "class": 0, "date": "2018-08-15", "source": "worldcover-water", "verified": false}}, {"type": "Feature", "geometry": {"type": "Point", "coordinates": [5.63474, 4.25022]}, "properties": {"id": "wc-694", "class": 0, "date": "2019-10-15", "source": "worldcover-water", "verified": false}}, {"type": "Feature", "geometry": {"type": "Point", "coordinates": [8.49839, 4.31948]}, "properties": {"id": "wc-695", "class": 0, "date": "2020-07-15", "source": "worldcover-water", "verified": false}}, {"type": "Feature", "geometry": {"type": "Point", "coordinates": [8.50702, 4.49815]}, "properties": {"id": "wc-696", "class": 0, "date": "2024-08-15", "source": "worldcover-water", "verified": false}}, {"type": "Feature", "geometry": {"type": "Point", "coordinates": [6.3958, 4.29981]}, "properties": {"id": "wc-697", "class": 0, "date": "2023-05-15", "source": "worldcover-water", "verified": false}}, {"type": "Feature", "geometry": {"type": "Point", "coordinates": [5.33291, 4.87733]}, "properties": {"id": "wc-698", "class": 0, "date": "2017-03-15", "source": "worldcover-water", "verified": false}}, {"type": "Feature", "geometry": {"type": "Point", "coordinates": [6.69952, 4.42297]}, "properties": {"id": "wc-699", "class": 0, "date": "2020-03-15", "source": "worldcover-water", "verified": false}}, {"type": "Feature", "geometry": {"type": "Point", "coordinates": [7.99875, 4.3944]}, "properties": {"id": "wc-700", "class": 0, "date": "2025-04-15", "source": "worldcover-water", "verified": false}}, {"type": "Feature", "geometry": {"type": "Point", "coordinates": [5.4302, 4.82667]}, "properties": {"id": "wc-701", "class": 0, "date": "2018-12-15", "source": "worldcover-water", "verified": false}}, {"type": "Feature", "geometry": {"type": "Point", "coordinates": [5.47951, 4.73261]}, "properties": {"id": "wc-702", "class": 0, "date": "2025-11-15", "source": "worldcover-water", "verified": false}}, {"type": "Feature", "geometry": {"type": "Point", "coordinates": [6.73617, 6.05529]}, "properties": {"id": "wc-703", "class": 0, "date": "2024-03-15", "source": "worldcover-water", "verified": false}}, {"type": "Feature", "geometry": {"type": "Point", "coordinates": [6.52758, 5.42468]}, "properties": {"id": "wc-704", "class": 0, "date": "2024-04-15", "source": "worldcover-water", "verified": false}}, {"type": "Feature", "geometry": {"type": "Point", "coordinates": [5.85492, 4.06454]}, "properties": {"id": "wc-705", "class": 0, "date": "2025-12-15", "source": "worldcover-water", "verified": false}}, {"type": "Feature", "geometry": {"type": "Point", "coordinates": [5.39867, 4.88003]}, "properties": {"id": "wc-706", "class": 0, "date": "2021-03-15", "source": "worldcover-water", "verified": false}}, {"type": "Feature", "geometry": {"type": "Point", "coordinates": [7.52255, 4.42135]}, "properties": {"id": "wc-707", "class": 0, "date": "2020-05-15", "source": "worldcover-water", "verified": false}}, {"type": "Feature", "geometry": {"type": "Point", "coordinates": [6.1007, 4.19659]}, "properties": {"id": "wc-708", "class": 0, "date": "2021-04-15", "source": "worldcover-water", "verified": false}}, {"type": "Feature", "geometry": {"type": "Point", "coordinates": [5.96029, 4.37446]}, "properties": {"id": "wc-709", "class": 0, "date": "2025-06-15", "source": "worldcover-water", "verified": false}}, {"type": "Feature", "geometry": {"type": "Point", "coordinates": [6.20796, 4.03678]}, "properties": {"id": "wc-710", "class": 0, "date": "2018-09-15", "source": "worldcover-water", "verified": false}}, {"type": "Feature", "geometry": {"type": "Point", "coordinates": [6.63106, 4.29684]}, "properties": {"id": "wc-711", "class": 0, "date": "2018-01-15", "source": "worldcover-water", "verified": false}}, {"type": "Feature", "geometry": {"type": "Point", "coordinates": [5.12378, 5.5411]}, "properties": {"id": "wc-712", "class": 0, "date": "2023-04-15", "source": "worldcover-water", "verified": false}}, {"type": "Feature", "geometry": {"type": "Point", "coordinates": [5.36094, 5.36512]}, "properties": {"id": "wc-713", "class": 0, "date": "2024-12-15", "source": "worldcover-water", "verified": false}}, {"type": "Feature", "geometry": {"type": "Point", "coordinates": [8.30516, 4.59032]}, "properties": {"id": "wc-714", "class": 0, "date": "2025-03-15", "source": "worldcover-water", "verified": false}}, {"type": "Feature", "geometry": {"type": "Point", "coordinates": [5.52425, 4.64449]}, "properties": {"id": "wc-715", "class": 0, "date": "2022-03-15", "source": "worldcover-water", "verified": false}}, {"type": "Feature", "geometry": {"type": "Point", "coordinates": [5.15531, 5.13955]}, "properties": {"id": "wc-716", "class": 0, "date": "2020-08-15", "source": "worldcover-water", "verified": false}}, {"type": "Feature", "geometry": {"type": "Point", "coordinates": [5.15855, 5.33143]}, "properties": {"id": "wc-717", "class": 0, "date": "2022-07-15", "source": "worldcover-water", "verified": false}}, {"type": "Feature", "geometry": {"type": "Point", "coordinates": [7.08516, 4.1885]}, "properties": {"id": "wc-718", "class": 0, "date": "2024-06-15", "source": "worldcover-water", "verified": false}}, {"type": "Feature", "geometry": {"type": "Point", "coordinates": [5.30623, 5.14467]}, "properties": {"id": "wc-720", "class": 0, "date": "2017-11-15", "source": "worldcover-water", "verified": false}}, {"type": "Feature", "geometry": {"type": "Point", "coordinates": [6.86337, 4.08394]}, "properties": {"id": "wc-721", "class": 0, "date": "2021-08-15", "source": "worldcover-water", "verified": false}}, {"type": "Feature", "geometry": {"type": "Point", "coordinates": [8.27282, 4.85146]}, "properties": {"id": "wc-722", "class": 0, "date": "2025-04-15", "source": "worldcover-water", "verified": false}}, {"type": "Feature", "geometry": {"type": "Point", "coordinates": [7.89472, 4.2424]}, "properties": {"id": "wc-723", "class": 0, "date": "2018-06-15", "source": "worldcover-water", "verified": false}}, {"type": "Feature", "geometry": {"type": "Point", "coordinates": [6.91242, 4.37014]}, "properties": {"id": "wc-724", "class": 0, "date": "2024-11-15", "source": "worldcover-water", "verified": false}}, {"type": "Feature", "geometry": {"type": "Point", "coordinates": [5.35123, 5.37239]}, "properties": {"id": "wc-725", "class": 0, "date": "2020-08-15", "source": "worldcover-water", "verified": false}}, {"type": "Feature", "geometry": {"type": "Point", "coordinates": [6.55237, 5.55161]}, "properties": {"id": "wc-726", "class": 0, "date": "2017-09-15", "source": "worldcover-water", "verified": false}}, {"type": "Feature", "geometry": {"type": "Point", "coordinates": [5.55551, 4.59975]}, "properties": {"id": "wc-727", "class": 0, "date": "2024-10-15", "source": "worldcover-water", "verified": false}}, {"type": "Feature", "geometry": {"type": "Point", "coordinates": [5.30569, 5.65644]}, "properties": {"id": "wc-728", "class": 0, "date": "2020-02-15", "source": "worldcover-water", "verified": false}}, {"type": "Feature", "geometry": {"type": "Point", "coordinates": [6.82618, 4.24941]}, "properties": {"id": "wc-729", "class": 0, "date": "2025-06-15", "source": "worldcover-water", "verified": false}}, {"type": "Feature", "geometry": {"type": "Point", "coordinates": [6.66152, 4.24806]}, "properties": {"id": "wc-730", "class": 0, "date": "2018-11-15", "source": "worldcover-water", "verified": false}}, {"type": "Feature", "geometry": {"type": "Point", "coordinates": [5.65388, 4.41892]}, "properties": {"id": "wc-731", "class": 0, "date": "2022-08-15", "source": "worldcover-water", "verified": false}}, {"type": "Feature", "geometry": {"type": "Point", "coordinates": [5.97404, 5.1382]}, "properties": {"id": "wc-732", "class": 0, "date": "2021-04-15", "source": "worldcover-water", "verified": false}}, {"type": "Feature", "geometry": {"type": "Point", "coordinates": [5.05425, 5.43788]}, "properties": {"id": "wc-733", "class": 0, "date": "2020-01-15", "source": "worldcover-water", "verified": false}}, {"type": "Feature", "geometry": {"type": "Point", "coordinates": [5.76356, 4.2265]}, "properties": {"id": "wc-734", "class": 0, "date": "2022-08-15", "source": "worldcover-water", "verified": false}}, {"type": "Feature", "geometry": {"type": "Point", "coordinates": [4.98553, 5.64027]}, "properties": {"id": "wc-735", "class": 0, "date": "2017-04-15", "source": "worldcover-water", "verified": false}}, {"type": "Feature", "geometry": {"type": "Point", "coordinates": [7.5398, 4.26423]}, "properties": {"id": "wc-736", "class": 0, "date": "2023-03-15", "source": "worldcover-water", "verified": false}}, {"type": "Feature", "geometry": {"type": "Point", "coordinates": [6.07321, 4.32837]}, "properties": {"id": "wc-737", "class": 0, "date": "2018-10-15", "source": "worldcover-water", "verified": false}}, {"type": "Feature", "geometry": {"type": "Point", "coordinates": [5.42885, 4.41165]}, "properties": {"id": "wc-738", "class": 0, "date": "2019-03-15", "source": "worldcover-water", "verified": false}}, {"type": "Feature", "geometry": {"type": "Point", "coordinates": [5.91636, 5.12608]}, "properties": {"id": "wc-739", "class": 0, "date": "2022-10-15", "source": "worldcover-water", "verified": false}}, {"type": "Feature", "geometry": {"type": "Point", "coordinates": [7.94269, 4.44857]}, "properties": {"id": "wc-740", "class": 0, "date": "2019-01-15", "source": "worldcover-water", "verified": false}}, {"type": "Feature", "geometry": {"type": "Point", "coordinates": [4.99847, 5.60955]}, "properties": {"id": "wc-741", "class": 0, "date": "2020-03-15", "source": "worldcover-water", "verified": false}}, {"type": "Feature", "geometry": {"type": "Point", "coordinates": [6.51815, 4.14539]}, "properties": {"id": "wc-742", "class": 0, "date": "2022-09-15", "source": "worldcover-water", "verified": false}}, {"type": "Feature", "geometry": {"type": "Point", "coordinates": [5.89912, 4.06319]}, "properties": {"id": "wc-743", "class": 0, "date": "2020-06-15", "source": "worldcover-water", "verified": false}}, {"type": "Feature", "geometry": {"type": "Point", "coordinates": [6.91754, 4.19955]}, "properties": {"id": "wc-744", "class": 0, "date": "2025-11-15", "source": "worldcover-water", "verified": false}}, {"type": "Feature", "geometry": {"type": "Point", "coordinates": [5.23912, 5.17135]}, "properties": {"id": "wc-745", "class": 0, "date": "2020-02-15", "source": "worldcover-water", "verified": false}}, {"type": "Feature", "geometry": {"type": "Point", "coordinates": [5.5291, 4.72453]}, "properties": {"id": "wc-746", "class": 0, "date": "2020-10-15", "source": "worldcover-water", "verified": false}}, {"type": "Feature", "geometry": {"type": "Point", "coordinates": [8.09819, 4.54343]}, "properties": {"id": "wc-747", "class": 0, "date": "2024-08-15", "source": "worldcover-water", "verified": false}}, {"type": "Feature", "geometry": {"type": "Point", "coordinates": [6.80219, 4.17799]}, "properties": {"id": "wc-748", "class": 0, "date": "2021-11-15", "source": "worldcover-water", "verified": false}}, {"type": "Feature", "geometry": {"type": "Point", "coordinates": [5.00736, 5.75804]}, "properties": {"id": "wc-749", "class": 0, "date": "2021-07-15", "source": "worldcover-water", "verified": false}}, {"type": "Feature", "geometry": {"type": "Point", "coordinates": [8.39248, 6.13129]}, "properties": {"id": "wc-750", "class": 0, "date": "2022-11-15", "source": "worldcover-wetland", "verified": false}}, {"type": "Feature", "geometry": {"type": "Point", "coordinates": [6.48069, 5.24816]}, "properties": {"id": "wc-751", "class": 0, "date": "2019-02-15", "source": "worldcover-wetland", "verified": false}}, {"type": "Feature", "geometry": {"type": "Point", "coordinates": [6.93964, 6.40186]}, "properties": {"id": "wc-752", "class": 0, "date": "2017-06-15", "source": "worldcover-wetland", "verified": false}}, {"type": "Feature", "geometry": {"type": "Point", "coordinates": [4.80443, 6.10003]}, "properties": {"id": "wc-753", "class": 0, "date": "2023-11-15", "source": "worldcover-wetland", "verified": false}}, {"type": "Feature", "geometry": {"type": "Point", "coordinates": [5.15046, 6.49888]}, "properties": {"id": "wc-754", "class": 0, "date": "2018-10-15", "source": "worldcover-wetland", "verified": false}}, {"type": "Feature", "geometry": {"type": "Point", "coordinates": [4.82033, 6.30215]}, "properties": {"id": "wc-755", "class": 0, "date": "2019-05-15", "source": "worldcover-wetland", "verified": false}}, {"type": "Feature", "geometry": {"type": "Point", "coordinates": [6.0026, 4.5119]}, "properties": {"id": "wc-756", "class": 0, "date": "2018-06-15", "source": "worldcover-wetland", "verified": false}}, {"type": "Feature", "geometry": {"type": "Point", "coordinates": [8.02947, 5.60524]}, "properties": {"id": "wc-757", "class": 0, "date": "2019-02-15", "source": "worldcover-wetland", "verified": false}}, {"type": "Feature", "geometry": {"type": "Point", "coordinates": [5.96056, 4.52753]}, "properties": {"id": "wc-758", "class": 0, "date": "2023-04-15", "source": "worldcover-wetland", "verified": false}}, {"type": "Feature", "geometry": {"type": "Point", "coordinates": [5.73419, 5.63866]}, "properties": {"id": "wc-759", "class": 0, "date": "2024-07-15", "source": "worldcover-wetland", "verified": false}}, {"type": "Feature", "geometry": {"type": "Point", "coordinates": [6.85717, 6.51128]}, "properties": {"id": "wc-760", "class": 0, "date": "2020-03-15", "source": "worldcover-wetland", "verified": false}}, {"type": "Feature", "geometry": {"type": "Point", "coordinates": [7.88017, 5.31607]}, "properties": {"id": "wc-761", "class": 0, "date": "2020-11-15", "source": "worldcover-wetland", "verified": false}}, {"type": "Feature", "geometry": {"type": "Point", "coordinates": [8.14455, 5.28157]}, "properties": {"id": "wc-762", "class": 0, "date": "2018-01-15", "source": "worldcover-wetland", "verified": false}}, {"type": "Feature", "geometry": {"type": "Point", "coordinates": [6.82241, 6.38354]}, "properties": {"id": "wc-763", "class": 0, "date": "2021-12-15", "source": "worldcover-wetland", "verified": false}}, {"type": "Feature", "geometry": {"type": "Point", "coordinates": [6.94071, 6.41372]}, "properties": {"id": "wc-764", "class": 0, "date": "2017-05-15", "source": "worldcover-wetland", "verified": false}}, {"type": "Feature", "geometry": {"type": "Point", "coordinates": [7.89203, 5.32092]}, "properties": {"id": "wc-765", "class": 0, "date": "2021-04-15", "source": "worldcover-wetland", "verified": false}}, {"type": "Feature", "geometry": {"type": "Point", "coordinates": [6.90622, 6.47894]}, "properties": {"id": "wc-766", "class": 0, "date": "2021-05-15", "source": "worldcover-wetland", "verified": false}}, {"type": "Feature", "geometry": {"type": "Point", "coordinates": [7.88826, 5.3538]}, "properties": {"id": "wc-767", "class": 0, "date": "2023-06-15", "source": "worldcover-wetland", "verified": false}}, {"type": "Feature", "geometry": {"type": "Point", "coordinates": [5.59674, 5.14386]}, "properties": {"id": "wc-768", "class": 0, "date": "2025-09-15", "source": "worldcover-wetland", "verified": false}}, {"type": "Feature", "geometry": {"type": "Point", "coordinates": [5.59647, 5.0835]}, "properties": {"id": "wc-769", "class": 0, "date": "2018-03-15", "source": "worldcover-wetland", "verified": false}}, {"type": "Feature", "geometry": {"type": "Point", "coordinates": [5.04051, 6.00059]}, "properties": {"id": "wc-770", "class": 0, "date": "2017-03-15", "source": "worldcover-wetland", "verified": false}}, {"type": "Feature", "geometry": {"type": "Point", "coordinates": [4.95238, 5.97552]}, "properties": {"id": "wc-771", "class": 0, "date": "2022-10-15", "source": "worldcover-wetland", "verified": false}}, {"type": "Feature", "geometry": {"type": "Point", "coordinates": [6.70248, 5.01046]}, "properties": {"id": "wc-772", "class": 0, "date": "2019-10-15", "source": "worldcover-wetland", "verified": false}}, {"type": "Feature", "geometry": {"type": "Point", "coordinates": [4.80362, 6.07847]}, "properties": {"id": "wc-773", "class": 0, "date": "2017-12-15", "source": "worldcover-wetland", "verified": false}}, {"type": "Feature", "geometry": {"type": "Point", "coordinates": [6.68254, 6.34581]}, "properties": {"id": "wc-774", "class": 0, "date": "2019-01-15", "source": "worldcover-wetland", "verified": false}}, {"type": "Feature", "geometry": {"type": "Point", "coordinates": [6.68119, 6.46627]}, "properties": {"id": "wc-775", "class": 0, "date": "2025-11-15", "source": "worldcover-wetland", "verified": false}}, {"type": "Feature", "geometry": {"type": "Point", "coordinates": [5.04347, 6.34204]}, "properties": {"id": "wc-776", "class": 0, "date": "2023-12-15", "source": "worldcover-wetland", "verified": false}}, {"type": "Feature", "geometry": {"type": "Point", "coordinates": [4.87423, 6.03158]}, "properties": {"id": "wc-777", "class": 0, "date": "2025-08-15", "source": "worldcover-wetland", "verified": false}}, {"type": "Feature", "geometry": {"type": "Point", "coordinates": [5.03215, 5.91974]}, "properties": {"id": "wc-778", "class": 0, "date": "2025-11-15", "source": "worldcover-wetland", "verified": false}}, {"type": "Feature", "geometry": {"type": "Point", "coordinates": [4.83677, 6.06527]}, "properties": {"id": "wc-779", "class": 0, "date": "2017-05-15", "source": "worldcover-wetland", "verified": false}}, {"type": "Feature", "geometry": {"type": "Point", "coordinates": [4.88447, 6.00301]}, "properties": {"id": "wc-780", "class": 0, "date": "2023-02-15", "source": "worldcover-wetland", "verified": false}}, {"type": "Feature", "geometry": {"type": "Point", "coordinates": [6.89328, 6.4908]}, "properties": {"id": "wc-781", "class": 0, "date": "2020-11-15", "source": "worldcover-wetland", "verified": false}}, {"type": "Feature", "geometry": {"type": "Point", "coordinates": [8.01034, 5.87608]}, "properties": {"id": "wc-782", "class": 0, "date": "2022-07-15", "source": "worldcover-wetland", "verified": false}}, {"type": "Feature", "geometry": {"type": "Point", "coordinates": [5.50646, 5.07137]}, "properties": {"id": "wc-783", "class": 0, "date": "2017-07-15", "source": "worldcover-wetland", "verified": false}}, {"type": "Feature", "geometry": {"type": "Point", "coordinates": [4.97691, 5.93806]}, "properties": {"id": "wc-784", "class": 0, "date": "2022-10-15", "source": "worldcover-wetland", "verified": false}}, {"type": "Feature", "geometry": {"type": "Point", "coordinates": [5.46954, 6.01864]}, "properties": {"id": "wc-785", "class": 0, "date": "2025-09-15", "source": "worldcover-wetland", "verified": false}}, {"type": "Feature", "geometry": {"type": "Point", "coordinates": [4.9575, 6.26307]}, "properties": {"id": "wc-786", "class": 0, "date": "2020-04-15", "source": "worldcover-wetland", "verified": false}}, {"type": "Feature", "geometry": {"type": "Point", "coordinates": [8.45473, 6.37923]}, "properties": {"id": "wc-787", "class": 0, "date": "2024-12-15", "source": "worldcover-wetland", "verified": false}}, {"type": "Feature", "geometry": {"type": "Point", "coordinates": [7.96479, 5.26864]}, "properties": {"id": "wc-788", "class": 0, "date": "2022-05-15", "source": "worldcover-wetland", "verified": false}}, {"type": "Feature", "geometry": {"type": "Point", "coordinates": [5.08524, 5.93456]}, "properties": {"id": "wc-789", "class": 0, "date": "2017-10-15", "source": "worldcover-wetland", "verified": false}}, {"type": "Feature", "geometry": {"type": "Point", "coordinates": [4.8047, 6.25337]}, "properties": {"id": "wc-790", "class": 0, "date": "2023-06-15", "source": "worldcover-wetland", "verified": false}}, {"type": "Feature", "geometry": {"type": "Point", "coordinates": [5.03027, 5.91165]}, "properties": {"id": "wc-791", "class": 0, "date": "2018-11-15", "source": "worldcover-wetland", "verified": false}}, {"type": "Feature", "geometry": {"type": "Point", "coordinates": [7.96345, 5.28319]}, "properties": {"id": "wc-792", "class": 0, "date": "2021-06-15", "source": "worldcover-wetland", "verified": false}}, {"type": "Feature", "geometry": {"type": "Point", "coordinates": [5.00493, 5.91839]}, "properties": {"id": "wc-793", "class": 0, "date": "2017-08-15", "source": "worldcover-wetland", "verified": false}}, {"type": "Feature", "geometry": {"type": "Point", "coordinates": [4.82922, 6.29676]}, "properties": {"id": "wc-794", "class": 0, "date": "2023-10-15", "source": "worldcover-wetland", "verified": false}}, {"type": "Feature", "geometry": {"type": "Point", "coordinates": [7.93703, 5.32227]}, "properties": {"id": "wc-795", "class": 0, "date": "2022-03-15", "source": "worldcover-wetland", "verified": false}}, {"type": "Feature", "geometry": {"type": "Point", "coordinates": [4.91034, 6.32937]}, "properties": {"id": "wc-796", "class": 0, "date": "2021-03-15", "source": "worldcover-wetland", "verified": false}}, {"type": "Feature", "geometry": {"type": "Point", "coordinates": [4.80982, 6.21834]}, "properties": {"id": "wc-797", "class": 0, "date": "2024-10-15", "source": "worldcover-wetland", "verified": false}}, {"type": "Feature", "geometry": {"type": "Point", "coordinates": [5.91933, 4.69731]}, "properties": {"id": "wc-798", "class": 0, "date": "2023-10-15", "source": "worldcover-wetland", "verified": false}}, {"type": "Feature", "geometry": {"type": "Point", "coordinates": [4.81925, 6.37276]}, "properties": {"id": "wc-799", "class": 0, "date": "2017-01-15", "source": "worldcover-wetland", "verified": false}}, {"type": "Feature", "geometry": {"type": "Point", "coordinates": [5.68649, 4.59706]}, "properties": {"id": "wc-800", "class": 0, "date": "2024-07-15", "source": "worldcover-wetland", "verified": false}}, {"type": "Feature", "geometry": {"type": "Point", "coordinates": [5.04455, 5.78445]}, "properties": {"id": "wc-801", "class": 0, "date": "2018-08-15", "source": "worldcover-wetland", "verified": false}}, {"type": "Feature", "geometry": {"type": "Point", "coordinates": [6.87469, 6.57057]}, "properties": {"id": "wc-802", "class": 0, "date": "2017-01-15", "source": "worldcover-wetland", "verified": false}}, {"type": "Feature", "geometry": {"type": "Point", "coordinates": [5.69484, 5.60739]}, "properties": {"id": "wc-803", "class": 0, "date": "2019-10-15", "source": "worldcover-wetland", "verified": false}}, {"type": "Feature", "geometry": {"type": "Point", "coordinates": [6.80812, 6.42612]}, "properties": {"id": "wc-804", "class": 0, "date": "2022-12-15", "source": "worldcover-wetland", "verified": false}}, {"type": "Feature", "geometry": {"type": "Point", "coordinates": [6.73078, 6.12617]}, "properties": {"id": "wc-805", "class": 0, "date": "2021-12-15", "source": "worldcover-wetland", "verified": false}}, {"type": "Feature", "geometry": {"type": "Point", "coordinates": [6.71003, 5.93348]}, "properties": {"id": "wc-806", "class": 0, "date": "2017-12-15", "source": "worldcover-wetland", "verified": false}}, {"type": "Feature", "geometry": {"type": "Point", "coordinates": [5.49649, 5.08134]}, "properties": {"id": "wc-807", "class": 0, "date": "2022-10-15", "source": "worldcover-wetland", "verified": false}}, {"type": "Feature", "geometry": {"type": "Point", "coordinates": [8.14751, 5.96636]}, "properties": {"id": "wc-809", "class": 0, "date": "2023-11-15", "source": "worldcover-wetland", "verified": false}}, {"type": "Feature", "geometry": {"type": "Point", "coordinates": [5.11947, 5.94857]}, "properties": {"id": "wc-810", "class": 0, "date": "2025-10-15", "source": "worldcover-wetland", "verified": false}}, {"type": "Feature", "geometry": {"type": "Point", "coordinates": [6.22628, 5.09589]}, "properties": {"id": "wc-811", "class": 0, "date": "2019-05-15", "source": "worldcover-wetland", "verified": false}}, {"type": "Feature", "geometry": {"type": "Point", "coordinates": [6.77066, 6.29568]}, "properties": {"id": "wc-812", "class": 0, "date": "2018-08-15", "source": "worldcover-wetland", "verified": false}}, {"type": "Feature", "geometry": {"type": "Point", "coordinates": [6.04033, 4.5561]}, "properties": {"id": "wc-813", "class": 0, "date": "2018-02-15", "source": "worldcover-wetland", "verified": false}}, {"type": "Feature", "geometry": {"type": "Point", "coordinates": [7.21263, 4.91425]}, "properties": {"id": "wc-814", "class": 0, "date": "2025-01-15", "source": "worldcover-wetland", "verified": false}}, {"type": "Feature", "geometry": {"type": "Point", "coordinates": [6.22143, 4.28229]}, "properties": {"id": "wc-815", "class": 0, "date": "2017-12-15", "source": "worldcover-wetland", "verified": false}}, {"type": "Feature", "geometry": {"type": "Point", "coordinates": [5.60618, 5.05089]}, "properties": {"id": "wc-816", "class": 0, "date": "2024-12-15", "source": "worldcover-wetland", "verified": false}}, {"type": "Feature", "geometry": {"type": "Point", "coordinates": [4.97071, 6.1135]}, "properties": {"id": "wc-817", "class": 0, "date": "2023-09-15", "source": "worldcover-wetland", "verified": false}}, {"type": "Feature", "geometry": {"type": "Point", "coordinates": [8.41647, 6.13884]}, "properties": {"id": "wc-818", "class": 0, "date": "2020-02-15", "source": "worldcover-wetland", "verified": false}}, {"type": "Feature", "geometry": {"type": "Point", "coordinates": [6.6952, 6.56922]}, "properties": {"id": "wc-819", "class": 0, "date": "2021-01-15", "source": "worldcover-wetland", "verified": false}}, {"type": "Feature", "geometry": {"type": "Point", "coordinates": [4.95481, 6.231]}, "properties": {"id": "wc-820", "class": 0, "date": "2025-01-15", "source": "worldcover-wetland", "verified": false}}, {"type": "Feature", "geometry": {"type": "Point", "coordinates": [4.87153, 6.08009]}, "properties": {"id": "wc-821", "class": 0, "date": "2024-08-15", "source": "worldcover-wetland", "verified": false}}, {"type": "Feature", "geometry": {"type": "Point", "coordinates": [7.92086, 5.33008]}, "properties": {"id": "wc-822", "class": 0, "date": "2024-06-15", "source": "worldcover-wetland", "verified": false}}, {"type": "Feature", "geometry": {"type": "Point", "coordinates": [4.82276, 6.57569]}, "properties": {"id": "wc-823", "class": 0, "date": "2020-06-15", "source": "worldcover-wetland", "verified": false}}, {"type": "Feature", "geometry": {"type": "Point", "coordinates": [6.63565, 6.54874]}, "properties": {"id": "wc-824", "class": 0, "date": "2025-02-15", "source": "worldcover-wetland", "verified": false}}, {"type": "Feature", "geometry": {"type": "Point", "coordinates": [4.89498, 6.02888]}, "properties": {"id": "wc-825", "class": 0, "date": "2017-03-15", "source": "worldcover-wetland", "verified": false}}, {"type": "Feature", "geometry": {"type": "Point", "coordinates": [6.0115, 5.2045]}, "properties": {"id": "wc-826", "class": 0, "date": "2023-04-15", "source": "worldcover-wetland", "verified": false}}, {"type": "Feature", "geometry": {"type": "Point", "coordinates": [6.20769, 5.29209]}, "properties": {"id": "wc-827", "class": 0, "date": "2023-11-15", "source": "worldcover-wetland", "verified": false}}, {"type": "Feature", "geometry": {"type": "Point", "coordinates": [6.682, 6.54497]}, "properties": {"id": "wc-828", "class": 0, "date": "2017-10-15", "source": "worldcover-wetland", "verified": false}}, {"type": "Feature", "geometry": {"type": "Point", "coordinates": [8.11975, 5.09697]}, "properties": {"id": "wc-829", "class": 0, "date": "2017-04-15", "source": "worldcover-wetland", "verified": false}}, {"type": "Feature", "geometry": {"type": "Point", "coordinates": [5.99263, 4.50705]}, "properties": {"id": "wc-830", "class": 0, "date": "2023-10-15", "source": "worldcover-wetland", "verified": false}}, {"type": "Feature", "geometry": {"type": "Point", "coordinates": [7.86454, 5.34598]}, "properties": {"id": "wc-831", "class": 0, "date": "2025-11-15", "source": "worldcover-wetland", "verified": false}}, {"type": "Feature", "geometry": {"type": "Point", "coordinates": [4.84755, 6.05502]}, "properties": {"id": "wc-832", "class": 0, "date": "2017-02-15", "source": "worldcover-wetland", "verified": false}}, {"type": "Feature", "geometry": {"type": "Point", "coordinates": [6.44808, 5.57155]}, "properties": {"id": "wc-833", "class": 0, "date": "2024-11-15", "source": "worldcover-wetland", "verified": false}}, {"type": "Feature", "geometry": {"type": "Point", "coordinates": [8.01546, 5.71061]}, "properties": {"id": "wc-834", "class": 0, "date": "2020-01-15", "source": "worldcover-wetland", "verified": false}}, {"type": "Feature", "geometry": {"type": "Point", "coordinates": [5.96406, 4.52834]}, "properties": {"id": "wc-835", "class": 0, "date": "2021-03-15", "source": "worldcover-wetland", "verified": false}}, {"type": "Feature", "geometry": {"type": "Point", "coordinates": [5.4973, 5.15087]}, "properties": {"id": "wc-836", "class": 0, "date": "2024-10-15", "source": "worldcover-wetland", "verified": false}}, {"type": "Feature", "geometry": {"type": "Point", "coordinates": [6.73913, 6.34419]}, "properties": {"id": "wc-837", "class": 0, "date": "2018-01-15", "source": "worldcover-wetland", "verified": false}}, {"type": "Feature", "geometry": {"type": "Point", "coordinates": [4.89309, 5.99088]}, "properties": {"id": "wc-838", "class": 0, "date": "2019-02-15", "source": "worldcover-wetland", "verified": false}}, {"type": "Feature", "geometry": {"type": "Point", "coordinates": [7.90119, 5.87042]}, "properties": {"id": "wc-839", "class": 0, "date": "2017-05-15", "source": "worldcover-wetland", "verified": false}}, {"type": "Feature", "geometry": {"type": "Point", "coordinates": [5.04886, 5.82488]}, "properties": {"id": "wc-840", "class": 0, "date": "2025-12-15", "source": "worldcover-wetland", "verified": false}}, {"type": "Feature", "geometry": {"type": "Point", "coordinates": [5.01517, 6.28059]}, "properties": {"id": "wc-841", "class": 0, "date": "2021-06-15", "source": "worldcover-wetland", "verified": false}}, {"type": "Feature", "geometry": {"type": "Point", "coordinates": [4.96397, 6.06634]}, "properties": {"id": "wc-842", "class": 0, "date": "2021-01-15", "source": "worldcover-wetland", "verified": false}}, {"type": "Feature", "geometry": {"type": "Point", "coordinates": [5.53072, 5.83404]}, "properties": {"id": "wc-843", "class": 0, "date": "2018-08-15", "source": "worldcover-wetland", "verified": false}}, {"type": "Feature", "geometry": {"type": "Point", "coordinates": [7.9365, 5.27672]}, "properties": {"id": "wc-844", "class": 0, "date": "2018-02-15", "source": "worldcover-wetland", "verified": false}}, {"type": "Feature", "geometry": {"type": "Point", "coordinates": [5.20786, 5.96744]}, "properties": {"id": "wc-845", "class": 0, "date": "2020-02-15", "source": "worldcover-wetland", "verified": false}}, {"type": "Feature", "geometry": {"type": "Point", "coordinates": [6.75422, 6.26793]}, "properties": {"id": "wc-846", "class": 0, "date": "2017-06-15", "source": "worldcover-wetland", "verified": false}}, {"type": "Feature", "geometry": {"type": "Point", "coordinates": [4.97556, 5.99439]}, "properties": {"id": "wc-847", "class": 0, "date": "2019-05-15", "source": "worldcover-wetland", "verified": false}}, {"type": "Feature", "geometry": {"type": "Point", "coordinates": [5.48356, 5.11476]}, "properties": {"id": "wc-848", "class": 0, "date": "2024-03-15", "source": "worldcover-wetland", "verified": false}}, {"type": "Feature", "geometry": {"type": "Point", "coordinates": [4.85914, 6.39593]}, "properties": {"id": "wc-849", "class": 0, "date": "2024-08-15", "source": "worldcover-wetland", "verified": false}}, {"type": "Feature", "geometry": {"type": "Point", "coordinates": [8.0292, 5.72004]}, "properties": {"id": "wc-850", "class": 0, "date": "2022-04-15", "source": "worldcover-wetland", "verified": false}}, {"type": "Feature", "geometry": {"type": "Point", "coordinates": [6.03521, 5.19615]}, "properties": {"id": "wc-851", "class": 0, "date": "2019-10-15", "source": "worldcover-wetland", "verified": false}}, {"type": "Feature", "geometry": {"type": "Point", "coordinates": [6.67607, 6.59563]}, "properties": {"id": "wc-852", "class": 0, "date": "2022-10-15", "source": "worldcover-wetland", "verified": false}}, {"type": "Feature", "geometry": {"type": "Point", "coordinates": [6.72458, 6.05071]}, "properties": {"id": "wc-854", "class": 0, "date": "2020-10-15", "source": "worldcover-wetland", "verified": false}}, {"type": "Feature", "geometry": {"type": "Point", "coordinates": [4.80308, 6.25849]}, "properties": {"id": "wc-855", "class": 0, "date": "2017-08-15", "source": "worldcover-wetland", "verified": false}}, {"type": "Feature", "geometry": {"type": "Point", "coordinates": [5.03242, 5.81221]}, "properties": {"id": "wc-856", "class": 0, "date": "2023-10-15", "source": "worldcover-wetland", "verified": false}}, {"type": "Feature", "geometry": {"type": "Point", "coordinates": [4.83327, 6.0499]}, "properties": {"id": "wc-857", "class": 0, "date": "2018-11-15", "source": "worldcover-wetland", "verified": false}}, {"type": "Feature", "geometry": {"type": "Point", "coordinates": [5.0397, 5.87635]}, "properties": {"id": "wc-858", "class": 0, "date": "2023-08-15", "source": "worldcover-wetland", "verified": false}}, {"type": "Feature", "geometry": {"type": "Point", "coordinates": [5.39301, 5.26702]}, "properties": {"id": "wc-859", "class": 0, "date": "2022-02-15", "source": "worldcover-wetland", "verified": false}}, {"type": "Feature", "geometry": {"type": "Point", "coordinates": [4.80793, 6.50643]}, "properties": {"id": "wc-860", "class": 0, "date": "2025-10-15", "source": "worldcover-wetland", "verified": false}}, {"type": "Feature", "geometry": {"type": "Point", "coordinates": [8.45473, 6.28544]}, "properties": {"id": "wc-861", "class": 0, "date": "2025-04-15", "source": "worldcover-wetland", "verified": false}}, {"type": "Feature", "geometry": {"type": "Point", "coordinates": [5.12621, 5.72085]}, "properties": {"id": "wc-862", "class": 0, "date": "2024-10-15", "source": "worldcover-wetland", "verified": false}}, {"type": "Feature", "geometry": {"type": "Point", "coordinates": [8.58436, 6.05718]}, "properties": {"id": "wc-863", "class": 0, "date": "2017-05-15", "source": "worldcover-wetland", "verified": false}}, {"type": "Feature", "geometry": {"type": "Point", "coordinates": [6.67122, 5.00211]}, "properties": {"id": "wc-864", "class": 0, "date": "2017-09-15", "source": "worldcover-wetland", "verified": false}}, {"type": "Feature", "geometry": {"type": "Point", "coordinates": [4.85429, 6.09114]}, "properties": {"id": "wc-865", "class": 0, "date": "2024-11-15", "source": "worldcover-wetland", "verified": false}}, {"type": "Feature", "geometry": {"type": "Point", "coordinates": [6.67876, 6.34473]}, "properties": {"id": "wc-866", "class": 0, "date": "2019-04-15", "source": "worldcover-wetland", "verified": false}}, {"type": "Feature", "geometry": {"type": "Point", "coordinates": [6.83507, 6.33907]}, "properties": {"id": "wc-867", "class": 0, "date": "2023-11-15", "source": "worldcover-wetland", "verified": false}}, {"type": "Feature", "geometry": {"type": "Point", "coordinates": [4.81198, 6.32802]}, "properties": {"id": "wc-868", "class": 0, "date": "2024-02-15", "source": "worldcover-wetland", "verified": false}}, {"type": "Feature", "geometry": {"type": "Point", "coordinates": [4.83138, 6.29137]}, "properties": {"id": "wc-869", "class": 0, "date": "2017-03-15", "source": "worldcover-wetland", "verified": false}}, {"type": "Feature", "geometry": {"type": "Point", "coordinates": [6.89706, 6.40968]}, "properties": {"id": "wc-870", "class": 0, "date": "2025-08-15", "source": "worldcover-wetland", "verified": false}}, {"type": "Feature", "geometry": {"type": "Point", "coordinates": [6.25054, 5.36512]}, "properties": {"id": "wc-871", "class": 0, "date": "2023-02-15", "source": "worldcover-wetland", "verified": false}}, {"type": "Feature", "geometry": {"type": "Point", "coordinates": [4.81575, 6.29245]}, "properties": {"id": "wc-872", "class": 0, "date": "2019-09-15", "source": "worldcover-wetland", "verified": false}}, {"type": "Feature", "geometry": {"type": "Point", "coordinates": [7.96776, 5.72516]}, "properties": {"id": "wc-873", "class": 0, "date": "2024-10-15", "source": "worldcover-wetland", "verified": false}}, {"type": "Feature", "geometry": {"type": "Point", "coordinates": [5.13187, 5.67854]}, "properties": {"id": "wc-874", "class": 0, "date": "2019-11-15", "source": "worldcover-wetland", "verified": false}}, {"type": "Feature", "geometry": {"type": "Point", "coordinates": [6.29554, 4.35505]}, "properties": {"id": "wc-875", "class": 0, "date": "2018-03-15", "source": "worldcover-wetland", "verified": false}}, {"type": "Feature", "geometry": {"type": "Point", "coordinates": [4.97664, 5.97391]}, "properties": {"id": "wc-876", "class": 0, "date": "2021-07-15", "source": "worldcover-wetland", "verified": false}}, {"type": "Feature", "geometry": {"type": "Point", "coordinates": [4.96505, 5.98253]}, "properties": {"id": "wc-877", "class": 0, "date": "2023-07-15", "source": "worldcover-wetland", "verified": false}}, {"type": "Feature", "geometry": {"type": "Point", "coordinates": [5.61022, 5.75831]}, "properties": {"id": "wc-878", "class": 0, "date": "2019-11-15", "source": "worldcover-wetland", "verified": false}}, {"type": "Feature", "geometry": {"type": "Point", "coordinates": [5.00951, 5.9863]}, "properties": {"id": "wc-879", "class": 0, "date": "2024-07-15", "source": "worldcover-wetland", "verified": false}}, {"type": "Feature", "geometry": {"type": "Point", "coordinates": [6.84882, 4.77789]}, "properties": {"id": "wc-880", "class": 0, "date": "2017-02-15", "source": "worldcover-wetland", "verified": false}}, {"type": "Feature", "geometry": {"type": "Point", "coordinates": [5.1192, 5.67638]}, "properties": {"id": "wc-881", "class": 0, "date": "2018-10-15", "source": "worldcover-wetland", "verified": false}}, {"type": "Feature", "geometry": {"type": "Point", "coordinates": [7.97908, 5.27753]}, "properties": {"id": "wc-882", "class": 0, "date": "2020-07-15", "source": "worldcover-wetland", "verified": false}}, {"type": "Feature", "geometry": {"type": "Point", "coordinates": [6.26455, 5.28858]}, "properties": {"id": "wc-883", "class": 0, "date": "2019-10-15", "source": "worldcover-wetland", "verified": false}}, {"type": "Feature", "geometry": {"type": "Point", "coordinates": [6.81755, 5.69471]}, "properties": {"id": "wc-884", "class": 0, "date": "2018-01-15", "source": "worldcover-wetland", "verified": false}}, {"type": "Feature", "geometry": {"type": "Point", "coordinates": [6.80031, 6.42989]}, "properties": {"id": "wc-885", "class": 0, "date": "2020-04-15", "source": "worldcover-wetland", "verified": false}}, {"type": "Feature", "geometry": {"type": "Point", "coordinates": [4.85644, 6.35012]}, "properties": {"id": "wc-886", "class": 0, "date": "2023-07-15", "source": "worldcover-wetland", "verified": false}}, {"type": "Feature", "geometry": {"type": "Point", "coordinates": [6.17077, 5.35596]}, "properties": {"id": "wc-887", "class": 0, "date": "2021-07-15", "source": "worldcover-wetland", "verified": false}}, {"type": "Feature", "geometry": {"type": "Point", "coordinates": [5.54204, 5.8335]}, "properties": {"id": "wc-888", "class": 0, "date": "2024-04-15", "source": "worldcover-wetland", "verified": false}}, {"type": "Feature", "geometry": {"type": "Point", "coordinates": [8.05885, 5.90788]}, "properties": {"id": "wc-889", "class": 0, "date": "2017-08-15", "source": "worldcover-wetland", "verified": false}}, {"type": "Feature", "geometry": {"type": "Point", "coordinates": [4.8648, 6.03885]}, "properties": {"id": "wc-890", "class": 0, "date": "2025-07-15", "source": "worldcover-wetland", "verified": false}}, {"type": "Feature", "geometry": {"type": "Point", "coordinates": [4.85725, 6.32398]}, "properties": {"id": "wc-891", "class": 0, "date": "2022-02-15", "source": "worldcover-wetland", "verified": false}}, {"type": "Feature", "geometry": {"type": "Point", "coordinates": [5.61723, 5.07703]}, "properties": {"id": "wc-892", "class": 0, "date": "2018-11-15", "source": "worldcover-wetland", "verified": false}}, {"type": "Feature", "geometry": {"type": "Point", "coordinates": [8.43452, 6.18088]}, "properties": {"id": "wc-893", "class": 0, "date": "2025-04-15", "source": "worldcover-wetland", "verified": false}}, {"type": "Feature", "geometry": {"type": "Point", "coordinates": [6.79707, 6.30943]}, "properties": {"id": "wc-894", "class": 0, "date": "2025-10-15", "source": "worldcover-wetland", "verified": false}}, {"type": "Feature", "geometry": {"type": "Point", "coordinates": [6.4187, 5.91516]}, "properties": {"id": "wc-895", "class": 0, "date": "2020-07-15", "source": "worldcover-wetland", "verified": false}}, {"type": "Feature", "geometry": {"type": "Point", "coordinates": [8.31136, 5.14413]}, "properties": {"id": "wc-896", "class": 0, "date": "2022-02-15", "source": "worldcover-wetland", "verified": false}}, {"type": "Feature", "geometry": {"type": "Point", "coordinates": [4.89552, 6.0173]}, "properties": {"id": "wc-897", "class": 0, "date": "2021-06-15", "source": "worldcover-wetland", "verified": false}}, {"type": "Feature", "geometry": {"type": "Point", "coordinates": [5.72772, 4.81238]}, "properties": {"id": "wc-898", "class": 0, "date": "2019-06-15", "source": "worldcover-wetland", "verified": false}}, {"type": "Feature", "geometry": {"type": "Point", "coordinates": [8.12514, 5.29047]}, "properties": {"id": "wc-899", "class": 0, "date": "2021-09-15", "source": "worldcover-wetland", "verified": false}}, {"type": "Feature", "geometry": {"type": "Point", "coordinates": [5.69538, 5.46187]}, "properties": {"id": "wc-900", "class": 0, "date": "2017-07-15", "source": "worldcover-mangrove", "verified": false}}, {"type": "Feature", "geometry": {"type": "Point", "coordinates": [5.26014, 5.7664]}, "properties": {"id": "wc-901", "class": 0, "date": "2017-08-15", "source": "worldcover-mangrove", "verified": false}}, {"type": "Feature", "geometry": {"type": "Point", "coordinates": [7.23069, 4.43159]}, "properties": {"id": "wc-902", "class": 0, "date": "2023-10-15", "source": "worldcover-mangrove", "verified": false}}, {"type": "Feature", "geometry": {"type": "Point", "coordinates": [6.20984, 4.60029]}, "properties": {"id": "wc-903", "class": 0, "date": "2021-07-15", "source": "worldcover-mangrove", "verified": false}}, {"type": "Feature", "geometry": {"type": "Point", "coordinates": [7.34388, 4.53507]}, "properties": {"id": "wc-904", "class": 0, "date": "2017-01-15", "source": "worldcover-mangrove", "verified": false}}, {"type": "Feature", "geometry": {"type": "Point", "coordinates": [5.37711, 5.83727]}, "properties": {"id": "wc-905", "class": 0, "date": "2025-02-15", "source": "worldcover-mangrove", "verified": false}}, {"type": "Feature", "geometry": {"type": "Point", "coordinates": [8.33481, 4.83152]}, "properties": {"id": "wc-906", "class": 0, "date": "2024-01-15", "source": "worldcover-mangrove", "verified": false}}, {"type": "Feature", "geometry": {"type": "Point", "coordinates": [5.4178, 5.95019]}, "properties": {"id": "wc-907", "class": 0, "date": "2023-11-15", "source": "worldcover-mangrove", "verified": false}}, {"type": "Feature", "geometry": {"type": "Point", "coordinates": [8.25127, 4.84203]}, "properties": {"id": "wc-908", "class": 0, "date": "2022-08-15", "source": "worldcover-mangrove", "verified": false}}, {"type": "Feature", "geometry": {"type": "Point", "coordinates": [6.63133, 4.48684]}, "properties": {"id": "wc-909", "class": 0, "date": "2022-05-15", "source": "worldcover-mangrove", "verified": false}}, {"type": "Feature", "geometry": {"type": "Point", "coordinates": [5.86732, 4.48306]}, "properties": {"id": "wc-910", "class": 0, "date": "2020-05-15", "source": "worldcover-mangrove", "verified": false}}, {"type": "Feature", "geometry": {"type": "Point", "coordinates": [6.41897, 4.42728]}, "properties": {"id": "wc-911", "class": 0, "date": "2022-05-15", "source": "worldcover-mangrove", "verified": false}}, {"type": "Feature", "geometry": {"type": "Point", "coordinates": [6.27344, 4.56014]}, "properties": {"id": "wc-912", "class": 0, "date": "2025-08-15", "source": "worldcover-mangrove", "verified": false}}, {"type": "Feature", "geometry": {"type": "Point", "coordinates": [5.7703, 4.57766]}, "properties": {"id": "wc-913", "class": 0, "date": "2024-10-15", "source": "worldcover-mangrove", "verified": false}}, {"type": "Feature", "geometry": {"type": "Point", "coordinates": [5.83174, 4.84634]}, "properties": {"id": "wc-914", "class": 0, "date": "2019-12-15", "source": "worldcover-mangrove", "verified": false}}, {"type": "Feature", "geometry": {"type": "Point", "coordinates": [5.38573, 5.5225]}, "properties": {"id": "wc-915", "class": 0, "date": "2017-08-15", "source": "worldcover-mangrove", "verified": false}}, {"type": "Feature", "geometry": {"type": "Point", "coordinates": [6.71838, 4.42862]}, "properties": {"id": "wc-916", "class": 0, "date": "2025-05-15", "source": "worldcover-mangrove", "verified": false}}, {"type": "Feature", "geometry": {"type": "Point", "coordinates": [5.76626, 4.50786]}, "properties": {"id": "wc-917", "class": 0, "date": "2019-10-15", "source": "worldcover-mangrove", "verified": false}}, {"type": "Feature", "geometry": {"type": "Point", "coordinates": [5.45661, 5.54703]}, "properties": {"id": "wc-918", "class": 0, "date": "2024-12-15", "source": "worldcover-mangrove", "verified": false}}, {"type": "Feature", "geometry": {"type": "Point", "coordinates": [5.72179, 4.73342]}, "properties": {"id": "wc-919", "class": 0, "date": "2019-12-15", "source": "worldcover-mangrove", "verified": false}}, {"type": "Feature", "geometry": {"type": "Point", "coordinates": [6.68415, 4.53561]}, "properties": {"id": "wc-920", "class": 0, "date": "2021-08-15", "source": "worldcover-mangrove", "verified": false}}, {"type": "Feature", "geometry": {"type": "Point", "coordinates": [8.50836, 4.73612]}, "properties": {"id": "wc-921", "class": 0, "date": "2022-12-15", "source": "worldcover-mangrove", "verified": false}}, {"type": "Feature", "geometry": {"type": "Point", "coordinates": [5.80911, 4.55852]}, "properties": {"id": "wc-922", "class": 0, "date": "2023-01-15", "source": "worldcover-mangrove", "verified": false}}, {"type": "Feature", "geometry": {"type": "Point", "coordinates": [5.3639, 5.71438]}, "properties": {"id": "wc-923", "class": 0, "date": "2022-02-15", "source": "worldcover-mangrove", "verified": false}}, {"type": "Feature", "geometry": {"type": "Point", "coordinates": [6.35241, 4.3122]}, "properties": {"id": "wc-924", "class": 0, "date": "2022-10-15", "source": "worldcover-mangrove", "verified": false}}, {"type": "Feature", "geometry": {"type": "Point", "coordinates": [5.44744, 5.51469]}, "properties": {"id": "wc-925", "class": 0, "date": "2017-02-15", "source": "worldcover-mangrove", "verified": false}}, {"type": "Feature", "geometry": {"type": "Point", "coordinates": [5.48625, 5.201]}, "properties": {"id": "wc-926", "class": 0, "date": "2018-11-15", "source": "worldcover-mangrove", "verified": false}}, {"type": "Feature", "geometry": {"type": "Point", "coordinates": [5.70319, 5.43923]}, "properties": {"id": "wc-927", "class": 0, "date": "2023-11-15", "source": "worldcover-mangrove", "verified": false}}, {"type": "Feature", "geometry": {"type": "Point", "coordinates": [6.74317, 4.41353]}, "properties": {"id": "wc-928", "class": 0, "date": "2023-11-15", "source": "worldcover-mangrove", "verified": false}}, {"type": "Feature", "geometry": {"type": "Point", "coordinates": [6.74129, 4.39143]}, "properties": {"id": "wc-929", "class": 0, "date": "2023-01-15", "source": "worldcover-mangrove", "verified": false}}, {"type": "Feature", "geometry": {"type": "Point", "coordinates": [5.66951, 5.33547]}, "properties": {"id": "wc-930", "class": 0, "date": "2018-05-15", "source": "worldcover-mangrove", "verified": false}}, {"type": "Feature", "geometry": {"type": "Point", "coordinates": [5.09468, 5.87338]}, "properties": {"id": "wc-931", "class": 0, "date": "2020-12-15", "source": "worldcover-mangrove", "verified": false}}, {"type": "Feature", "geometry": {"type": "Point", "coordinates": [8.28253, 4.67252]}, "properties": {"id": "wc-932", "class": 0, "date": "2022-02-15", "source": "worldcover-mangrove", "verified": false}}, {"type": "Feature", "geometry": {"type": "Point", "coordinates": [6.88843, 4.43374]}, "properties": {"id": "wc-933", "class": 0, "date": "2021-10-15", "source": "worldcover-mangrove", "verified": false}}, {"type": "Feature", "geometry": {"type": "Point", "coordinates": [7.08786, 4.50381]}, "properties": {"id": "wc-934", "class": 0, "date": "2018-03-15", "source": "worldcover-mangrove", "verified": false}}, {"type": "Feature", "geometry": {"type": "Point", "coordinates": [5.79159, 4.77169]}, "properties": {"id": "wc-935", "class": 0, "date": "2022-07-15", "source": "worldcover-mangrove", "verified": false}}, {"type": "Feature", "geometry": {"type": "Point", "coordinates": [6.48042, 4.32999]}, "properties": {"id": "wc-936", "class": 0, "date": "2017-09-15", "source": "worldcover-mangrove", "verified": false}}, {"type": "Feature", "geometry": {"type": "Point", "coordinates": [6.18586, 4.40033]}, "properties": {"id": "wc-937", "class": 0, "date": "2025-04-15", "source": "worldcover-mangrove", "verified": false}}, {"type": "Feature", "geometry": {"type": "Point", "coordinates": [6.44565, 4.46608]}, "properties": {"id": "wc-938", "class": 0, "date": "2019-05-15", "source": "worldcover-mangrove", "verified": false}}, {"type": "Feature", "geometry": {"type": "Point", "coordinates": [6.37693, 4.36422]}, "properties": {"id": "wc-939", "class": 0, "date": "2022-10-15", "source": "worldcover-mangrove", "verified": false}}, {"type": "Feature", "geometry": {"type": "Point", "coordinates": [5.7129, 5.48154]}, "properties": {"id": "wc-940", "class": 0, "date": "2025-08-15", "source": "worldcover-mangrove", "verified": false}}, {"type": "Feature", "geometry": {"type": "Point", "coordinates": [6.49497, 4.51594]}, "properties": {"id": "wc-941", "class": 0, "date": "2021-05-15", "source": "worldcover-mangrove", "verified": false}}, {"type": "Feature", "geometry": {"type": "Point", "coordinates": [6.85528, 4.56741]}, "properties": {"id": "wc-942", "class": 0, "date": "2025-10-15", "source": "worldcover-mangrove", "verified": false}}, {"type": "Feature", "geometry": {"type": "Point", "coordinates": [5.51077, 5.16246]}, "properties": {"id": "wc-943", "class": 0, "date": "2017-04-15", "source": "worldcover-mangrove", "verified": false}}, {"type": "Feature", "geometry": {"type": "Point", "coordinates": [5.18765, 5.83646]}, "properties": {"id": "wc-944", "class": 0, "date": "2019-12-15", "source": "worldcover-mangrove", "verified": false}}, {"type": "Feature", "geometry": {"type": "Point", "coordinates": [6.56073, 4.54747]}, "properties": {"id": "wc-945", "class": 0, "date": "2021-09-15", "source": "worldcover-mangrove", "verified": false}}, {"type": "Feature", "geometry": {"type": "Point", "coordinates": [5.04536, 5.91219]}, "properties": {"id": "wc-946", "class": 0, "date": "2024-08-15", "source": "worldcover-mangrove", "verified": false}}, {"type": "Feature", "geometry": {"type": "Point", "coordinates": [5.50727, 5.52223]}, "properties": {"id": "wc-947", "class": 0, "date": "2022-09-15", "source": "worldcover-mangrove", "verified": false}}, {"type": "Feature", "geometry": {"type": "Point", "coordinates": [5.80641, 4.56984]}, "properties": {"id": "wc-948", "class": 0, "date": "2025-12-15", "source": "worldcover-mangrove", "verified": false}}, {"type": "Feature", "geometry": {"type": "Point", "coordinates": [5.81692, 4.80753]}, "properties": {"id": "wc-949", "class": 0, "date": "2022-09-15", "source": "worldcover-mangrove", "verified": false}}, {"type": "Feature", "geometry": {"type": "Point", "coordinates": [5.60079, 4.78166]}, "properties": {"id": "wc-950", "class": 0, "date": "2022-03-15", "source": "worldcover-mangrove", "verified": false}}, {"type": "Feature", "geometry": {"type": "Point", "coordinates": [5.40055, 5.87554]}, "properties": {"id": "wc-951", "class": 0, "date": "2017-01-15", "source": "worldcover-mangrove", "verified": false}}, {"type": "Feature", "geometry": {"type": "Point", "coordinates": [5.88214, 4.45072]}, "properties": {"id": "wc-952", "class": 0, "date": "2024-12-15", "source": "worldcover-mangrove", "verified": false}}, {"type": "Feature", "geometry": {"type": "Point", "coordinates": [6.89813, 4.67656]}, "properties": {"id": "wc-953", "class": 0, "date": "2019-06-15", "source": "worldcover-mangrove", "verified": false}}, {"type": "Feature", "geometry": {"type": "Point", "coordinates": [6.27075, 4.55744]}, "properties": {"id": "wc-954", "class": 0, "date": "2023-08-15", "source": "worldcover-mangrove", "verified": false}}, {"type": "Feature", "geometry": {"type": "Point", "coordinates": [5.52425, 5.19507]}, "properties": {"id": "wc-955", "class": 0, "date": "2020-01-15", "source": "worldcover-mangrove", "verified": false}}, {"type": "Feature", "geometry": {"type": "Point", "coordinates": [5.63178, 4.85955]}, "properties": {"id": "wc-956", "class": 0, "date": "2020-06-15", "source": "worldcover-mangrove", "verified": false}}, {"type": "Feature", "geometry": {"type": "Point", "coordinates": [6.60331, 4.42323]}, "properties": {"id": "wc-957", "class": 0, "date": "2021-02-15", "source": "worldcover-mangrove", "verified": false}}, {"type": "Feature", "geometry": {"type": "Point", "coordinates": [5.15855, 5.87177]}, "properties": {"id": "wc-958", "class": 0, "date": "2021-05-15", "source": "worldcover-mangrove", "verified": false}}, {"type": "Feature", "geometry": {"type": "Point", "coordinates": [6.33624, 4.55071]}, "properties": {"id": "wc-959", "class": 0, "date": "2017-04-15", "source": "worldcover-mangrove", "verified": false}}, {"type": "Feature", "geometry": {"type": "Point", "coordinates": [7.30237, 4.51864]}, "properties": {"id": "wc-960", "class": 0, "date": "2018-03-15", "source": "worldcover-mangrove", "verified": false}}, {"type": "Feature", "geometry": {"type": "Point", "coordinates": [6.96308, 4.50947]}, "properties": {"id": "wc-961", "class": 0, "date": "2019-08-15", "source": "worldcover-mangrove", "verified": false}}, {"type": "Feature", "geometry": {"type": "Point", "coordinates": [5.50404, 5.36754]}, "properties": {"id": "wc-962", "class": 0, "date": "2023-01-15", "source": "worldcover-mangrove", "verified": false}}, {"type": "Feature", "geometry": {"type": "Point", "coordinates": [6.53405, 4.48387]}, "properties": {"id": "wc-963", "class": 0, "date": "2021-07-15", "source": "worldcover-mangrove", "verified": false}}, {"type": "Feature", "geometry": {"type": "Point", "coordinates": [6.95877, 4.42836]}, "properties": {"id": "wc-964", "class": 0, "date": "2025-07-15", "source": "worldcover-mangrove", "verified": false}}, {"type": "Feature", "geometry": {"type": "Point", "coordinates": [6.72215, 4.5057]}, "properties": {"id": "wc-965", "class": 0, "date": "2023-01-15", "source": "worldcover-mangrove", "verified": false}}, {"type": "Feature", "geometry": {"type": "Point", "coordinates": [5.89831, 4.44533]}, "properties": {"id": "wc-966", "class": 0, "date": "2024-09-15", "source": "worldcover-mangrove", "verified": false}}, {"type": "Feature", "geometry": {"type": "Point", "coordinates": [6.90029, 4.74744]}, "properties": {"id": "wc-967", "class": 0, "date": "2019-09-15", "source": "worldcover-mangrove", "verified": false}}, {"type": "Feature", "geometry": {"type": "Point", "coordinates": [5.51832, 5.60605]}, "properties": {"id": "wc-968", "class": 0, "date": "2018-07-15", "source": "worldcover-mangrove", "verified": false}}, {"type": "Feature", "geometry": {"type": "Point", "coordinates": [6.1228, 4.56822]}, "properties": {"id": "wc-969", "class": 0, "date": "2024-02-15", "source": "worldcover-mangrove", "verified": false}}, {"type": "Feature", "geometry": {"type": "Point", "coordinates": [5.53422, 5.67989]}, "properties": {"id": "wc-970", "class": 0, "date": "2024-04-15", "source": "worldcover-mangrove", "verified": false}}, {"type": "Feature", "geometry": {"type": "Point", "coordinates": [7.06576, 4.62913]}, "properties": {"id": "wc-971", "class": 0, "date": "2017-03-15", "source": "worldcover-mangrove", "verified": false}}, {"type": "Feature", "geometry": {"type": "Point", "coordinates": [7.40478, 4.49923]}, "properties": {"id": "wc-972", "class": 0, "date": "2021-09-15", "source": "worldcover-mangrove", "verified": false}}, {"type": "Feature", "geometry": {"type": "Point", "coordinates": [7.17302, 4.59032]}, "properties": {"id": "wc-973", "class": 0, "date": "2024-03-15", "source": "worldcover-mangrove", "verified": false}}, {"type": "Feature", "geometry": {"type": "Point", "coordinates": [8.44988, 4.79756]}, "properties": {"id": "wc-974", "class": 0, "date": "2024-07-15", "source": "worldcover-mangrove", "verified": false}}, {"type": "Feature", "geometry": {"type": "Point", "coordinates": [5.25368, 5.82973]}, "properties": {"id": "wc-975", "class": 0, "date": "2020-06-15", "source": "worldcover-mangrove", "verified": false}}, {"type": "Feature", "geometry": {"type": "Point", "coordinates": [6.86067, 4.5022]}, "properties": {"id": "wc-976", "class": 0, "date": "2021-10-15", "source": "worldcover-mangrove", "verified": false}}, {"type": "Feature", "geometry": {"type": "Point", "coordinates": [7.03989, 4.63883]}, "properties": {"id": "wc-977", "class": 0, "date": "2017-04-15", "source": "worldcover-mangrove", "verified": false}}, {"type": "Feature", "geometry": {"type": "Point", "coordinates": [6.95527, 4.5755]}, "properties": {"id": "wc-978", "class": 0, "date": "2023-01-15", "source": "worldcover-mangrove", "verified": false}}, {"type": "Feature", "geometry": {"type": "Point", "coordinates": [5.34989, 5.72705]}, "properties": {"id": "wc-979", "class": 0, "date": "2024-05-15", "source": "worldcover-mangrove", "verified": false}}, {"type": "Feature", "geometry": {"type": "Point", "coordinates": [7.4638, 4.52106]}, "properties": {"id": "wc-980", "class": 0, "date": "2019-11-15", "source": "worldcover-mangrove", "verified": false}}, {"type": "Feature", "geometry": {"type": "Point", "coordinates": [6.13762, 4.45126]}, "properties": {"id": "wc-981", "class": 0, "date": "2017-12-15", "source": "worldcover-mangrove", "verified": false}}, {"type": "Feature", "geometry": {"type": "Point", "coordinates": [6.28422, 4.47606]}, "properties": {"id": "wc-982", "class": 0, "date": "2025-06-15", "source": "worldcover-mangrove", "verified": false}}, {"type": "Feature", "geometry": {"type": "Point", "coordinates": [5.57896, 5.44004]}, "properties": {"id": "wc-983", "class": 0, "date": "2018-06-15", "source": "worldcover-mangrove", "verified": false}}, {"type": "Feature", "geometry": {"type": "Point", "coordinates": [6.73185, 4.72669]}, "properties": {"id": "wc-984", "class": 0, "date": "2025-04-15", "source": "worldcover-mangrove", "verified": false}}, {"type": "Feature", "geometry": {"type": "Point", "coordinates": [5.43505, 5.7823]}, "properties": {"id": "wc-985", "class": 0, "date": "2019-12-15", "source": "worldcover-mangrove", "verified": false}}, {"type": "Feature", "geometry": {"type": "Point", "coordinates": [6.71703, 4.70917]}, "properties": {"id": "wc-986", "class": 0, "date": "2017-09-15", "source": "worldcover-mangrove", "verified": false}}, {"type": "Feature", "geometry": {"type": "Point", "coordinates": [7.0981, 4.50327]}, "properties": {"id": "wc-987", "class": 0, "date": "2019-09-15", "source": "worldcover-mangrove", "verified": false}}, {"type": "Feature", "geometry": {"type": "Point", "coordinates": [6.4276, 4.47498]}, "properties": {"id": "wc-988", "class": 0, "date": "2018-11-15", "source": "worldcover-mangrove", "verified": false}}, {"type": "Feature", "geometry": {"type": "Point", "coordinates": [5.44044, 5.74538]}, "properties": {"id": "wc-989", "class": 0, "date": "2023-12-15", "source": "worldcover-mangrove", "verified": false}}, {"type": "Feature", "geometry": {"type": "Point", "coordinates": [5.59162, 5.05897]}, "properties": {"id": "wc-990", "class": 0, "date": "2021-12-15", "source": "worldcover-mangrove", "verified": false}}, {"type": "Feature", "geometry": {"type": "Point", "coordinates": [5.15935, 5.73567]}, "properties": {"id": "wc-991", "class": 0, "date": "2025-12-15", "source": "worldcover-mangrove", "verified": false}}, {"type": "Feature", "geometry": {"type": "Point", "coordinates": [6.88008, 4.693]}, "properties": {"id": "wc-992", "class": 0, "date": "2022-07-15", "source": "worldcover-mangrove", "verified": false}}, {"type": "Feature", "geometry": {"type": "Point", "coordinates": [5.56737, 5.72947]}, "properties": {"id": "wc-993", "class": 0, "date": "2021-04-15", "source": "worldcover-mangrove", "verified": false}}, {"type": "Feature", "geometry": {"type": "Point", "coordinates": [6.16295, 4.50974]}, "properties": {"id": "wc-994", "class": 0, "date": "2018-12-15", "source": "worldcover-mangrove", "verified": false}}, {"type": "Feature", "geometry": {"type": "Point", "coordinates": [6.5327, 4.64853]}, "properties": {"id": "wc-995", "class": 0, "date": "2020-01-15", "source": "worldcover-mangrove", "verified": false}}, {"type": "Feature", "geometry": {"type": "Point", "coordinates": [5.2305, 5.6621]}, "properties": {"id": "wc-996", "class": 0, "date": "2019-01-15", "source": "worldcover-mangrove", "verified": false}}, {"type": "Feature", "geometry": {"type": "Point", "coordinates": [5.1863, 5.73352]}, "properties": {"id": "wc-997", "class": 0, "date": "2021-03-15", "source": "worldcover-mangrove", "verified": false}}, {"type": "Feature", "geometry": {"type": "Point", "coordinates": [5.0998, 5.78553]}, "properties": {"id": "wc-998", "class": 0, "date": "2020-05-15", "source": "worldcover-mangrove", "verified": false}}, {"type": "Feature", "geometry": {"type": "Point", "coordinates": [6.13897, 4.32864]}, "properties": {"id": "wc-999", "class": 0, "date": "2024-10-15", "source": "worldcover-mangrove", "verified": false}}, {"type": "Feature", "geometry": {"type": "Point", "coordinates": [6.96982, 4.42728]}, "properties": {"id": "wc-1000", "class": 0, "date": "2023-06-15", "source": "worldcover-mangrove", "verified": false}}, {"type": "Feature", "geometry": {"type": "Point", "coordinates": [5.87055, 4.63991]}, "properties": {"id": "wc-1001", "class": 0, "date": "2025-12-15", "source": "worldcover-mangrove", "verified": false}}, {"type": "Feature", "geometry": {"type": "Point", "coordinates": [6.91969, 4.61404]}, "properties": {"id": "wc-1002", "class": 0, "date": "2020-11-15", "source": "worldcover-mangrove", "verified": false}}, {"type": "Feature", "geometry": {"type": "Point", "coordinates": [6.73374, 4.47471]}, "properties": {"id": "wc-1003", "class": 0, "date": "2017-02-15", "source": "worldcover-mangrove", "verified": false}}, {"type": "Feature", "geometry": {"type": "Point", "coordinates": [5.50053, 5.3476]}, "properties": {"id": "wc-1004", "class": 0, "date": "2017-09-15", "source": "worldcover-mangrove", "verified": false}}, {"type": "Feature", "geometry": {"type": "Point", "coordinates": [5.54096, 5.3503]}, "properties": {"id": "wc-1005", "class": 0, "date": "2023-09-15", "source": "worldcover-mangrove", "verified": false}}, {"type": "Feature", "geometry": {"type": "Point", "coordinates": [7.08894, 4.55717]}, "properties": {"id": "wc-1006", "class": 0, "date": "2022-01-15", "source": "worldcover-mangrove", "verified": false}}, {"type": "Feature", "geometry": {"type": "Point", "coordinates": [6.17292, 4.56095]}, "properties": {"id": "wc-1007", "class": 0, "date": "2019-05-15", "source": "worldcover-mangrove", "verified": false}}, {"type": "Feature", "geometry": {"type": "Point", "coordinates": [6.17804, 4.31571]}, "properties": {"id": "wc-1008", "class": 0, "date": "2019-03-15", "source": "worldcover-mangrove", "verified": false}}, {"type": "Feature", "geometry": {"type": "Point", "coordinates": [6.4602, 4.32164]}, "properties": {"id": "wc-1009", "class": 0, "date": "2022-02-15", "source": "worldcover-mangrove", "verified": false}}, {"type": "Feature", "geometry": {"type": "Point", "coordinates": [5.977, 4.41677]}, "properties": {"id": "wc-1010", "class": 0, "date": "2024-06-15", "source": "worldcover-mangrove", "verified": false}}, {"type": "Feature", "geometry": {"type": "Point", "coordinates": [5.49973, 5.85964]}, "properties": {"id": "wc-1011", "class": 0, "date": "2021-11-15", "source": "worldcover-mangrove", "verified": false}}, {"type": "Feature", "geometry": {"type": "Point", "coordinates": [5.51131, 5.62868]}, "properties": {"id": "wc-1012", "class": 0, "date": "2020-07-15", "source": "worldcover-mangrove", "verified": false}}, {"type": "Feature", "geometry": {"type": "Point", "coordinates": [5.45041, 5.84509]}, "properties": {"id": "wc-1013", "class": 0, "date": "2019-04-15", "source": "worldcover-mangrove", "verified": false}}, {"type": "Feature", "geometry": {"type": "Point", "coordinates": [6.68523, 4.66955]}, "properties": {"id": "wc-1014", "class": 0, "date": "2020-10-15", "source": "worldcover-mangrove", "verified": false}}, {"type": "Feature", "geometry": {"type": "Point", "coordinates": [6.96955, 4.5914]}, "properties": {"id": "wc-1015", "class": 0, "date": "2018-10-15", "source": "worldcover-mangrove", "verified": false}}, {"type": "Feature", "geometry": {"type": "Point", "coordinates": [6.89328, 4.72345]}, "properties": {"id": "wc-1016", "class": 0, "date": "2025-03-15", "source": "worldcover-mangrove", "verified": false}}, {"type": "Feature", "geometry": {"type": "Point", "coordinates": [6.44538, 4.43967]}, "properties": {"id": "wc-1017", "class": 0, "date": "2024-04-15", "source": "worldcover-mangrove", "verified": false}}, {"type": "Feature", "geometry": {"type": "Point", "coordinates": [6.90352, 4.51325]}, "properties": {"id": "wc-1018", "class": 0, "date": "2018-09-15", "source": "worldcover-mangrove", "verified": false}}, {"type": "Feature", "geometry": {"type": "Point", "coordinates": [6.66475, 4.61053]}, "properties": {"id": "wc-1019", "class": 0, "date": "2025-06-15", "source": "worldcover-mangrove", "verified": false}}, {"type": "Feature", "geometry": {"type": "Point", "coordinates": [6.86202, 4.63209]}, "properties": {"id": "wc-1020", "class": 0, "date": "2022-03-15", "source": "worldcover-mangrove", "verified": false}}, {"type": "Feature", "geometry": {"type": "Point", "coordinates": [5.62019, 5.06221]}, "properties": {"id": "wc-1021", "class": 0, "date": "2017-01-15", "source": "worldcover-mangrove", "verified": false}}, {"type": "Feature", "geometry": {"type": "Point", "coordinates": [5.63528, 4.85227]}, "properties": {"id": "wc-1022", "class": 0, "date": "2020-12-15", "source": "worldcover-mangrove", "verified": false}}, {"type": "Feature", "geometry": {"type": "Point", "coordinates": [7.38996, 4.53777]}, "properties": {"id": "wc-1023", "class": 0, "date": "2020-08-15", "source": "worldcover-mangrove", "verified": false}}, {"type": "Feature", "geometry": {"type": "Point", "coordinates": [6.33166, 4.51163]}, "properties": {"id": "wc-1024", "class": 0, "date": "2025-09-15", "source": "worldcover-mangrove", "verified": false}}, {"type": "Feature", "geometry": {"type": "Point", "coordinates": [7.74084, 4.51109]}, "properties": {"id": "wc-1025", "class": 0, "date": "2022-08-15", "source": "worldcover-mangrove", "verified": false}}, {"type": "Feature", "geometry": {"type": "Point", "coordinates": [5.49353, 5.31472]}, "properties": {"id": "wc-1026", "class": 0, "date": "2024-11-15", "source": "worldcover-mangrove", "verified": false}}, {"type": "Feature", "geometry": {"type": "Point", "coordinates": [6.96066, 4.40518]}, "properties": {"id": "wc-1027", "class": 0, "date": "2019-05-15", "source": "worldcover-mangrove", "verified": false}}, {"type": "Feature", "geometry": {"type": "Point", "coordinates": [7.09406, 4.52349]}, "properties": {"id": "wc-1028", "class": 0, "date": "2020-10-15", "source": "worldcover-mangrove", "verified": false}}, {"type": "Feature", "geometry": {"type": "Point", "coordinates": [7.02614, 4.78274]}, "properties": {"id": "wc-1029", "class": 0, "date": "2025-06-15", "source": "worldcover-mangrove", "verified": false}}, {"type": "Feature", "geometry": {"type": "Point", "coordinates": [5.63124, 5.45621]}, "properties": {"id": "wc-1030", "class": 0, "date": "2024-03-15", "source": "worldcover-mangrove", "verified": false}}, {"type": "Feature", "geometry": {"type": "Point", "coordinates": [5.88995, 4.51298]}, "properties": {"id": "wc-1031", "class": 0, "date": "2023-09-15", "source": "worldcover-mangrove", "verified": false}}, {"type": "Feature", "geometry": {"type": "Point", "coordinates": [6.42301, 4.39548]}, "properties": {"id": "wc-1032", "class": 0, "date": "2021-01-15", "source": "worldcover-mangrove", "verified": false}}, {"type": "Feature", "geometry": {"type": "Point", "coordinates": [6.52354, 4.44345]}, "properties": {"id": "wc-1033", "class": 0, "date": "2025-06-15", "source": "worldcover-mangrove", "verified": false}}, {"type": "Feature", "geometry": {"type": "Point", "coordinates": [7.72467, 4.50813]}, "properties": {"id": "wc-1034", "class": 0, "date": "2024-10-15", "source": "worldcover-mangrove", "verified": false}}, {"type": "Feature", "geometry": {"type": "Point", "coordinates": [5.63582, 5.74241]}, "properties": {"id": "wc-1035", "class": 0, "date": "2025-09-15", "source": "worldcover-mangrove", "verified": false}}, {"type": "Feature", "geometry": {"type": "Point", "coordinates": [5.6811, 5.56481]}, "properties": {"id": "wc-1036", "class": 0, "date": "2024-03-15", "source": "worldcover-mangrove", "verified": false}}, {"type": "Feature", "geometry": {"type": "Point", "coordinates": [6.77066, 4.42889]}, "properties": {"id": "wc-1037", "class": 0, "date": "2020-10-15", "source": "worldcover-mangrove", "verified": false}}, {"type": "Feature", "geometry": {"type": "Point", "coordinates": [5.30758, 5.69929]}, "properties": {"id": "wc-1038", "class": 0, "date": "2021-09-15", "source": "worldcover-mangrove", "verified": false}}, {"type": "Feature", "geometry": {"type": "Point", "coordinates": [6.6793, 4.37688]}, "properties": {"id": "wc-1039", "class": 0, "date": "2025-01-15", "source": "worldcover-mangrove", "verified": false}}, {"type": "Feature", "geometry": {"type": "Point", "coordinates": [5.23966, 5.91246]}, "properties": {"id": "wc-1040", "class": 0, "date": "2022-12-15", "source": "worldcover-mangrove", "verified": false}}, {"type": "Feature", "geometry": {"type": "Point", "coordinates": [6.83992, 4.738]}, "properties": {"id": "wc-1041", "class": 0, "date": "2024-02-15", "source": "worldcover-mangrove", "verified": false}}, {"type": "Feature", "geometry": {"type": "Point", "coordinates": [8.44719, 4.76954]}, "properties": {"id": "wc-1042", "class": 0, "date": "2024-05-15", "source": "worldcover-mangrove", "verified": false}}, {"type": "Feature", "geometry": {"type": "Point", "coordinates": [5.87163, 4.6108]}, "properties": {"id": "wc-1043", "class": 0, "date": "2019-11-15", "source": "worldcover-mangrove", "verified": false}}, {"type": "Feature", "geometry": {"type": "Point", "coordinates": [5.9611, 4.43967]}, "properties": {"id": "wc-1044", "class": 0, "date": "2022-03-15", "source": "worldcover-mangrove", "verified": false}}, {"type": "Feature", "geometry": {"type": "Point", "coordinates": [6.15541, 4.52968]}, "properties": {"id": "wc-1045", "class": 0, "date": "2020-01-15", "source": "worldcover-mangrove", "verified": false}}, {"type": "Feature", "geometry": {"type": "Point", "coordinates": [5.06287, 5.97903]}, "properties": {"id": "wc-1046", "class": 0, "date": "2018-09-15", "source": "worldcover-mangrove", "verified": false}}, {"type": "Feature", "geometry": {"type": "Point", "coordinates": [6.7111, 4.66497]}, "properties": {"id": "wc-1047", "class": 0, "date": "2017-12-15", "source": "worldcover-mangrove", "verified": false}}, {"type": "Feature", "geometry": {"type": "Point", "coordinates": [6.28342, 4.56688]}, "properties": {"id": "wc-1048", "class": 0, "date": "2025-04-15", "source": "worldcover-mangrove", "verified": false}}, {"type": "Feature", "geometry": {"type": "Point", "coordinates": [6.28584, 4.66201]}, "properties": {"id": "wc-1049", "class": 0, "date": "2021-12-15", "source": "worldcover-mangrove", "verified": false}}, {"type": "Feature", "geometry": {"type": "Point", "coordinates": [6.59958, 4.5612]}, "properties": {"id": "lk-6_F949-0", "class": 0, "date": "2019-06-07", "source": "lookalike-lowwind", "verified": false}}, {"type": "Feature", "geometry": {"type": "Point", "coordinates": [6.2492, 4.44169]}, "properties": {"id": "lk-6_F949-1", "class": 0, "date": "2019-06-07", "source": "lookalike-lowwind", "verified": false}}, {"type": "Feature", "geometry": {"type": "Point", "coordinates": [6.6295, 4.59643]}, "properties": {"id": "lk-6_F949-2", "class": 0, "date": "2019-06-07", "source": "lookalike-lowwind", "verified": false}}, {"type": "Feature", "geometry": {"type": "Point", "coordinates": [7.00213, 4.61794]}, "properties": {"id": "lk-6_F949-3", "class": 0, "date": "2019-06-07", "source": "lookalike-lowwind", "verified": false}}, {"type": "Feature", "geometry": {"type": "Point", "coordinates": [6.88614, 4.59998]}, "properties": {"id": "lk-6_F949-4", "class": 0, "date": "2019-06-07", "source": "lookalike-lowwind", "verified": false}}, {"type": "Feature", "geometry": {"type": "Point", "coordinates": [6.69037, 4.51306]}, "properties": {"id": "lk-6_F949-5", "class": 0, "date": "2019-06-07", "source": "lookalike-lowwind", "verified": false}}, {"type": "Feature", "geometry": {"type": "Point", "coordinates": [6.27685, 4.37696]}, "properties": {"id": "lk-6_F949-6", "class": 0, "date": "2019-06-07", "source": "lookalike-lowwind", "verified": false}}, {"type": "Feature", "geometry": {"type": "Point", "coordinates": [6.83559, 4.44057]}, "properties": {"id": "lk-6_F949-7", "class": 0, "date": "2019-06-07", "source": "lookalike-lowwind", "verified": false}}, {"type": "Feature", "geometry": {"type": "Point", "coordinates": [7.586, 4.49716]}, "properties": {"id": "lk-6_7AFF-0", "class": 0, "date": "2024-09-15", "source": "lookalike-lowwind", "verified": false}}, {"type": "Feature", "geometry": {"type": "Point", "coordinates": [7.77607, 4.38994]}, "properties": {"id": "lk-6_7AFF-1", "class": 0, "date": "2024-09-15", "source": "lookalike-lowwind", "verified": false}}, {"type": "Feature", "geometry": {"type": "Point", "coordinates": [6.98437, 4.5545]}, "properties": {"id": "lk-6_7AFF-2", "class": 0, "date": "2024-09-15", "source": "lookalike-lowwind", "verified": false}}, {"type": "Feature", "geometry": {"type": "Point", "coordinates": [7.69143, 4.43335]}, "properties": {"id": "lk-6_7AFF-3", "class": 0, "date": "2024-09-15", "source": "lookalike-lowwind", "verified": false}}, {"type": "Feature", "geometry": {"type": "Point", "coordinates": [7.7017, 4.38309]}, "properties": {"id": "lk-6_7AFF-4", "class": 0, "date": "2024-09-15", "source": "lookalike-lowwind", "verified": false}}, {"type": "Feature", "geometry": {"type": "Point", "coordinates": [7.70109, 4.44666]}, "properties": {"id": "lk-6_7AFF-5", "class": 0, "date": "2024-09-15", "source": "lookalike-lowwind", "verified": false}}, {"type": "Feature", "geometry": {"type": "Point", "coordinates": [8.02231, 5.5111]}, "properties": {"id": "lk-6_7AFF-6", "class": 0, "date": "2024-09-15", "source": "lookalike-lowwind", "verified": false}}, {"type": "Feature", "geometry": {"type": "Point", "coordinates": [8.54261, 4.72627]}, "properties": {"id": "lk-6_7AFF-7", "class": 0, "date": "2024-09-15", "source": "lookalike-lowwind", "verified": false}}, {"type": "Feature", "geometry": {"type": "Point", "coordinates": [6.09607, 4.44386]}, "properties": {"id": "lk-2_724A-0", "class": 0, "date": "2024-10-08", "source": "lookalike-lowwind", "verified": false}}, {"type": "Feature", "geometry": {"type": "Point", "coordinates": [6.91205, 4.66569]}, "properties": {"id": "lk-2_724A-1", "class": 0, "date": "2024-10-08", "source": "lookalike-lowwind", "verified": false}}, {"type": "Feature", "geometry": {"type": "Point", "coordinates": [6.81821, 4.58855]}, "properties": {"id": "lk-2_724A-2", "class": 0, "date": "2024-10-08", "source": "lookalike-lowwind", "verified": false}}, {"type": "Feature", "geometry": {"type": "Point", "coordinates": [6.53076, 5.49397]}, "properties": {"id": "lk-2_724A-3", "class": 0, "date": "2024-10-08", "source": "lookalike-lowwind", "verified": false}}, {"type": "Feature", "geometry": {"type": "Point", "coordinates": [5.50252, 5.39936]}, "properties": {"id": "lk-2_724A-4", "class": 0, "date": "2024-10-08", "source": "lookalike-lowwind", "verified": false}}, {"type": "Feature", "geometry": {"type": "Point", "coordinates": [6.77528, 4.74774]}, "properties": {"id": "lk-2_724A-5", "class": 0, "date": "2024-10-08", "source": "lookalike-lowwind", "verified": false}}, {"type": "Feature", "geometry": {"type": "Point", "coordinates": [6.88889, 4.69805]}, "properties": {"id": "lk-2_724A-6", "class": 0, "date": "2024-10-08", "source": "lookalike-lowwind", "verified": false}}, {"type": "Feature", "geometry": {"type": "Point", "coordinates": [6.0184, 4.51915]}, "properties": {"id": "lk-2_724A-7", "class": 0, "date": "2024-10-08", "source": "lookalike-lowwind", "verified": false}}, {"type": "Feature", "geometry": {"type": "Point", "coordinates": [7.45253, 4.41551]}, "properties": {"id": "lk-4_F2B5-0", "class": 0, "date": "2019-09-30", "source": "lookalike-lowwind", "verified": false}}, {"type": "Feature", "geometry": {"type": "Point", "coordinates": [7.06552, 4.42318]}, "properties": {"id": "lk-4_F2B5-1", "class": 0, "date": "2019-09-30", "source": "lookalike-lowwind", "verified": false}}, {"type": "Feature", "geometry": {"type": "Point", "coordinates": [7.09277, 4.4469]}, "properties": {"id": "lk-4_F2B5-2", "class": 0, "date": "2019-09-30", "source": "lookalike-lowwind", "verified": false}}, {"type": "Feature", "geometry": {"type": "Point", "coordinates": [7.02264, 4.43297]}, "properties": {"id": "lk-4_F2B5-3", "class": 0, "date": "2019-09-30", "source": "lookalike-lowwind", "verified": false}}, {"type": "Feature", "geometry": {"type": "Point", "coordinates": [6.97347, 4.51894]}, "properties": {"id": "lk-4_F2B5-4", "class": 0, "date": "2019-09-30", "source": "lookalike-lowwind", "verified": false}}, {"type": "Feature", "geometry": {"type": "Point", "coordinates": [7.01231, 4.42015]}, "properties": {"id": "lk-4_F2B5-5", "class": 0, "date": "2019-09-30", "source": "lookalike-lowwind", "verified": false}}, {"type": "Feature", "geometry": {"type": "Point", "coordinates": [6.99122, 4.4896]}, "properties": {"id": "lk-4_F2B5-6", "class": 0, "date": "2019-09-30", "source": "lookalike-lowwind", "verified": false}}, {"type": "Feature", "geometry": {"type": "Point", "coordinates": [7.00934, 4.46032]}, "properties": {"id": "lk-4_F2B5-7", "class": 0, "date": "2019-09-30", "source": "lookalike-lowwind", "verified": false}}, {"type": "Feature", "geometry": {"type": "Point", "coordinates": [5.1303, 5.60864]}, "properties": {"id": "lk-6_0D7D-0", "class": 0, "date": "2025-12-01", "source": "lookalike-lowwind", "verified": false}}, {"type": "Feature", "geometry": {"type": "Point", "coordinates": [5.13695, 5.59936]}, "properties": {"id": "lk-6_0D7D-1", "class": 0, "date": "2025-12-01", "source": "lookalike-lowwind", "verified": false}}, {"type": "Feature", "geometry": {"type": "Point", "coordinates": [5.16549, 5.83852]}, "properties": {"id": "lk-6_0D7D-2", "class": 0, "date": "2025-12-01", "source": "lookalike-lowwind", "verified": false}}, {"type": "Feature", "geometry": {"type": "Point", "coordinates": [5.14977, 5.60443]}, "properties": {"id": "lk-6_0D7D-3", "class": 0, "date": "2025-12-01", "source": "lookalike-lowwind", "verified": false}}, {"type": "Feature", "geometry": {"type": "Point", "coordinates": [5.12587, 5.57218]}, "properties": {"id": "lk-6_0D7D-4", "class": 0, "date": "2025-12-01", "source": "lookalike-lowwind", "verified": false}}, {"type": "Feature", "geometry": {"type": "Point", "coordinates": [5.1571, 5.82685]}, "properties": {"id": "lk-6_0D7D-5", "class": 0, "date": "2025-12-01", "source": "lookalike-lowwind", "verified": false}}, {"type": "Feature", "geometry": {"type": "Point", "coordinates": [5.15772, 5.76293]}, "properties": {"id": "lk-6_0D7D-6", "class": 0, "date": "2025-12-01", "source": "lookalike-lowwind", "verified": false}}, {"type": "Feature", "geometry": {"type": "Point", "coordinates": [7.02117, 4.71764]}, "properties": {"id": "lk-A_41FE-0", "class": 0, "date": "2024-08-15", "source": "lookalike-lowwind", "verified": false}}, {"type": "Feature", "geometry": {"type": "Point", "coordinates": [6.65043, 5.81351]}, "properties": {"id": "lk-A_41FE-1", "class": 0, "date": "2024-08-15", "source": "lookalike-lowwind", "verified": false}}, {"type": "Feature", "geometry": {"type": "Point", "coordinates": [6.68593, 6.43818]}, "properties": {"id": "lk-A_41FE-2", "class": 0, "date": "2024-08-15", "source": "lookalike-lowwind", "verified": false}}, {"type": "Feature", "geometry": {"type": "Point", "coordinates": [6.68345, 6.4216]}, "properties": {"id": "lk-A_41FE-3", "class": 0, "date": "2024-08-15", "source": "lookalike-lowwind", "verified": false}}, {"type": "Feature", "geometry": {"type": "Point", "coordinates": [6.65025, 5.81128]}, "properties": {"id": "lk-A_41FE-4", "class": 0, "date": "2024-08-15", "source": "lookalike-lowwind", "verified": false}}, {"type": "Feature", "geometry": {"type": "Point", "coordinates": [5.30472, 5.66548]}, "properties": {"id": "lk-A_41FE-5", "class": 0, "date": "2024-08-15", "source": "lookalike-lowwind", "verified": false}}, {"type": "Feature", "geometry": {"type": "Point", "coordinates": [6.40742, 5.2653]}, "properties": {"id": "lk-A_41FE-6", "class": 0, "date": "2024-08-15", "source": "lookalike-lowwind", "verified": false}}, {"type": "Feature", "geometry": {"type": "Point", "coordinates": [5.92835, 5.14316]}, "properties": {"id": "lk-A_41FE-7", "class": 0, "date": "2024-08-15", "source": "lookalike-lowwind", "verified": false}}, {"type": "Feature", "geometry": {"type": "Point", "coordinates": [5.15772, 5.82646]}, "properties": {"id": "lk-2_BC8E-0", "class": 0, "date": "2021-07-31", "source": "lookalike-lowwind", "verified": false}}, {"type": "Feature", "geometry": {"type": "Point", "coordinates": [5.17208, 5.84371]}, "properties": {"id": "lk-2_BC8E-1", "class": 0, "date": "2021-07-31", "source": "lookalike-lowwind", "verified": false}}, {"type": "Feature", "geometry": {"type": "Point", "coordinates": [5.15832, 5.76239]}, "properties": {"id": "lk-2_BC8E-2", "class": 0, "date": "2021-07-31", "source": "lookalike-lowwind", "verified": false}}, {"type": "Feature", "geometry": {"type": "Point", "coordinates": [4.93896, 5.90009]}, "properties": {"id": "lk-2_DAEA-0", "class": 0, "date": "2020-05-13", "source": "lookalike-lowwind", "verified": false}}, {"type": "Feature", "geometry": {"type": "Point", "coordinates": [4.85255, 5.89274]}, "properties": {"id": "lk-2_DAEA-1", "class": 0, "date": "2020-05-13", "source": "lookalike-lowwind", "verified": false}}, {"type": "Feature", "geometry": {"type": "Point", "coordinates": [4.80071, 5.98749]}, "properties": {"id": "lk-2_DAEA-2", "class": 0, "date": "2020-05-13", "source": "lookalike-lowwind", "verified": false}}, {"type": "Feature", "geometry": {"type": "Point", "coordinates": [4.86949, 5.91015]}, "properties": {"id": "lk-2_DAEA-3", "class": 0, "date": "2020-05-13", "source": "lookalike-lowwind", "verified": false}}, {"type": "Feature", "geometry": {"type": "Point", "coordinates": [4.90386, 5.91691]}, "properties": {"id": "lk-2_DAEA-4", "class": 0, "date": "2020-05-13", "source": "lookalike-lowwind", "verified": false}}, {"type": "Feature", "geometry": {"type": "Point", "coordinates": [4.94051, 5.8983]}, "properties": {"id": "lk-2_DAEA-5", "class": 0, "date": "2020-05-13", "source": "lookalike-lowwind", "verified": false}}, {"type": "Feature", "geometry": {"type": "Point", "coordinates": [4.87157, 5.93122]}, "properties": {"id": "lk-2_DAEA-6", "class": 0, "date": "2020-05-13", "source": "lookalike-lowwind", "verified": false}}, {"type": "Feature", "geometry": {"type": "Point", "coordinates": [4.87141, 5.9169]}, "properties": {"id": "lk-2_DAEA-7", "class": 0, "date": "2020-05-13", "source": "lookalike-lowwind", "verified": false}}, {"type": "Feature", "geometry": {"type": "Point", "coordinates": [6.25246, 4.70068]}, "properties": {"id": "lk-B_3022-0", "class": 0, "date": "2023-05-29", "source": "lookalike-lowwind", "verified": false}}, {"type": "Feature", "geometry": {"type": "Point", "coordinates": [6.79333, 4.66122]}, "properties": {"id": "lk-B_3022-1", "class": 0, "date": "2023-05-29", "source": "lookalike-lowwind", "verified": false}}, {"type": "Feature", "geometry": {"type": "Point", "coordinates": [6.71969, 6.35048]}, "properties": {"id": "lk-9_5386-0", "class": 0, "date": "2019-12-05", "source": "lookalike-lowwind", "verified": false}}, {"type": "Feature", "geometry": {"type": "Point", "coordinates": [8.46714, 6.13454]}, "properties": {"id": "lk-9_5386-1", "class": 0, "date": "2019-12-05", "source": "lookalike-lowwind", "verified": false}}, {"type": "Feature", "geometry": {"type": "Point", "coordinates": [6.70913, 6.39774]}, "properties": {"id": "lk-9_5386-2", "class": 0, "date": "2019-12-05", "source": "lookalike-lowwind", "verified": false}}, {"type": "Feature", "geometry": {"type": "Point", "coordinates": [6.97449, 4.67246]}, "properties": {"id": "lk-6_33B3-0", "class": 0, "date": "2020-11-17", "source": "lookalike-lowwind", "verified": false}}, {"type": "Feature", "geometry": {"type": "Point", "coordinates": [6.89338, 4.69143]}, "properties": {"id": "lk-6_33B3-1", "class": 0, "date": "2020-11-17", "source": "lookalike-lowwind", "verified": false}}, {"type": "Feature", "geometry": {"type": "Point", "coordinates": [8.39801, 4.69183]}, "properties": {"id": "lk-6_33B3-2", "class": 0, "date": "2020-11-17", "source": "lookalike-lowwind", "verified": false}}, {"type": "Feature", "geometry": {"type": "Point", "coordinates": [6.96188, 4.71576]}, "properties": {"id": "lk-6_33B3-3", "class": 0, "date": "2020-11-17", "source": "lookalike-lowwind", "verified": false}}, {"type": "Feature", "geometry": {"type": "Point", "coordinates": [8.36305, 4.6731]}, "properties": {"id": "lk-6_33B3-4", "class": 0, "date": "2020-11-17", "source": "lookalike-lowwind", "verified": false}}, {"type": "Feature", "geometry": {"type": "Point", "coordinates": [6.7424, 4.81906]}, "properties": {"id": "lk-6_33B3-5", "class": 0, "date": "2020-11-17", "source": "lookalike-lowwind", "verified": false}}, {"type": "Feature", "geometry": {"type": "Point", "coordinates": [8.38414, 4.70232]}, "properties": {"id": "lk-6_33B3-6", "class": 0, "date": "2020-11-17", "source": "lookalike-lowwind", "verified": false}}, {"type": "Feature", "geometry": {"type": "Point", "coordinates": [6.09837, 4.41505]}, "properties": {"id": "lk-3_F2C5-0", "class": 0, "date": "2021-01-09", "source": "lookalike-lowwind", "verified": false}}, {"type": "Feature", "geometry": {"type": "Point", "coordinates": [5.84634, 5.28608]}, "properties": {"id": "lk-3_F2C5-1", "class": 0, "date": "2021-01-09", "source": "lookalike-lowwind", "verified": false}}, {"type": "Feature", "geometry": {"type": "Point", "coordinates": [6.04378, 4.89233]}, "properties": {"id": "lk-3_F2C5-2", "class": 0, "date": "2021-01-09", "source": "lookalike-lowwind", "verified": false}}, {"type": "Feature", "geometry": {"type": "Point", "coordinates": [6.58104, 4.71302]}, "properties": {"id": "lk-3_F2C5-3", "class": 0, "date": "2021-01-09", "source": "lookalike-lowwind", "verified": false}}, {"type": "Feature", "geometry": {"type": "Point", "coordinates": [7.01785, 4.40884]}, "properties": {"id": "lk-0_BA6E-0", "class": 0, "date": "2018-12-28", "source": "lookalike-lowwind", "verified": false}}, {"type": "Feature", "geometry": {"type": "Point", "coordinates": [6.67586, 4.26203]}, "properties": {"id": "lk-0_BA6E-1", "class": 0, "date": "2018-12-28", "source": "lookalike-lowwind", "verified": false}}, {"type": "Feature", "geometry": {"type": "Point", "coordinates": [7.28167, 4.31571]}, "properties": {"id": "lk-0_BA6E-2", "class": 0, "date": "2018-12-28", "source": "lookalike-lowwind", "verified": false}}, {"type": "Feature", "geometry": {"type": "Point", "coordinates": [7.45376, 4.23906]}, "properties": {"id": "lk-0_BA6E-3", "class": 0, "date": "2018-12-28", "source": "lookalike-lowwind", "verified": false}}, {"type": "Feature", "geometry": {"type": "Point", "coordinates": [7.31106, 4.26426]}, "properties": {"id": "lk-0_BA6E-4", "class": 0, "date": "2018-12-28", "source": "lookalike-lowwind", "verified": false}}, {"type": "Feature", "geometry": {"type": "Point", "coordinates": [7.18438, 4.35271]}, "properties": {"id": "lk-0_BA6E-5", "class": 0, "date": "2018-12-28", "source": "lookalike-lowwind", "verified": false}}, {"type": "Feature", "geometry": {"type": "Point", "coordinates": [7.28703, 4.33011]}, "properties": {"id": "lk-0_BA6E-6", "class": 0, "date": "2018-12-28", "source": "lookalike-lowwind", "verified": false}}, {"type": "Feature", "geometry": {"type": "Point", "coordinates": [6.68037, 4.29174]}, "properties": {"id": "lk-0_BA6E-7", "class": 0, "date": "2018-12-28", "source": "lookalike-lowwind", "verified": false}}, {"type": "Feature", "geometry": {"type": "Point", "coordinates": [6.24129, 4.40621]}, "properties": {"id": "lk-7_545B-0", "class": 0, "date": "2019-04-26", "source": "lookalike-lowwind", "verified": false}}, {"type": "Feature", "geometry": {"type": "Point", "coordinates": [6.23512, 4.37669]}, "properties": {"id": "lk-7_545B-1", "class": 0, "date": "2019-04-26", "source": "lookalike-lowwind", "verified": false}}, {"type": "Feature", "geometry": {"type": "Point", "coordinates": [6.62826, 5.74465]}, "properties": {"id": "lk-D_B01A-0", "class": 0, "date": "2025-02-17", "source": "lookalike-lowwind", "verified": false}}, {"type": "Feature", "geometry": {"type": "Point", "coordinates": [6.61889, 5.64305]}, "properties": {"id": "lk-D_B01A-1", "class": 0, "date": "2025-02-17", "source": "lookalike-lowwind", "verified": false}}, {"type": "Feature", "geometry": {"type": "Point", "coordinates": [7.48927, 4.42751]}, "properties": {"id": "lk-7_AA4A-0", "class": 0, "date": "2025-06-24", "source": "lookalike-lowwind", "verified": false}}, {"type": "Feature", "geometry": {"type": "Point", "coordinates": [7.06679, 4.75512]}, "properties": {"id": "lk-7_AA4A-1", "class": 0, "date": "2025-06-24", "source": "lookalike-lowwind", "verified": false}}, {"type": "Feature", "geometry": {"type": "Point", "coordinates": [8.33306, 4.66924]}, "properties": {"id": "lk-7_AA4A-2", "class": 0, "date": "2025-06-24", "source": "lookalike-lowwind", "verified": false}}, {"type": "Feature", "geometry": {"type": "Point", "coordinates": [7.50208, 4.48554]}, "properties": {"id": "lk-7_AA4A-3", "class": 0, "date": "2025-06-24", "source": "lookalike-lowwind", "verified": false}}, {"type": "Feature", "geometry": {"type": "Point", "coordinates": [8.38452, 4.65843]}, "properties": {"id": "lk-7_AA4A-4", "class": 0, "date": "2025-06-24", "source": "lookalike-lowwind", "verified": false}}, {"type": "Feature", "geometry": {"type": "Point", "coordinates": [7.76707, 4.42315]}, "properties": {"id": "lk-7_AA4A-5", "class": 0, "date": "2025-06-24", "source": "lookalike-lowwind", "verified": false}}, {"type": "Feature", "geometry": {"type": "Point", "coordinates": [6.70861, 4.54494]}, "properties": {"id": "lk-7_AA4A-6", "class": 0, "date": "2025-06-24", "source": "lookalike-lowwind", "verified": false}}, {"type": "Feature", "geometry": {"type": "Point", "coordinates": [8.47756, 4.67762]}, "properties": {"id": "lk-7_AA4A-7", "class": 0, "date": "2025-06-24", "source": "lookalike-lowwind", "verified": false}}, {"type": "Feature", "geometry": {"type": "Point", "coordinates": [6.55534, 6.15344]}, "properties": {"id": "lk-1_569A-0", "class": 0, "date": "2025-09-21", "source": "lookalike-lowwind", "verified": false}}, {"type": "Feature", "geometry": {"type": "Point", "coordinates": [6.67988, 4.43426]}, "properties": {"id": "lk-B_7415-0", "class": 0, "date": "2020-03-27", "source": "lookalike-lowwind", "verified": false}}, {"type": "Feature", "geometry": {"type": "Point", "coordinates": [6.84331, 4.43713]}, "properties": {"id": "lk-B_7415-1", "class": 0, "date": "2020-03-27", "source": "lookalike-lowwind", "verified": false}}, {"type": "Feature", "geometry": {"type": "Point", "coordinates": [6.02292, 4.07473]}, "properties": {"id": "lk-B_7415-2", "class": 0, "date": "2020-03-27", "source": "lookalike-lowwind", "verified": false}}, {"type": "Feature", "geometry": {"type": "Point", "coordinates": [6.06227, 3.99472]}, "properties": {"id": "lk-B_7415-3", "class": 0, "date": "2020-03-27", "source": "lookalike-lowwind", "verified": false}}, {"type": "Feature", "geometry": {"type": "Point", "coordinates": [6.05548, 4.04539]}, "properties": {"id": "lk-B_7415-4", "class": 0, "date": "2020-03-27", "source": "lookalike-lowwind", "verified": false}}, {"type": "Feature", "geometry": {"type": "Point", "coordinates": [5.99851, 4.0904]}, "properties": {"id": "lk-B_7415-5", "class": 0, "date": "2020-03-27", "source": "lookalike-lowwind", "verified": false}}, {"type": "Feature", "geometry": {"type": "Point", "coordinates": [6.07177, 4.03098]}, "properties": {"id": "lk-B_7415-6", "class": 0, "date": "2020-03-27", "source": "lookalike-lowwind", "verified": false}}, {"type": "Feature", "geometry": {"type": "Point", "coordinates": [5.84567, 4.09887]}, "properties": {"id": "lk-B_7415-7", "class": 0, "date": "2020-03-27", "source": "lookalike-lowwind", "verified": false}}, {"type": "Feature", "geometry": {"type": "Point", "coordinates": [8.33418, 4.66984]}, "properties": {"id": "lk-1_ECF6-0", "class": 0, "date": "2018-05-20", "source": "lookalike-lowwind", "verified": false}}, {"type": "Feature", "geometry": {"type": "Point", "coordinates": [8.38542, 4.65898]}, "properties": {"id": "lk-1_ECF6-1", "class": 0, "date": "2018-05-20", "source": "lookalike-lowwind", "verified": false}}, {"type": "Feature", "geometry": {"type": "Point", "coordinates": [8.32471, 4.69992]}, "properties": {"id": "lk-1_ECF6-2", "class": 0, "date": "2018-05-20", "source": "lookalike-lowwind", "verified": false}}, {"type": "Feature", "geometry": {"type": "Point", "coordinates": [8.30929, 4.66268]}, "properties": {"id": "lk-1_ECF6-3", "class": 0, "date": "2018-05-20", "source": "lookalike-lowwind", "verified": false}}, {"type": "Feature", "geometry": {"type": "Point", "coordinates": [8.36568, 4.63212]}, "properties": {"id": "lk-1_ECF6-4", "class": 0, "date": "2018-05-20", "source": "lookalike-lowwind", "verified": false}}, {"type": "Feature", "geometry": {"type": "Point", "coordinates": [8.39945, 4.69191]}, "properties": {"id": "lk-1_ECF6-5", "class": 0, "date": "2018-05-20", "source": "lookalike-lowwind", "verified": false}}, {"type": "Feature", "geometry": {"type": "Point", "coordinates": [7.94552, 5.79412]}, "properties": {"id": "lk-1_ECF6-6", "class": 0, "date": "2018-05-20", "source": "lookalike-lowwind", "verified": false}}, {"type": "Feature", "geometry": {"type": "Point", "coordinates": [8.3465, 4.71174]}, "properties": {"id": "lk-1_ECF6-7", "class": 0, "date": "2018-05-20", "source": "lookalike-lowwind", "verified": false}}, {"type": "Feature", "geometry": {"type": "Point", "coordinates": [8.11725, 4.47395]}, "properties": {"id": "lk-5_1752-0", "class": 0, "date": "2023-04-30", "source": "lookalike-lowwind", "verified": false}}, {"type": "Feature", "geometry": {"type": "Point", "coordinates": [7.19256, 4.54357]}, "properties": {"id": "lk-5_1752-1", "class": 0, "date": "2023-04-30", "source": "lookalike-lowwind", "verified": false}}, {"type": "Feature", "geometry": {"type": "Point", "coordinates": [7.96441, 4.50884]}, "properties": {"id": "lk-5_1752-2", "class": 0, "date": "2023-04-30", "source": "lookalike-lowwind", "verified": false}}, {"type": "Feature", "geometry": {"type": "Point", "coordinates": [6.91963, 4.56892]}, "properties": {"id": "lk-5_1752-3", "class": 0, "date": "2023-04-30", "source": "lookalike-lowwind", "verified": false}}, {"type": "Feature", "geometry": {"type": "Point", "coordinates": [6.86956, 4.59721]}, "properties": {"id": "lk-5_1752-4", "class": 0, "date": "2023-04-30", "source": "lookalike-lowwind", "verified": false}}, {"type": "Feature", "geometry": {"type": "Point", "coordinates": [7.51639, 4.44343]}, "properties": {"id": "lk-5_1752-5", "class": 0, "date": "2023-04-30", "source": "lookalike-lowwind", "verified": false}}, {"type": "Feature", "geometry": {"type": "Point", "coordinates": [8.03601, 4.43742]}, "properties": {"id": "lk-5_1752-6", "class": 0, "date": "2023-04-30", "source": "lookalike-lowwind", "verified": false}}, {"type": "Feature", "geometry": {"type": "Point", "coordinates": [8.07172, 5.90668]}, "properties": {"id": "lk-5_1752-7", "class": 0, "date": "2023-04-30", "source": "lookalike-lowwind", "verified": false}}, {"type": "Feature", "geometry": {"type": "Point", "coordinates": [4.97652, 5.8609]}, "properties": {"id": "lk-8_892E-0", "class": 0, "date": "2021-07-02", "source": "lookalike-lowwind", "verified": false}}, {"type": "Feature", "geometry": {"type": "Point", "coordinates": [5.16037, 5.52104]}, "properties": {"id": "lk-8_892E-1", "class": 0, "date": "2021-07-02", "source": "lookalike-lowwind", "verified": false}}, {"type": "Feature", "geometry": {"type": "Point", "coordinates": [5.14715, 5.47559]}, "properties": {"id": "lk-8_892E-2", "class": 0, "date": "2021-07-02", "source": "lookalike-lowwind", "verified": false}}, {"type": "Feature", "geometry": {"type": "Point", "coordinates": [5.43568, 5.40646]}, "properties": {"id": "lk-8_892E-3", "class": 0, "date": "2021-07-02", "source": "lookalike-lowwind", "verified": false}}, {"type": "Feature", "geometry": {"type": "Point", "coordinates": [5.01966, 5.71615]}, "properties": {"id": "lk-8_892E-4", "class": 0, "date": "2021-07-02", "source": "lookalike-lowwind", "verified": false}}, {"type": "Feature", "geometry": {"type": "Point", "coordinates": [4.9564, 5.83186]}, "properties": {"id": "lk-8_892E-5", "class": 0, "date": "2021-07-02", "source": "lookalike-lowwind", "verified": false}}, {"type": "Feature", "geometry": {"type": "Point", "coordinates": [5.07722, 5.64737]}, "properties": {"id": "lk-8_892E-6", "class": 0, "date": "2021-07-02", "source": "lookalike-lowwind", "verified": false}}, {"type": "Feature", "geometry": {"type": "Point", "coordinates": [5.10403, 5.65073]}, "properties": {"id": "lk-8_892E-7", "class": 0, "date": "2021-07-02", "source": "lookalike-lowwind", "verified": false}}, {"type": "Feature", "geometry": {"type": "Point", "coordinates": [6.72002, 4.08262]}, "properties": {"id": "lk-C_D4AB-0", "class": 0, "date": "2023-12-01", "source": "lookalike-lowwind", "verified": false}}, {"type": "Feature", "geometry": {"type": "Point", "coordinates": [6.77873, 4.10533]}, "properties": {"id": "lk-C_D4AB-1", "class": 0, "date": "2023-12-01", "source": "lookalike-lowwind", "verified": false}}, {"type": "Feature", "geometry": {"type": "Point", "coordinates": [6.75933, 4.05529]}, "properties": {"id": "lk-C_D4AB-2", "class": 0, "date": "2023-12-01", "source": "lookalike-lowwind", "verified": false}}, {"type": "Feature", "geometry": {"type": "Point", "coordinates": [6.84752, 4.40112]}, "properties": {"id": "lk-C_D4AB-3", "class": 0, "date": "2023-12-01", "source": "lookalike-lowwind", "verified": false}}, {"type": "Feature", "geometry": {"type": "Point", "coordinates": [6.40059, 4.02936]}, "properties": {"id": "lk-C_D4AB-4", "class": 0, "date": "2023-12-01", "source": "lookalike-lowwind", "verified": false}}, {"type": "Feature", "geometry": {"type": "Point", "coordinates": [6.47079, 4.12237]}, "properties": {"id": "lk-C_D4AB-5", "class": 0, "date": "2023-12-01", "source": "lookalike-lowwind", "verified": false}}, {"type": "Feature", "geometry": {"type": "Point", "coordinates": [6.73833, 4.24445]}, "properties": {"id": "lk-C_D4AB-6", "class": 0, "date": "2023-12-01", "source": "lookalike-lowwind", "verified": false}}, {"type": "Feature", "geometry": {"type": "Point", "coordinates": [6.54397, 4.19132]}, "properties": {"id": "lk-C_D4AB-7", "class": 0, "date": "2023-12-01", "source": "lookalike-lowwind", "verified": false}}, {"type": "Feature", "geometry": {"type": "Point", "coordinates": [6.64253, 5.75068]}, "properties": {"id": "lk-F_3993-0", "class": 0, "date": "2024-04-11", "source": "lookalike-lowwind", "verified": false}}, {"type": "Feature", "geometry": {"type": "Point", "coordinates": [6.67727, 5.89773]}, "properties": {"id": "lk-F_3993-1", "class": 0, "date": "2024-04-11", "source": "lookalike-lowwind", "verified": false}}, {"type": "Feature", "geometry": {"type": "Point", "coordinates": [6.6094, 5.66037]}, "properties": {"id": "lk-F_3993-2", "class": 0, "date": "2024-04-11", "source": "lookalike-lowwind", "verified": false}}, {"type": "Feature", "geometry": {"type": "Point", "coordinates": [5.58579, 5.6653]}, "properties": {"id": "lk-F_3993-3", "class": 0, "date": "2024-04-11", "source": "lookalike-lowwind", "verified": false}}, {"type": "Feature", "geometry": {"type": "Point", "coordinates": [5.90098, 4.09784]}, "properties": {"id": "lk-9_1E9D-0", "class": 0, "date": "2025-04-30", "source": "lookalike-lowwind", "verified": false}}, {"type": "Feature", "geometry": {"type": "Point", "coordinates": [5.77135, 4.24656]}, "properties": {"id": "lk-9_1E9D-1", "class": 0, "date": "2025-04-30", "source": "lookalike-lowwind", "verified": false}}, {"type": "Feature", "geometry": {"type": "Point", "coordinates": [6.71665, 4.09364]}, "properties": {"id": "lk-9_1E9D-2", "class": 0, "date": "2025-04-30", "source": "lookalike-lowwind", "verified": false}}, {"type": "Feature", "geometry": {"type": "Point", "coordinates": [6.84106, 4.44316]}, "properties": {"id": "lk-9_1E9D-5", "class": 0, "date": "2025-04-30", "source": "lookalike-lowwind", "verified": false}}, {"type": "Feature", "geometry": {"type": "Point", "coordinates": [6.75631, 4.06451]}, "properties": {"id": "lk-9_1E9D-6", "class": 0, "date": "2025-04-30", "source": "lookalike-lowwind", "verified": false}}, {"type": "Feature", "geometry": {"type": "Point", "coordinates": [6.71277, 4.41981]}, "properties": {"id": "lk-F_9683-0", "class": 0, "date": "2020-03-03", "source": "lookalike-lowwind", "verified": false}}, {"type": "Feature", "geometry": {"type": "Point", "coordinates": [6.06263, 3.99478]}, "properties": {"id": "lk-F_9683-1", "class": 0, "date": "2020-03-03", "source": "lookalike-lowwind", "verified": false}}, {"type": "Feature", "geometry": {"type": "Point", "coordinates": [5.85206, 4.05869]}, "properties": {"id": "lk-F_9683-2", "class": 0, "date": "2020-03-03", "source": "lookalike-lowwind", "verified": false}}, {"type": "Feature", "geometry": {"type": "Point", "coordinates": [6.72049, 4.44645]}, "properties": {"id": "lk-F_9683-3", "class": 0, "date": "2020-03-03", "source": "lookalike-lowwind", "verified": false}}, {"type": "Feature", "geometry": {"type": "Point", "coordinates": [6.07181, 4.03259]}, "properties": {"id": "lk-F_9683-4", "class": 0, "date": "2020-03-03", "source": "lookalike-lowwind", "verified": false}}, {"type": "Feature", "geometry": {"type": "Point", "coordinates": [6.10655, 4.00576]}, "properties": {"id": "lk-F_9683-5", "class": 0, "date": "2020-03-03", "source": "lookalike-lowwind", "verified": false}}, {"type": "Feature", "geometry": {"type": "Point", "coordinates": [6.07594, 4.05373]}, "properties": {"id": "lk-F_9683-6", "class": 0, "date": "2020-03-03", "source": "lookalike-lowwind", "verified": false}}, {"type": "Feature", "geometry": {"type": "Point", "coordinates": [6.05665, 4.11122]}, "properties": {"id": "lk-F_9683-7", "class": 0, "date": "2020-03-03", "source": "lookalike-lowwind", "verified": false}}, {"type": "Feature", "geometry": {"type": "Point", "coordinates": [5.15347, 5.77999]}, "properties": {"id": "lk-E_13DD-0", "class": 0, "date": "2023-02-27", "source": "lookalike-lowwind", "verified": false}}, {"type": "Feature", "geometry": {"type": "Point", "coordinates": [5.20242, 5.86122]}, "properties": {"id": "lk-E_13DD-1", "class": 0, "date": "2023-02-27", "source": "lookalike-lowwind", "verified": false}}, {"type": "Feature", "geometry": {"type": "Point", "coordinates": [5.16806, 5.74848]}, "properties": {"id": "lk-E_13DD-2", "class": 0, "date": "2023-02-27", "source": "lookalike-lowwind", "verified": false}}, {"type": "Feature", "geometry": {"type": "Point", "coordinates": [5.1423, 5.80335]}, "properties": {"id": "lk-E_13DD-3", "class": 0, "date": "2023-02-27", "source": "lookalike-lowwind", "verified": false}}, {"type": "Feature", "geometry": {"type": "Point", "coordinates": [6.3457, 4.441]}, "properties": {"id": "lk-A_6752-0", "class": 0, "date": "2024-08-15", "source": "lookalike-lowwind", "verified": false}}, {"type": "Feature", "geometry": {"type": "Point", "coordinates": [6.91907, 4.64242]}, "properties": {"id": "lk-A_6752-1", "class": 0, "date": "2024-08-15", "source": "lookalike-lowwind", "verified": false}}, {"type": "Feature", "geometry": {"type": "Point", "coordinates": [6.61539, 4.61319]}, "properties": {"id": "lk-A_6752-2", "class": 0, "date": "2024-08-15", "source": "lookalike-lowwind", "verified": false}}, {"type": "Feature", "geometry": {"type": "Point", "coordinates": [6.19668, 4.4341]}, "properties": {"id": "lk-A_6752-3", "class": 0, "date": "2024-08-15", "source": "lookalike-lowwind", "verified": false}}, {"type": "Feature", "geometry": {"type": "Point", "coordinates": [6.08708, 4.43479]}, "properties": {"id": "lk-A_6752-4", "class": 0, "date": "2024-08-15", "source": "lookalike-lowwind", "verified": false}}, {"type": "Feature", "geometry": {"type": "Point", "coordinates": [6.31068, 4.42191]}, "properties": {"id": "lk-A_6752-5", "class": 0, "date": "2024-08-15", "source": "lookalike-lowwind", "verified": false}}, {"type": "Feature", "geometry": {"type": "Point", "coordinates": [6.25331, 4.45165]}, "properties": {"id": "lk-A_6752-6", "class": 0, "date": "2024-08-15", "source": "lookalike-lowwind", "verified": false}}, {"type": "Feature", "geometry": {"type": "Point", "coordinates": [5.99186, 4.43967]}, "properties": {"id": "lk-A_6752-7", "class": 0, "date": "2024-08-15", "source": "lookalike-lowwind", "verified": false}}, {"type": "Feature", "geometry": {"type": "Point", "coordinates": [7.18334, 4.48244]}, "properties": {"id": "lk-2_5FC1-0", "class": 0, "date": "2019-06-14", "source": "lookalike-lowwind", "verified": false}}, {"type": "Feature", "geometry": {"type": "Point", "coordinates": [7.05195, 4.55138]}, "properties": {"id": "lk-2_5FC1-1", "class": 0, "date": "2019-06-14", "source": "lookalike-lowwind", "verified": false}}, {"type": "Feature", "geometry": {"type": "Point", "coordinates": [8.25927, 5.07179]}, "properties": {"id": "lk-2_5FC1-2", "class": 0, "date": "2019-06-14", "source": "lookalike-lowwind", "verified": false}}, {"type": "Feature", "geometry": {"type": "Point", "coordinates": [7.16868, 4.60257]}, "properties": {"id": "lk-2_5FC1-3", "class": 0, "date": "2019-06-14", "source": "lookalike-lowwind", "verified": false}}, {"type": "Feature", "geometry": {"type": "Point", "coordinates": [8.1543, 5.0153]}, "properties": {"id": "lk-2_5FC1-4", "class": 0, "date": "2019-06-14", "source": "lookalike-lowwind", "verified": false}}, {"type": "Feature", "geometry": {"type": "Point", "coordinates": [7.55408, 4.41696]}, "properties": {"id": "lk-2_5FC1-5", "class": 0, "date": "2019-06-14", "source": "lookalike-lowwind", "verified": false}}, {"type": "Feature", "geometry": {"type": "Point", "coordinates": [7.52107, 4.62601]}, "properties": {"id": "lk-2_5FC1-6", "class": 0, "date": "2019-06-14", "source": "lookalike-lowwind", "verified": false}}, {"type": "Feature", "geometry": {"type": "Point", "coordinates": [6.97292, 4.67581]}, "properties": {"id": "lk-2_5FC1-7", "class": 0, "date": "2019-06-14", "source": "lookalike-lowwind", "verified": false}}, {"type": "Feature", "geometry": {"type": "Point", "coordinates": [8.40459, 6.13788]}, "properties": {"id": "lk-C_65C8-0", "class": 0, "date": "2021-07-03", "source": "lookalike-lowwind", "verified": false}}, {"type": "Feature", "geometry": {"type": "Point", "coordinates": [8.37676, 6.10619]}, "properties": {"id": "lk-C_65C8-1", "class": 0, "date": "2021-07-03", "source": "lookalike-lowwind", "verified": false}}, {"type": "Feature", "geometry": {"type": "Point", "coordinates": [8.45964, 6.09967]}, "properties": {"id": "lk-1_ABF8-0", "class": 0, "date": "2019-04-16", "source": "lookalike-lowwind", "verified": false}}, {"type": "Feature", "geometry": {"type": "Point", "coordinates": [5.17833, 5.73867]}, "properties": {"id": "lk-5_77DE-0", "class": 0, "date": "2020-09-10", "source": "lookalike-lowwind", "verified": false}}, {"type": "Feature", "geometry": {"type": "Point", "coordinates": [5.15018, 5.82453]}, "properties": {"id": "lk-5_77DE-1", "class": 0, "date": "2020-09-10", "source": "lookalike-lowwind", "verified": false}}, {"type": "Feature", "geometry": {"type": "Point", "coordinates": [5.19462, 5.85739]}, "properties": {"id": "lk-5_77DE-2", "class": 0, "date": "2020-09-10", "source": "lookalike-lowwind", "verified": false}}, {"type": "Feature", "geometry": {"type": "Point", "coordinates": [6.78275, 4.11377]}, "properties": {"id": "lk-7_9A4E-0", "class": 0, "date": "2021-10-25", "source": "lookalike-lowwind", "verified": false}}, {"type": "Feature", "geometry": {"type": "Point", "coordinates": [7.25711, 4.12124]}, "properties": {"id": "lk-7_9A4E-1", "class": 0, "date": "2021-10-25", "source": "lookalike-lowwind", "verified": false}}, {"type": "Feature", "geometry": {"type": "Point", "coordinates": [6.78231, 4.07445]}, "properties": {"id": "lk-7_9A4E-2", "class": 0, "date": "2021-10-25", "source": "lookalike-lowwind", "verified": false}}, {"type": "Feature", "geometry": {"type": "Point", "coordinates": [7.06457, 4.42339]}, "properties": {"id": "lk-7_9A4E-3", "class": 0, "date": "2021-10-25", "source": "lookalike-lowwind", "verified": false}}, {"type": "Feature", "geometry": {"type": "Point", "coordinates": [7.04682, 4.39257]}, "properties": {"id": "lk-7_9A4E-4", "class": 0, "date": "2021-10-25", "source": "lookalike-lowwind", "verified": false}}, {"type": "Feature", "geometry": {"type": "Point", "coordinates": [7.09179, 4.44713]}, "properties": {"id": "lk-7_9A4E-5", "class": 0, "date": "2021-10-25", "source": "lookalike-lowwind", "verified": false}}, {"type": "Feature", "geometry": {"type": "Point", "coordinates": [7.1027, 4.42057]}, "properties": {"id": "lk-7_9A4E-6", "class": 0, "date": "2021-10-25", "source": "lookalike-lowwind", "verified": false}}, {"type": "Feature", "geometry": {"type": "Point", "coordinates": [6.84, 4.06346]}, "properties": {"id": "lk-7_9A4E-7", "class": 0, "date": "2021-10-25", "source": "lookalike-lowwind", "verified": false}}, {"type": "Feature", "geometry": {"type": "Point", "coordinates": [8.4049, 6.13924]}, "properties": {"id": "lk-F_5F6C-0", "class": 0, "date": "2018-07-07", "source": "lookalike-lowwind", "verified": false}}, {"type": "Feature", "geometry": {"type": "Point", "coordinates": [8.3771, 6.10734]}, "properties": {"id": "lk-F_5F6C-1", "class": 0, "date": "2018-07-07", "source": "lookalike-lowwind", "verified": false}}, {"type": "Feature", "geometry": {"type": "Point", "coordinates": [8.49907, 6.05402]}, "properties": {"id": "lk-A_28DA-0", "class": 0, "date": "2022-11-14", "source": "lookalike-lowwind", "verified": false}}, {"type": "Feature", "geometry": {"type": "Point", "coordinates": [8.45964, 6.09973]}, "properties": {"id": "lk-A_28DA-1", "class": 0, "date": "2022-11-14", "source": "lookalike-lowwind", "verified": false}}, {"type": "Feature", "geometry": {"type": "Point", "coordinates": [8.37968, 4.65795]}, "properties": {"id": "lk-7_42CF-0", "class": 0, "date": "2022-07-10", "source": "lookalike-lowwind", "verified": false}}, {"type": "Feature", "geometry": {"type": "Point", "coordinates": [8.47481, 4.67758]}, "properties": {"id": "lk-7_42CF-1", "class": 0, "date": "2022-07-10", "source": "lookalike-lowwind", "verified": false}}, {"type": "Feature", "geometry": {"type": "Point", "coordinates": [8.39408, 4.69095]}, "properties": {"id": "lk-7_42CF-2", "class": 0, "date": "2022-07-10", "source": "lookalike-lowwind", "verified": false}}, {"type": "Feature", "geometry": {"type": "Point", "coordinates": [8.31074, 4.77127]}, "properties": {"id": "lk-7_42CF-3", "class": 0, "date": "2022-07-10", "source": "lookalike-lowwind", "verified": false}}, {"type": "Feature", "geometry": {"type": "Point", "coordinates": [8.32811, 4.74724]}, "properties": {"id": "lk-7_42CF-4", "class": 0, "date": "2022-07-10", "source": "lookalike-lowwind", "verified": false}}, {"type": "Feature", "geometry": {"type": "Point", "coordinates": [8.34261, 4.66605]}, "properties": {"id": "lk-7_42CF-5", "class": 0, "date": "2022-07-10", "source": "lookalike-lowwind", "verified": false}}, {"type": "Feature", "geometry": {"type": "Point", "coordinates": [8.35843, 4.67207]}, "properties": {"id": "lk-7_42CF-6", "class": 0, "date": "2022-07-10", "source": "lookalike-lowwind", "verified": false}}, {"type": "Feature", "geometry": {"type": "Point", "coordinates": [8.56796, 4.65827]}, "properties": {"id": "lk-7_42CF-7", "class": 0, "date": "2022-07-10", "source": "lookalike-lowwind", "verified": false}}, {"type": "Feature", "geometry": {"type": "Point", "coordinates": [7.16834, 4.6387]}, "properties": {"id": "lk-7_6A17-0", "class": 0, "date": "2019-08-31", "source": "lookalike-lowwind", "verified": false}}, {"type": "Feature", "geometry": {"type": "Point", "coordinates": [7.96109, 5.77482]}, "properties": {"id": "lk-7_6A17-1", "class": 0, "date": "2019-08-31", "source": "lookalike-lowwind", "verified": false}}, {"type": "Feature", "geometry": {"type": "Point", "coordinates": [7.99029, 5.67899]}, "properties": {"id": "lk-7_6A17-2", "class": 0, "date": "2019-08-31", "source": "lookalike-lowwind", "verified": false}}, {"type": "Feature", "geometry": {"type": "Point", "coordinates": [7.25986, 4.63402]}, "properties": {"id": "lk-7_6A17-3", "class": 0, "date": "2019-08-31", "source": "lookalike-lowwind", "verified": false}}, {"type": "Feature", "geometry": {"type": "Point", "coordinates": [6.98876, 4.64282]}, "properties": {"id": "lk-7_6A17-4", "class": 0, "date": "2019-08-31", "source": "lookalike-lowwind", "verified": false}}, {"type": "Feature", "geometry": {"type": "Point", "coordinates": [7.95046, 5.78642]}, "properties": {"id": "lk-7_6A17-5", "class": 0, "date": "2019-08-31", "source": "lookalike-lowwind", "verified": false}}, {"type": "Feature", "geometry": {"type": "Point", "coordinates": [8.1033, 5.08186]}, "properties": {"id": "lk-7_6A17-6", "class": 0, "date": "2019-08-31", "source": "lookalike-lowwind", "verified": false}}, {"type": "Feature", "geometry": {"type": "Point", "coordinates": [8.18633, 5.03367]}, "properties": {"id": "lk-7_6A17-7", "class": 0, "date": "2019-08-31", "source": "lookalike-lowwind", "verified": false}}, {"type": "Feature", "geometry": {"type": "Point", "coordinates": [4.84777, 5.62867]}, "properties": {"id": "lk-F_FD0C-0", "class": 0, "date": "2022-12-29", "source": "lookalike-lowwind", "verified": false}}, {"type": "Feature", "geometry": {"type": "Point", "coordinates": [4.8533, 5.6227]}, "properties": {"id": "lk-F_FD0C-1", "class": 0, "date": "2022-12-29", "source": "lookalike-lowwind", "verified": false}}, {"type": "Feature", "geometry": {"type": "Point", "coordinates": [4.9932, 5.30514]}, "properties": {"id": "lk-F_FD0C-2", "class": 0, "date": "2022-12-29", "source": "lookalike-lowwind", "verified": false}}, {"type": "Feature", "geometry": {"type": "Point", "coordinates": [5.23479, 5.79489]}, "properties": {"id": "lk-B_ABD7-0", "class": 0, "date": "2020-12-16", "source": "lookalike-lowwind", "verified": false}}, {"type": "Feature", "geometry": {"type": "Point", "coordinates": [6.44752, 5.05125]}, "properties": {"id": "lk-B_ABD7-1", "class": 0, "date": "2020-12-16", "source": "lookalike-lowwind", "verified": false}}, {"type": "Feature", "geometry": {"type": "Point", "coordinates": [6.59851, 4.55963]}, "properties": {"id": "lk-B_ABD7-2", "class": 0, "date": "2020-12-16", "source": "lookalike-lowwind", "verified": false}}, {"type": "Feature", "geometry": {"type": "Point", "coordinates": [6.38051, 5.24895]}, "properties": {"id": "lk-B_ABD7-3", "class": 0, "date": "2020-12-16", "source": "lookalike-lowwind", "verified": false}}, {"type": "Feature", "geometry": {"type": "Point", "coordinates": [6.33968, 5.31914]}, "properties": {"id": "lk-B_ABD7-4", "class": 0, "date": "2020-12-16", "source": "lookalike-lowwind", "verified": false}}, {"type": "Feature", "geometry": {"type": "Point", "coordinates": [6.81162, 4.56554]}, "properties": {"id": "lk-B_ABD7-5", "class": 0, "date": "2020-12-16", "source": "lookalike-lowwind", "verified": false}}, {"type": "Feature", "geometry": {"type": "Point", "coordinates": [6.93217, 4.6233]}, "properties": {"id": "lk-B_ABD7-6", "class": 0, "date": "2020-12-16", "source": "lookalike-lowwind", "verified": false}}, {"type": "Feature", "geometry": {"type": "Point", "coordinates": [6.7632, 4.80778]}, "properties": {"id": "lk-B_ABD7-7", "class": 0, "date": "2020-12-16", "source": "lookalike-lowwind", "verified": false}}, {"type": "Feature", "geometry": {"type": "Point", "coordinates": [7.56926, 4.41708]}, "properties": {"id": "lk-3_F1EC-0", "class": 0, "date": "2020-10-18", "source": "lookalike-lowwind", "verified": false}}, {"type": "Feature", "geometry": {"type": "Point", "coordinates": [7.5828, 4.42614]}, "properties": {"id": "lk-3_F1EC-1", "class": 0, "date": "2020-10-18", "source": "lookalike-lowwind", "verified": false}}, {"type": "Feature", "geometry": {"type": "Point", "coordinates": [7.73211, 4.41958]}, "properties": {"id": "lk-3_F1EC-2", "class": 0, "date": "2020-10-18", "source": "lookalike-lowwind", "verified": false}}, {"type": "Feature", "geometry": {"type": "Point", "coordinates": [7.48302, 4.43692]}, "properties": {"id": "lk-3_F1EC-3", "class": 0, "date": "2020-10-18", "source": "lookalike-lowwind", "verified": false}}, {"type": "Feature", "geometry": {"type": "Point", "coordinates": [7.80711, 4.37639]}, "properties": {"id": "lk-3_F1EC-4", "class": 0, "date": "2020-10-18", "source": "lookalike-lowwind", "verified": false}}, {"type": "Feature", "geometry": {"type": "Point", "coordinates": [8.40046, 4.24645]}, "properties": {"id": "lk-3_F1EC-5", "class": 0, "date": "2020-10-18", "source": "lookalike-lowwind", "verified": false}}, {"type": "Feature", "geometry": {"type": "Point", "coordinates": [8.43649, 4.72745]}, "properties": {"id": "lk-3_F1EC-6", "class": 0, "date": "2020-10-18", "source": "lookalike-lowwind", "verified": false}}, {"type": "Feature", "geometry": {"type": "Point", "coordinates": [7.69251, 4.46451]}, "properties": {"id": "lk-3_F1EC-7", "class": 0, "date": "2020-10-18", "source": "lookalike-lowwind", "verified": false}}, {"type": "Feature", "geometry": {"type": "Point", "coordinates": [6.61802, 5.364]}, "properties": {"id": "lk-D_90D2-0", "class": 0, "date": "2022-01-28", "source": "lookalike-lowwind", "verified": false}}, {"type": "Feature", "geometry": {"type": "Point", "coordinates": [6.62275, 5.63198]}, "properties": {"id": "lk-D_90D2-1", "class": 0, "date": "2022-01-28", "source": "lookalike-lowwind", "verified": false}}, {"type": "Feature", "geometry": {"type": "Point", "coordinates": [6.34758, 5.14517]}, "properties": {"id": "lk-D_90D2-2", "class": 0, "date": "2022-01-28", "source": "lookalike-lowwind", "verified": false}}, {"type": "Feature", "geometry": {"type": "Point", "coordinates": [6.53211, 5.53098]}, "properties": {"id": "lk-D_90D2-3", "class": 0, "date": "2022-01-28", "source": "lookalike-lowwind", "verified": false}}, {"type": "Feature", "geometry": {"type": "Point", "coordinates": [6.64224, 5.78526]}, "properties": {"id": "lk-D_90D2-4", "class": 0, "date": "2022-01-28", "source": "lookalike-lowwind", "verified": false}}, {"type": "Feature", "geometry": {"type": "Point", "coordinates": [6.66394, 5.86617]}, "properties": {"id": "lk-D_90D2-5", "class": 0, "date": "2022-01-28", "source": "lookalike-lowwind", "verified": false}}, {"type": "Feature", "geometry": {"type": "Point", "coordinates": [6.74399, 4.45793]}, "properties": {"id": "lk-3_AEF5-0", "class": 0, "date": "2023-08-15", "source": "lookalike-lowwind", "verified": false}}, {"type": "Feature", "geometry": {"type": "Point", "coordinates": [6.14007, 4.41202]}, "properties": {"id": "lk-3_AEF5-1", "class": 0, "date": "2023-08-15", "source": "lookalike-lowwind", "verified": false}}, {"type": "Feature", "geometry": {"type": "Point", "coordinates": [6.9352, 4.43622]}, "properties": {"id": "lk-3_AEF5-2", "class": 0, "date": "2023-08-15", "source": "lookalike-lowwind", "verified": false}}, {"type": "Feature", "geometry": {"type": "Point", "coordinates": [6.69853, 4.45296]}, "properties": {"id": "lk-3_AEF5-3", "class": 0, "date": "2023-08-15", "source": "lookalike-lowwind", "verified": false}}, {"type": "Feature", "geometry": {"type": "Point", "coordinates": [6.83983, 4.44417]}, "properties": {"id": "lk-3_AEF5-4", "class": 0, "date": "2023-08-15", "source": "lookalike-lowwind", "verified": false}}, {"type": "Feature", "geometry": {"type": "Point", "coordinates": [6.57035, 4.49849]}, "properties": {"id": "lk-3_AEF5-5", "class": 0, "date": "2023-08-15", "source": "lookalike-lowwind", "verified": false}}, {"type": "Feature", "geometry": {"type": "Point", "coordinates": [6.67327, 4.45948]}, "properties": {"id": "lk-3_AEF5-6", "class": 0, "date": "2023-08-15", "source": "lookalike-lowwind", "verified": false}}, {"type": "Feature", "geometry": {"type": "Point", "coordinates": [6.66933, 4.42161]}, "properties": {"id": "lk-3_AEF5-7", "class": 0, "date": "2023-08-15", "source": "lookalike-lowwind", "verified": false}}, {"type": "Feature", "geometry": {"type": "Point", "coordinates": [8.45961, 6.09962]}, "properties": {"id": "lk-5_EB56-0", "class": 0, "date": "2025-01-26", "source": "lookalike-lowwind", "verified": false}}, {"type": "Feature", "geometry": {"type": "Point", "coordinates": [5.58145, 4.27655]}, "properties": {"id": "lk-7_AB88-0", "class": 0, "date": "2025-05-30", "source": "lookalike-lowwind", "verified": false}}, {"type": "Feature", "geometry": {"type": "Point", "coordinates": [5.56133, 4.38702]}, "properties": {"id": "lk-7_AB88-1", "class": 0, "date": "2025-05-30", "source": "lookalike-lowwind", "verified": false}}, {"type": "Feature", "geometry": {"type": "Point", "coordinates": [5.30203, 4.58183]}, "properties": {"id": "lk-7_AB88-2", "class": 0, "date": "2025-05-30", "source": "lookalike-lowwind", "verified": false}}, {"type": "Feature", "geometry": {"type": "Point", "coordinates": [5.35374, 4.53768]}, "properties": {"id": "lk-7_AB88-3", "class": 0, "date": "2025-05-30", "source": "lookalike-lowwind", "verified": false}}, {"type": "Feature", "geometry": {"type": "Point", "coordinates": [5.5476, 4.37148]}, "properties": {"id": "lk-7_AB88-4", "class": 0, "date": "2025-05-30", "source": "lookalike-lowwind", "verified": false}}, {"type": "Feature", "geometry": {"type": "Point", "coordinates": [5.57285, 4.26902]}, "properties": {"id": "lk-7_AB88-5", "class": 0, "date": "2025-05-30", "source": "lookalike-lowwind", "verified": false}}, {"type": "Feature", "geometry": {"type": "Point", "coordinates": [5.49818, 4.39555]}, "properties": {"id": "lk-7_AB88-6", "class": 0, "date": "2025-05-30", "source": "lookalike-lowwind", "verified": false}}, {"type": "Feature", "geometry": {"type": "Point", "coordinates": [6.26386, 4.42703]}, "properties": {"id": "lk-7_AB88-7", "class": 0, "date": "2025-05-30", "source": "lookalike-lowwind", "verified": false}}]}